actual_mime,extension_mismatch,id,source_url,path,asset_type,width,height,bytes,download_status,production_status,recommended_section,quality_notes,sha256,provider_name,provider_category,source_pages
image/png,False,asset-5cfd146dba20,http://cluster.skysend.ru:6721/image.php?provider=1025,assets/originals/providers/provider-1025.png,provider-logo,150,150,8210,verified,approved-original,home.providers / providers.catalog,Логотип из действующего публичного каталога SkySend. Не увеличивать выше исходного разрешения; сохранить цвета и пропорции. Существование в каталоге не подтверждает доступность платежей.,855ac0aa3c0805794365c256418ef77710a2e7cc0ae5e7aa632ade0528c72244,Xsolla. Fantastic Fishing,Игры,providers.php
image/png,False,asset-6f4849680dce,http://cluster.skysend.ru:6721/image.php?provider=1026,assets/originals/providers/provider-1026.png,provider-logo,150,150,21816,verified,approved-original,home.providers / providers.catalog,Логотип из действующего публичного каталога SkySend. Не увеличивать выше исходного разрешения; сохранить цвета и пропорции. Существование в каталоге не подтверждает доступность платежей.,391acafb2e7a7964095ec1898852026c36ffbda6baa63b781bfd0b9443b4e565,Xsolla. PANZAR.RU,Игры,providers.php
image/png,False,asset-75363cf5b44e,http://cluster.skysend.ru:6721/image.php?provider=1033,assets/originals/providers/provider-1033.png,provider-logo,150,150,7217,verified,approved-original,home.providers / providers.catalog,Логотип из действующего публичного каталога SkySend. Не увеличивать выше исходного разрешения; сохранить цвета и пропорции. Существование в каталоге не подтверждает доступность платежей.,0d87a40635d94419c05a6c42830d107cb6d22a2cff5e3b59d3cd504a64771f97,Xsolla. Моя ферма,Игры,providers.php
image/png,False,asset-5fa55c3bc0d3,http://cluster.skysend.ru:6721/image.php?provider=1035,assets/originals/providers/provider-1035.png,provider-logo,150,150,7772,verified,approved-original,home.providers / providers.catalog,Логотип из действующего публичного каталога SkySend. Не увеличивать выше исходного разрешения; сохранить цвета и пропорции. Существование в каталоге не подтверждает доступность платежей.,1dd0e15ac3a4619210887371664985386d1c466f54954211eca69f6ea0a09b09,Xsolla. 9 Драконов,Игры,providers.php
image/png,False,asset-f14db523a435,http://cluster.skysend.ru:6721/image.php?provider=1038,assets/originals/providers/provider-1038.png,provider-logo,150,150,29047,verified,approved-original,home.providers / providers.catalog,Логотип из действующего публичного каталога SkySend. Не увеличивать выше исходного разрешения; сохранить цвета и пропорции. Существование в каталоге не подтверждает доступность платежей.,b766abfbc453d8f9a667d7256cb8194424066f0a69661a06e6e3d007fa2df003,Xsolla. Стальной легион,Игры,providers.php
image/png,False,asset-57a0b31c5580,http://cluster.skysend.ru:6721/image.php?provider=1074,assets/originals/providers/provider-1074.png,provider-logo,150,150,24424,verified,approved-original,home.providers / providers.catalog,Логотип из действующего публичного каталога SkySend. Не увеличивать выше исходного разрешения; сохранить цвета и пропорции. Существование в каталоге не подтверждает доступность платежей.,c7b42abafa6ec2173d280b7b1c8d36823d69c36277e4efe1553e8c3bba9124e9,Галактика знакомств. Galaxy,Социальные сети,providers.php
image/png,False,asset-ca9f4021a721,http://cluster.skysend.ru:6721/image.php?provider=1082,assets/originals/providers/provider-1082.png,provider-logo,150,150,19356,verified,approved-original,home.providers / providers.catalog,Логотип из действующего публичного каталога SkySend. Не увеличивать выше исходного разрешения; сохранить цвета и пропорции. Существование в каталоге не подтверждает доступность платежей.,52156aae055dc9ddbaf5567362994c03b6f3319d6b9b1d7fc879f9f95ad79f74,"МТС. Домашний интернет, телефония 11 или 13 знаков",Интернет,providers.php
image/png,False,asset-9719e3e1ca57,http://cluster.skysend.ru:6721/image.php?provider=1098,assets/originals/providers/provider-1098.png,provider-logo,150,150,3768,verified,approved-original,home.providers / providers.catalog,Логотип из действующего публичного каталога SkySend. Не увеличивать выше исходного разрешения; сохранить цвета и пропорции. Существование в каталоге не подтверждает доступность платежей.,6ff98024e0dcde370a81ec453bfb30f5265c9cd3e43608993dd8e2462a655d6d,Совкомбанк,Банки и кредиты,providers.php
image/png,False,asset-37763ed07c7f,http://cluster.skysend.ru:6721/image.php?provider=1134,assets/originals/providers/provider-1134.png,provider-logo,150,150,7354,verified,approved-original,home.providers / providers.catalog,Логотип из действующего публичного каталога SkySend. Не увеличивать выше исходного разрешения; сохранить цвета и пропорции. Существование в каталоге не подтверждает доступность платежей.,b01d67902561045d116e1dd1198acb8b839c2ca180ef2dbb3849213c08b22745,Win Mobile (К-телеком),Сотовая связь,providers.php
image/png,False,asset-dd5a9ec65735,http://cluster.skysend.ru:6721/image.php?provider=1148,assets/originals/providers/provider-1148.png,provider-logo,150,150,4257,verified,approved-original,home.providers / providers.catalog,Логотип из действующего публичного каталога SkySend. Не увеличивать выше исходного разрешения; сохранить цвета и пропорции. Существование в каталоге не подтверждает доступность платежей.,18f3802e6f3ed17d1dc7eb00a6e424ca6d149c753638ef0f999376c6b3bf7a6a,Градострой ООО,ЖКХ,providers.php
image/png,False,asset-3958e5703760,http://cluster.skysend.ru:6721/image.php?provider=1152,assets/originals/providers/provider-1152.png,provider-logo,150,150,8998,verified,approved-original,home.providers / providers.catalog,Логотип из действующего публичного каталога SkySend. Не увеличивать выше исходного разрешения; сохранить цвета и пропорции. Существование в каталоге не подтверждает доступность платежей.,3fac929a8fd12ceb29a3e688b8a4b9ad2d480961c2da7a72a2af4f00f3be52b7,ГарантСтрой-Юг УК,ЖКХ,providers.php
image/png,False,asset-dd1cd4b31dce,http://cluster.skysend.ru:6721/image.php?provider=1159,assets/originals/providers/provider-1159.png,provider-logo,150,150,9093,verified,approved-original,home.providers / providers.catalog,Логотип из действующего публичного каталога SkySend. Не увеличивать выше исходного разрешения; сохранить цвета и пропорции. Существование в каталоге не подтверждает доступность платежей.,eb1c07732dbd53f575f4b02d82f4a30ae0889d62e3a09d912406373cee979173,Управляющая компания ООО,ЖКХ,providers.php
image/png,False,asset-c231c4c7d5c3,http://cluster.skysend.ru:6721/image.php?provider=1160,assets/originals/providers/provider-1160.png,provider-logo,150,150,10450,verified,approved-original,home.providers / providers.catalog,Логотип из действующего публичного каталога SkySend. Не увеличивать выше исходного разрешения; сохранить цвета и пропорции. Существование в каталоге не подтверждает доступность платежей.,ac8b1706a5b6d2211f9b6687b2e739ed16dd2b3ff25380adcf1229e1c64ad013,"УК ""Управдом"" ООО",ЖКХ,providers.php
image/png,False,asset-05a0da4865e9,http://cluster.skysend.ru:6721/image.php?provider=1164,assets/originals/providers/provider-1164.png,provider-logo,150,150,6575,verified,approved-original,home.providers / providers.catalog,Логотип из действующего публичного каталога SkySend. Не увеличивать выше исходного разрешения; сохранить цвета и пропорции. Существование в каталоге не подтверждает доступность платежей.,7066fd84807b3b20e4431f8e643cbb5c201c0f72c955d451f8fd24f5e02e9d06,УК Екатеринодар,ЖКХ,providers.php
image/png,False,asset-7f8865f912f0,http://cluster.skysend.ru:6721/image.php?provider=1229,assets/originals/providers/provider-1229.png,provider-logo,150,150,15433,verified,approved-original,home.providers / providers.catalog,Логотип из действующего публичного каталога SkySend. Не увеличивать выше исходного разрешения; сохранить цвета и пропорции. Существование в каталоге не подтверждает доступность платежей.,c1f56f0be0393aa0908f9cce8b8590c3e039746f2952359f69433397276ce597,"УО ""Адмирал""",ЖКХ,providers.php
image/png,False,asset-52ac199f325a,http://cluster.skysend.ru:6721/image.php?provider=1341,assets/originals/providers/provider-1341.png,provider-logo,150,150,5948,verified,approved-original,home.providers / providers.catalog,Логотип из действующего публичного каталога SkySend. Не увеличивать выше исходного разрешения; сохранить цвета и пропорции. Существование в каталоге не подтверждает доступность платежей.,3cb64cdbc25097f23428eb1a7019a64cc3fc09d286d0d72d3a4032b4afdafe7a,Xsolla. 101XP.com,Игры,providers.php
image/png,False,asset-a77c300b8d1e,http://cluster.skysend.ru:6721/image.php?provider=1400,assets/originals/providers/provider-1400.png,provider-logo,150,150,13722,verified,approved-original,home.providers / providers.catalog,Логотип из действующего публичного каталога SkySend. Не увеличивать выше исходного разрешения; сохранить цвета и пропорции. Существование в каталоге не подтверждает доступность платежей.,dd04e63bbc6a4e2d3c5206152639a9f45a48c8656d08175d97ae66a15b70fc0a,Такси СРО МОАТП,Другие услуги,providers.php
image/png,False,asset-05ab3312f7df,http://cluster.skysend.ru:6721/image.php?provider=144,assets/originals/providers/provider-144.png,provider-logo,170,103,8737,verified,approved-original,home.providers / providers.catalog,Логотип из действующего публичного каталога SkySend. Не увеличивать выше исходного разрешения; сохранить цвета и пропорции. Существование в каталоге не подтверждает доступность платежей.,13674517b945c41da4024288b75ea0d3c9b1d5ce04e46b6b58ddfaa2fc7cd085,МОНЕТА.РУ,Кошельки,providers.php
image/png,False,asset-694964e07b26,http://cluster.skysend.ru:6721/image.php?provider=168,assets/originals/providers/provider-168.png,provider-logo,170,103,2503,verified,approved-original,home.providers / providers.catalog,Логотип из действующего публичного каталога SkySend. Не увеличивать выше исходного разрешения; сохранить цвета и пропорции. Существование в каталоге не подтверждает доступность платежей.,1ba04ce41668746633f56717ed5d44a896ed605e6454081ac355a3ab772187e0,Альфа-Банк,Банки и кредиты,providers.php
image/png,False,asset-ad1d8483696b,http://cluster.skysend.ru:6721/image.php?provider=175,assets/originals/providers/provider-175.png,provider-logo,170,103,4736,verified,approved-original,home.providers / providers.catalog,Логотип из действующего публичного каталога SkySend. Не увеличивать выше исходного разрешения; сохранить цвета и пропорции. Существование в каталоге не подтверждает доступность платежей.,d4b9ac93c8f09f7e9c014828dd306896c04a3c05e4742983956ac58b95f9c749,Абсолют Банк,Банки и кредиты,providers.php
image/png,False,asset-7eafcff706fd,http://cluster.skysend.ru:6721/image.php?provider=176,assets/originals/providers/provider-176.png,provider-logo,150,150,13908,verified,approved-original,home.providers / providers.catalog,Логотип из действующего публичного каталога SkySend. Не увеличивать выше исходного разрешения; сохранить цвета и пропорции. Существование в каталоге не подтверждает доступность платежей.,12b0242f2376c530906e9d94458d82731f11e5b62ec4c6e7d35dfef78d782454,Авангард,Банки и кредиты,providers.php
image/png,False,asset-abcda1a81fac,http://cluster.skysend.ru:6721/image.php?provider=178,assets/originals/providers/provider-178.png,provider-logo,150,150,4940,verified,approved-original,home.providers / providers.catalog,Логотип из действующего публичного каталога SkySend. Не увеличивать выше исходного разрешения; сохранить цвета и пропорции. Существование в каталоге не подтверждает доступность платежей.,8d5634b75b5691a5372db9db6e8917300add217733a5ccd614da90af3d954c45,Агропромкредит,Банки и кредиты,providers.php
image/png,False,asset-545539abda56,http://cluster.skysend.ru:6721/image.php?provider=179,assets/originals/providers/provider-179.png,provider-logo,170,103,11162,verified,approved-original,home.providers / providers.catalog,Логотип из действующего публичного каталога SkySend. Не увеличивать выше исходного разрешения; сохранить цвета и пропорции. Существование в каталоге не подтверждает доступность платежей.,46ca394b6e525470166024fb48b6b846a88cf0a18c6dbd443a0baeb0d2c3269e,АК Барс Банк,Банки и кредиты,providers.php
image/png,False,asset-020c9cdccea4,http://cluster.skysend.ru:6721/image.php?provider=180,assets/originals/providers/provider-180.png,provider-logo,150,150,9850,verified,approved-original,home.providers / providers.catalog,Логотип из действующего публичного каталога SkySend. Не увеличивать выше исходного разрешения; сохранить цвета и пропорции. Существование в каталоге не подтверждает доступность платежей.,cb5a77ce8425c804e55d3b8da224245e430b2ff3e8bb22e42aa59b209d84bde9,Промсвязьбанк,Банки и кредиты,providers.php
image/png,False,asset-d88ed8ac2682,http://cluster.skysend.ru:6721/image.php?provider=187,assets/originals/providers/provider-187.png,provider-logo,170,103,14691,verified,approved-original,home.providers / providers.catalog,Логотип из действующего публичного каталога SkySend. Не увеличивать выше исходного разрешения; сохранить цвета и пропорции. Существование в каталоге не подтверждает доступность платежей.,aeba8a4fe764893983b03483a36acd4e617caf7211ad4318e1ae87a5851b0e74,Акционерный Банк РОССИЯ,Банки и кредиты,providers.php
image/png,False,asset-f15e7afde9ee,http://cluster.skysend.ru:6721/image.php?provider=191,assets/originals/providers/provider-191.png,provider-logo,170,103,5251,verified,approved-original,home.providers / providers.catalog,Логотип из действующего публичного каталога SkySend. Не увеличивать выше исходного разрешения; сохранить цвета и пропорции. Существование в каталоге не подтверждает доступность платежей.,d38d74de57c68cbba2d18807b2b91b5d69c60c8eb593f2ddb1310e89a953ff13,Банк ВТБ Северо-Запад,Банки и кредиты,providers.php
image/png,False,asset-ca407331afe5,http://cluster.skysend.ru:6721/image.php?provider=193,assets/originals/providers/provider-193.png,provider-logo,170,103,15095,verified,approved-original,home.providers / providers.catalog,Логотип из действующего публичного каталога SkySend. Не увеличивать выше исходного разрешения; сохранить цвета и пропорции. Существование в каталоге не подтверждает доступность платежей.,80707ca261b6c918233c4ef25cf61bf0db6998be7cb82d41959a84773997640e,Банк ЗЕНИТ,Банки и кредиты,providers.php
image/png,False,asset-89f55b458012,http://cluster.skysend.ru:6721/image.php?provider=194,assets/originals/providers/provider-194.png,provider-logo,150,150,6920,verified,approved-original,home.providers / providers.catalog,Логотип из действующего публичного каталога SkySend. Не увеличивать выше исходного разрешения; сохранить цвета и пропорции. Существование в каталоге не подтверждает доступность платежей.,f02d99a20da683569295a868e7c33605f523305fefeb41b72a11909f9278903a,"Банк Русский Стандарт (по номеру договора, онлайн)",Банки и кредиты,providers.php
image/png,False,asset-c1e347a997bb,http://cluster.skysend.ru:6721/image.php?provider=195,assets/originals/providers/provider-195.png,provider-logo,170,103,14791,verified,approved-original,home.providers / providers.catalog,Логотип из действующего публичного каталога SkySend. Не увеличивать выше исходного разрешения; сохранить цвета и пропорции. Существование в каталоге не подтверждает доступность платежей.,e1e130d0089a31ec654394d1771924bb3ce0f915de8f3c6a2f3b99a512889ebf,Банк Санкт-Петербург,Банки и кредиты,providers.php
image/png,False,asset-6bc44d6b6401,http://cluster.skysend.ru:6721/image.php?provider=2024,assets/originals/providers/provider-2024.png,provider-logo,170,103,12575,verified,approved-original,home.providers / providers.catalog,Логотип из действующего публичного каталога SkySend. Не увеличивать выше исходного разрешения; сохранить цвета и пропорции. Существование в каталоге не подтверждает доступность платежей.,d96f56f2a27b71063f291600a096530a3f4d79ab5d00a3e3324c9438cb8f5420,Юнипаркс двухкомпонентный ресурс,Другие услуги,providers.php
image/png,False,asset-c0eb8f84ad58,http://cluster.skysend.ru:6721/image.php?provider=209,assets/originals/providers/provider-209.png,provider-logo,170,103,15904,verified,approved-original,home.providers / providers.catalog,Логотип из действующего публичного каталога SkySend. Не увеличивать выше исходного разрешения; сохранить цвета и пропорции. Существование в каталоге не подтверждает доступность платежей.,df4ecb0f39241778e56f4a1df61a50170c896ccfad9e40818634c3b8f7649e17,Райффайзенбанк (ЗАО),Банки и кредиты,providers.php
image/png,False,asset-8aab71e15f08,http://cluster.skysend.ru:6721/image.php?provider=2100,assets/originals/providers/provider-2100.png,provider-logo,170,103,12620,verified,approved-original,home.providers / providers.catalog,Логотип из действующего публичного каталога SkySend. Не увеличивать выше исходного разрешения; сохранить цвета и пропорции. Существование в каталоге не подтверждает доступность платежей.,9239bb2838671bad5deca5014dbf9dbd650dcb73e430ec8660df9835202c6ce8,Юнипаркс комплексное обслуживание,Другие услуги,providers.php
image/png,False,asset-17715652929c,http://cluster.skysend.ru:6721/image.php?provider=2101,assets/originals/providers/provider-2101.png,provider-logo,170,103,11992,verified,approved-original,home.providers / providers.catalog,Логотип из действующего публичного каталога SkySend. Не увеличивать выше исходного разрешения; сохранить цвета и пропорции. Существование в каталоге не подтверждает доступность платежей.,6b11aed88f78fb7bac06b4d05b39924c0a45e9b300b70e9069fe43cd3273b918,Юнипаркс платный проезд,Другие услуги,providers.php
image/png,False,asset-1089b23a8790,http://cluster.skysend.ru:6721/image.php?provider=2102,assets/originals/providers/provider-2102.png,provider-logo,170,103,12061,verified,approved-original,home.providers / providers.catalog,Логотип из действующего публичного каталога SkySend. Не увеличивать выше исходного разрешения; сохранить цвета и пропорции. Существование в каталоге не подтверждает доступность платежей.,97c64aa9e006f1872cbaa215a5c76922d5c3778974cb59992425d62125f29db0,Юнипаркс дополнительные услуги,Другие услуги,providers.php
image/png,False,asset-e139f03fb885,http://cluster.skysend.ru:6721/image.php?provider=211,assets/originals/providers/provider-211.png,provider-logo,170,103,11837,verified,approved-original,home.providers / providers.catalog,Логотип из действующего публичного каталога SkySend. Не увеличивать выше исходного разрешения; сохранить цвета и пропорции. Существование в каталоге не подтверждает доступность платежей.,f4057a95d89c355e28fad12894232432afb7d8da35fec4a9c5256772a79c73f0,КБ Москоммерцбанк,Банки и кредиты,providers.php
image/png,False,asset-b6e7946752e7,http://cluster.skysend.ru:6721/image.php?provider=216,assets/originals/providers/provider-216.png,provider-logo,134,55,8637,verified,approved-original,home.providers / providers.catalog,Логотип из действующего публичного каталога SkySend. Не увеличивать выше исходного разрешения; сохранить цвета и пропорции. Существование в каталоге не подтверждает доступность платежей.,b7505b4f40c76c34e21ca3be7e2c00f4c8616121a21d389059d16b2108089c0d,Кредит Европа Банк (Россия),Банки и кредиты,providers.php
image/png,False,asset-0abe0f8f2056,http://cluster.skysend.ru:6721/image.php?provider=223,assets/originals/providers/provider-223.png,provider-logo,150,150,21699,verified,approved-original,home.providers / providers.catalog,Логотип из действующего публичного каталога SkySend. Не увеличивать выше исходного разрешения; сохранить цвета и пропорции. Существование в каталоге не подтверждает доступность платежей.,af1a74d6ce6c5472e17633d220ea9a10687d20fbf86923fa07ecdd571d5a232a,Синара Банк,Банки и кредиты,providers.php
image/png,False,asset-d29749489cb8,http://cluster.skysend.ru:6721/image.php?provider=224,assets/originals/providers/provider-224.png,provider-logo,150,150,9163,verified,approved-original,home.providers / providers.catalog,Логотип из действующего публичного каталога SkySend. Не увеличивать выше исходного разрешения; сохранить цвета и пропорции. Существование в каталоге не подтверждает доступность платежей.,e8e4ef285b1bf4a64fbf2920120482590ed64ce99f24d20b6067414c08a424cd,УБРиР (ОАО),Банки и кредиты,providers.php
image/png,False,asset-0ae8e2fc23c1,http://cluster.skysend.ru:6721/image.php?provider=2249,assets/originals/providers/provider-2249.png,provider-logo,150,150,7071,verified,approved-original,home.providers / providers.catalog,Логотип из действующего публичного каталога SkySend. Не увеличивать выше исходного разрешения; сохранить цвета и пропорции. Существование в каталоге не подтверждает доступность платежей.,f20be5312893304994682e7a2a67af0f2d779d840bf71da891daf352575951e0,Ридлан (Телевидение). Крым,Интернет,providers.php
image/png,False,asset-61337b4ff021,http://cluster.skysend.ru:6721/image.php?provider=2250,assets/originals/providers/provider-2250.png,provider-logo,150,150,6093,verified,approved-original,home.providers / providers.catalog,Логотип из действующего публичного каталога SkySend. Не увеличивать выше исходного разрешения; сохранить цвета и пропорции. Существование в каталоге не подтверждает доступность платежей.,e730dab4a6e1658900f668d5620935e9dc2fc691c0d722cdaefd2414b474c975,Ридлан (Интернет). Крым,Интернет,providers.php
image/png,False,asset-6b3834d52d3f,http://cluster.skysend.ru:6721/image.php?provider=226,assets/originals/providers/provider-226.png,provider-logo,170,103,10636,verified,approved-original,home.providers / providers.catalog,Логотип из действующего публичного каталога SkySend. Не увеличивать выше исходного разрешения; сохранить цвета и пропорции. Существование в каталоге не подтверждает доступность платежей.,3b164dd3fbf7408b67b4eb0fbbac547238b2703d723fc8685c39cc1635049704,ОТП Банк,Банки и кредиты,providers.php
image/png,False,asset-71a3c0597a31,http://cluster.skysend.ru:6721/image.php?provider=2268,assets/originals/providers/provider-2268.png,provider-logo,170,103,4798,verified,approved-original,home.providers / providers.catalog,Логотип из действующего публичного каталога SkySend. Не увеличивать выше исходного разрешения; сохранить цвета и пропорции. Существование в каталоге не подтверждает доступность платежей.,56641f150b1590ee9f92d77f2bbdfd391ec0bb0fc29d6b312dcd7859c64b2927,Центр бронирования туров ТБГ,Другие услуги,providers.php
image/png,False,asset-efd3d33a4637,http://cluster.skysend.ru:6721/image.php?provider=232,assets/originals/providers/provider-232.png,provider-logo,170,103,13525,verified,approved-original,home.providers / providers.catalog,Логотип из действующего публичного каталога SkySend. Не увеличивать выше исходного разрешения; сохранить цвета и пропорции. Существование в каталоге не подтверждает доступность платежей.,ac0b29c5c5c66d0c0e77dd459b56095bbdb5e7e7886fc3b9c04221b667f6f67b,Россельхозбанк,Банки и кредиты,providers.php
image/png,False,asset-556a3bf4a02e,http://cluster.skysend.ru:6721/image.php?provider=236,assets/originals/providers/provider-236.png,provider-logo,170,103,12679,verified,approved-original,home.providers / providers.catalog,Логотип из действующего публичного каталога SkySend. Не увеличивать выше исходного разрешения; сохранить цвета и пропорции. Существование в каталоге не подтверждает доступность платежей.,b1df157b351fa058fded21e63decd6de00213bef695a96ee3bcbccbb9a31d00b,СДМ-БАНК,Банки и кредиты,providers.php
image/png,False,asset-a9f9510c27c4,http://cluster.skysend.ru:6721/image.php?provider=24,assets/originals/providers/provider-24.png,provider-logo,150,150,14212,verified,approved-original,home.providers / providers.catalog,Логотип из действующего публичного каталога SkySend. Не увеличивать выше исходного разрешения; сохранить цвета и пропорции. Существование в каталоге не подтверждает доступность платежей.,5ed8084ce5049f6e002bf902166e75501d9110de4b0452a15ffc2d0855917af2,Вист он Лайн. Volgaspot,Интернет,providers.php
image/png,False,asset-3a778ca71c5f,http://cluster.skysend.ru:6721/image.php?provider=240,assets/originals/providers/provider-240.png,provider-logo,170,103,18402,verified,approved-original,home.providers / providers.catalog,Логотип из действующего публичного каталога SkySend. Не увеличивать выше исходного разрешения; сохранить цвета и пропорции. Существование в каталоге не подтверждает доступность платежей.,f7593dad3d44ef6a96abc8b7f4b00d8eae1deba027559d5674fda94be6f54c77,СОЮЗ,Банки и кредиты,providers.php
image/png,False,asset-748a60447633,http://cluster.skysend.ru:6721/image.php?provider=241,assets/originals/providers/provider-241.png,provider-logo,149,51,7229,verified,approved-original,home.providers / providers.catalog,Логотип из действующего публичного каталога SkySend. Не увеличивать выше исходного разрешения; сохранить цвета и пропорции. Существование в каталоге не подтверждает доступность платежей.,e9121582301577e34adff4e0d17ab6c305c59d54f980459a15aca7e8458fce05,Т-Банк,Банки и кредиты,providers.php
image/png,False,asset-cf1c20d3925b,http://cluster.skysend.ru:6721/image.php?provider=242,assets/originals/providers/provider-242.png,provider-logo,150,150,3192,verified,approved-original,home.providers / providers.catalog,Логотип из действующего публичного каталога SkySend. Не увеличивать выше исходного разрешения; сохранить цвета и пропорции. Существование в каталоге не подтверждает доступность платежей.,baffc3151acef83192d2602b8daf5a8e170c06084a5766f32805b36cd5fbf1a4,ТРАНСКАПИТАЛБАНК,Банки и кредиты,providers.php
image/png,False,asset-7a8193c00c1d,http://cluster.skysend.ru:6721/image.php?provider=246,assets/originals/providers/provider-246.png,provider-logo,150,150,10462,verified,approved-original,home.providers / providers.catalog,Логотип из действующего публичного каталога SkySend. Не увеличивать выше исходного разрешения; сохранить цвета и пропорции. Существование в каталоге не подтверждает доступность платежей.,bfc530bd9b7f5bdc45d3d9fc34ea9912be38add6e94685c5f3f2fc3ddd5f7062,Уралсиб,Банки и кредиты,providers.php
image/png,False,asset-c84bfaa446d8,http://cluster.skysend.ru:6721/image.php?provider=248,assets/originals/providers/provider-248.png,provider-logo,170,103,7492,verified,approved-original,home.providers / providers.catalog,Логотип из действующего публичного каталога SkySend. Не увеличивать выше исходного разрешения; сохранить цвета и пропорции. Существование в каталоге не подтверждает доступность платежей.,b1aff402c02aefacfa476294d47fa716babfe65f9b5e5057e317af6ee17c2133,ЦЕНТР-ИНВЕСТ,Банки и кредиты,providers.php
image/png,False,asset-cc0124b86350,http://cluster.skysend.ru:6721/image.php?provider=250,assets/originals/providers/provider-250.png,provider-logo,170,103,9160,verified,approved-original,home.providers / providers.catalog,Логотип из действующего публичного каталога SkySend. Не увеличивать выше исходного разрешения; сохранить цвета и пропорции. Существование в каталоге не подтверждает доступность платежей.,1dc95e6923e0697bedc93e4625ce550a2dbefdbd9e787efa10a8bdf9e367d380,ЮниКредит Банк,Банки и кредиты,providers.php
image/png,False,asset-71c502e3242d,http://cluster.skysend.ru:6721/image.php?provider=252,assets/originals/providers/provider-252.png,provider-logo,150,150,6652,verified,approved-original,home.providers / providers.catalog,Логотип из действующего публичного каталога SkySend. Не увеличивать выше исходного разрешения; сохранить цвета и пропорции. Существование в каталоге не подтверждает доступность платежей.,07c013659ebf954f188a2aa5ca44d85953f81320c9649f80cb431d58b2c7a32e,Xsolla,Игры,providers.php
image/png,False,asset-2c34d2030812,http://cluster.skysend.ru:6721/image.php?provider=253,assets/originals/providers/provider-253.png,provider-logo,160,160,5599,verified,approved-original,home.providers / providers.catalog,Логотип из действующего публичного каталога SkySend. Не увеличивать выше исходного разрешения; сохранить цвета и пропорции. Существование в каталоге не подтверждает доступность платежей.,739e62849e30d326253c951d5dab4d34fcf033591df14f13d2d05b098bb28a25,ТНС энерго Кубань (Ранее Кубаньэнергосбыт),ЖКХ,providers.php
image/png,False,asset-33465f8d7543,http://cluster.skysend.ru:6721/image.php?provider=255,assets/originals/providers/provider-255.png,provider-logo,170,88,2653,verified,approved-original,home.providers / providers.catalog,Логотип из действующего публичного каталога SkySend. Не увеличивать выше исходного разрешения; сохранить цвета и пропорции. Существование в каталоге не подтверждает доступность платежей.,dbf44c4a721cb0aa66f5cbd525fcb2dfe64dd39e77123bd11bf890d96009b63f,Кредитный брокер,Другие услуги,providers.php
image/png,False,asset-5f23a0b51050,http://cluster.skysend.ru:6721/image.php?provider=258,assets/originals/providers/provider-258.png,provider-logo,150,150,17471,verified,approved-original,home.providers / providers.catalog,Логотип из действующего публичного каталога SkySend. Не увеличивать выше исходного разрешения; сохранить цвета и пропорции. Существование в каталоге не подтверждает доступность платежей.,a604b359c80d7ccc52c78287184cfd98014033d9ef6735fe870ea78c624dfe91,Триколор Пополнить лицевой счет,Кабельное ТВ,providers.php
image/png,False,asset-a7d73cb567b3,http://cluster.skysend.ru:6721/image.php?provider=2604,assets/originals/providers/provider-2604.png,provider-logo,150,150,9560,verified,approved-original,home.providers / providers.catalog,Логотип из действующего публичного каталога SkySend. Не увеличивать выше исходного разрешения; сохранить цвета и пропорции. Существование в каталоге не подтверждает доступность платежей.,7caecfb7b7ae531116c7bbc9cc74d02c7071b82fa2424bbbc9cb862d63e34f3e,Xsolla. Битва Титанов,Игры,providers.php
image/png,False,asset-6b9bfdf629b7,http://cluster.skysend.ru:6721/image.php?provider=2608,assets/originals/providers/provider-2608.png,provider-logo,150,150,17853,verified,approved-original,home.providers / providers.catalog,Логотип из действующего публичного каталога SkySend. Не увеличивать выше исходного разрешения; сохранить цвета и пропорции. Существование в каталоге не подтверждает доступность платежей.,1eb79099951d705efd7af0043a740a429b170fadf213237edde9cbb3aec3f49b,Xsolla. Доценты,Игры,providers.php
image/png,False,asset-4cb3bf4a3d70,http://cluster.skysend.ru:6721/image.php?provider=2613,assets/originals/providers/provider-2613.png,provider-logo,150,150,32809,verified,approved-original,home.providers / providers.catalog,Логотип из действующего публичного каталога SkySend. Не увеличивать выше исходного разрешения; сохранить цвета и пропорции. Существование в каталоге не подтверждает доступность платежей.,484d191b2977ebd4054d544954e3a3aaf2e7b7b18acc9182e8a0c0dfb7f05f9a,Xsolla. Техномагия,Игры,providers.php
image/png,False,asset-793eec321846,http://cluster.skysend.ru:6721/image.php?provider=2617,assets/originals/providers/provider-2617.png,provider-logo,150,150,6074,verified,approved-original,home.providers / providers.catalog,Логотип из действующего публичного каталога SkySend. Не увеличивать выше исходного разрешения; сохранить цвета и пропорции. Существование в каталоге не подтверждает доступность платежей.,d7d9cfe34301f62b0482bd079b755d98c574b0cc935637bccef281dd81d5b6ce,АВЕРС (ООО),Банки и кредиты,providers.php
image/png,False,asset-868016c8b215,http://cluster.skysend.ru:6721/image.php?provider=2621,assets/originals/providers/provider-2621.png,provider-logo,150,150,3654,verified,approved-original,home.providers / providers.catalog,Логотип из действующего публичного каталога SkySend. Не увеличивать выше исходного разрешения; сохранить цвета и пропорции. Существование в каталоге не подтверждает доступность платежей.,a694589336247818fb66e9fec2b18fa19e89ef5f5d252e14c4b675bd70fc01de,АВТОТОРГБАНК (ООО),Банки и кредиты,providers.php
image/png,False,asset-963710cd0c8e,http://cluster.skysend.ru:6721/image.php?provider=2623,assets/originals/providers/provider-2623.png,provider-logo,150,150,8284,verified,approved-original,home.providers / providers.catalog,Логотип из действующего публичного каталога SkySend. Не увеличивать выше исходного разрешения; сохранить цвета и пропорции. Существование в каталоге не подтверждает доступность платежей.,fc62656203280787231ceaccdd4ccec99d1a5ea56685fc862684085c68226964,АГРОРОС (ЗАО),Банки и кредиты,providers.php
image/png,False,asset-21a5c15eb39b,http://cluster.skysend.ru:6721/image.php?provider=2629,assets/originals/providers/provider-2629.png,provider-logo,150,150,6707,verified,approved-original,home.providers / providers.catalog,Логотип из действующего публичного каталога SkySend. Не увеличивать выше исходного разрешения; сохранить цвета и пропорции. Существование в каталоге не подтверждает доступность платежей.,c580f557e060adb1d96706070b0e0748f059f4feb5066dd982922fbf1552a8aa,АКИБАНК (ОАО),Банки и кредиты,providers.php
image/png,False,asset-1dc5324b1932,http://cluster.skysend.ru:6721/image.php?provider=2633,assets/originals/providers/provider-2633.png,provider-logo,150,150,13136,verified,approved-original,home.providers / providers.catalog,Логотип из действующего публичного каталога SkySend. Не увеличивать выше исходного разрешения; сохранить цвета и пропорции. Существование в каталоге не подтверждает доступность платежей.,e1009b26ebbecec2cb78a64c9f6dcdb006242f782e71db8889c8c30dd85715b6,Xsolla. Супер гонки,Игры,providers.php
image/png,False,asset-3f62715d63c1,http://cluster.skysend.ru:6721/image.php?provider=2634,assets/originals/providers/provider-2634.png,provider-logo,150,150,5916,verified,approved-original,home.providers / providers.catalog,Логотип из действующего публичного каталога SkySend. Не увеличивать выше исходного разрешения; сохранить цвета и пропорции. Существование в каталоге не подтверждает доступность платежей.,9296e821c851ecde0693f998053adebf5edc4e7930c5294227bd3169ee9e993e,Xsolla. Stalker Online,Игры,providers.php
image/png,False,asset-d97c8fa7bd12,http://cluster.skysend.ru:6721/image.php?provider=2636,assets/originals/providers/provider-2636.png,provider-logo,150,150,26172,verified,approved-original,home.providers / providers.catalog,Логотип из действующего публичного каталога SkySend. Не увеличивать выше исходного разрешения; сохранить цвета и пропорции. Существование в каталоге не подтверждает доступность платежей.,b7192cc45207f680cd2e38dfe4731ac0800931550c36f46cef0d3c5a0a5c417f,Xsolla. Моя Собака,Игры,providers.php
image/png,False,asset-f4597142a423,http://cluster.skysend.ru:6721/image.php?provider=2637,assets/originals/providers/provider-2637.png,provider-logo,150,150,25675,verified,approved-original,home.providers / providers.catalog,Логотип из действующего публичного каталога SkySend. Не увеличивать выше исходного разрешения; сохранить цвета и пропорции. Существование в каталоге не подтверждает доступность платежей.,14eceaa95f11788b9542cdf7251341522a3726173742544850a6e9cb27bab901,Xsolla. Наемники,Игры,providers.php
image/png,False,asset-0b262fb7eb86,http://cluster.skysend.ru:6721/image.php?provider=2638,assets/originals/providers/provider-2638.png,provider-logo,170,103,28048,verified,approved-original,home.providers / providers.catalog,Логотип из действующего публичного каталога SkySend. Не увеличивать выше исходного разрешения; сохранить цвета и пропорции. Существование в каталоге не подтверждает доступность платежей.,b621a0a3facce332239e189395d69033c00e16beb2a7b39c008f90af8de2ac44,Xsolla. Наследие Древних,Игры,providers.php
image/png,False,asset-d1fb8729705c,http://cluster.skysend.ru:6721/image.php?provider=2640,assets/originals/providers/provider-2640.png,provider-logo,170,103,22276,verified,approved-original,home.providers / providers.catalog,Логотип из действующего публичного каталога SkySend. Не увеличивать выше исходного разрешения; сохранить цвета и пропорции. Существование в каталоге не подтверждает доступность платежей.,464cba34e1f5cb4e0f77353dadb9836f33db23c68663fdac1ef2f2d409409ddb,Xsolla. Небоскребы,Игры,providers.php
image/png,False,asset-09181211dd30,http://cluster.skysend.ru:6721/image.php?provider=2643,assets/originals/providers/provider-2643.png,provider-logo,150,150,18181,verified,approved-original,home.providers / providers.catalog,Логотип из действующего публичного каталога SkySend. Не увеличивать выше исходного разрешения; сохранить цвета и пропорции. Существование в каталоге не подтверждает доступность платежей.,c3a05e16a1702eb4652abc2bbec6a84971a734cbcb3efecceb69b78b419044d3,Xsolla. Lost Magic,Игры,providers.php
image/png,False,asset-bd69ba88de77,http://cluster.skysend.ru:6721/image.php?provider=2667,assets/originals/providers/provider-2667.png,provider-logo,150,150,7247,verified,approved-original,home.providers / providers.catalog,Логотип из действующего публичного каталога SkySend. Не увеличивать выше исходного разрешения; сохранить цвета и пропорции. Существование в каталоге не подтверждает доступность платежей.,2268b660f7c821254f307eac312f1404efb1ad56a7f96bce0d03b7a079935fd4,АКЦЕПТ (ОАО),Банки и кредиты,providers.php
image/png,False,asset-f8900e92842d,http://cluster.skysend.ru:6721/image.php?provider=2669,assets/originals/providers/provider-2669.png,provider-logo,150,150,6039,verified,approved-original,home.providers / providers.catalog,Логотип из действующего публичного каталога SkySend. Не увеличивать выше исходного разрешения; сохранить цвета и пропорции. Существование в каталоге не подтверждает доступность платежей.,69ffe7d8757065e6c25e7766dcb3a584b4a9ced37f34fff1df70cee489882600,АЛЕКСАНДРОВСКИЙ (ПАО),Банки и кредиты,providers.php
image/png,False,asset-7d1190854a23,http://cluster.skysend.ru:6721/image.php?provider=2670,assets/originals/providers/provider-2670.png,provider-logo,150,150,7302,verified,approved-original,home.providers / providers.catalog,Логотип из действующего публичного каталога SkySend. Не увеличивать выше исходного разрешения; сохранить цвета и пропорции. Существование в каталоге не подтверждает доступность платежей.,ac3c58a9316c90221caa0818969d98ade9fab0d62cc5b7f7d46312d4bab66878,АЛЕФ-БАНК (ЗАО),Банки и кредиты,providers.php
image/png,False,asset-355147e7325d,http://cluster.skysend.ru:6721/image.php?provider=2672,assets/originals/providers/provider-2672.png,provider-logo,150,150,9445,verified,approved-original,home.providers / providers.catalog,Логотип из действующего публичного каталога SkySend. Не увеличивать выше исходного разрешения; сохранить цвета и пропорции. Существование в каталоге не подтверждает доступность платежей.,a9dbae44412cba1eb0eeb868e74722b82618f5098faf8802f5fe835dea677307,АЛМАЗЭРГИЭНБАНК (АО),Банки и кредиты,providers.php
image/png,False,asset-ed301a1ab1da,http://cluster.skysend.ru:6721/image.php?provider=2684,assets/originals/providers/provider-2684.png,provider-logo,170,103,10545,verified,approved-original,home.providers / providers.catalog,Логотип из действующего публичного каталога SkySend. Не увеличивать выше исходного разрешения; сохранить цвета и пропорции. Существование в каталоге не подтверждает доступность платежей.,482e038bfd55722ae7f8a6d9996169f5d0dfc3214e73e0f0557776dcf8ca8d1d,АРЕСБАНК (ООО),Банки и кредиты,providers.php
image/png,False,asset-220825a5c4d6,http://cluster.skysend.ru:6721/image.php?provider=2704,assets/originals/providers/provider-2704.png,provider-logo,150,150,3802,verified,approved-original,home.providers / providers.catalog,Логотип из действующего публичного каталога SkySend. Не увеличивать выше исходного разрешения; сохранить цвета и пропорции. Существование в каталоге не подтверждает доступность платежей.,72b8c9fa40b566e65f86835d5363f79b320353b67d2ae7255cb33116a647a018,БАНК КАЗАНИ (ООО),Банки и кредиты,providers.php
image/png,False,asset-ff451e0d1eba,http://cluster.skysend.ru:6721/image.php?provider=2710,assets/originals/providers/provider-2710.png,provider-logo,170,103,6323,verified,approved-original,home.providers / providers.catalog,Логотип из действующего публичного каталога SkySend. Не увеличивать выше исходного разрешения; сохранить цвета и пропорции. Существование в каталоге не подтверждает доступность платежей.,81dc4a8b72a9bfad21f419da4b29ea94c82d9e90426e45d1e4dcc089a6930c15,БАНК ОРЕНБУРГ (ОАО),Банки и кредиты,providers.php
image/png,False,asset-c697004b9eb7,http://cluster.skysend.ru:6721/image.php?provider=2715,assets/originals/providers/provider-2715.png,provider-logo,170,103,6631,verified,approved-original,home.providers / providers.catalog,Логотип из действующего публичного каталога SkySend. Не увеличивать выше исходного разрешения; сохранить цвета и пропорции. Существование в каталоге не подтверждает доступность платежей.,dadff5cf9ef3312f81f41f1bc80649a695e1806538d732854f1bd9f94c5e3d34,БАНК РАУНД (ООО),Банки и кредиты,providers.php
image/png,False,asset-b3bdebb8335c,http://cluster.skysend.ru:6721/image.php?provider=2718,assets/originals/providers/provider-2718.png,provider-logo,170,103,11533,verified,approved-original,home.providers / providers.catalog,Логотип из действующего публичного каталога SkySend. Не увеличивать выше исходного разрешения; сохранить цвета и пропорции. Существование в каталоге не подтверждает доступность платежей.,de490bc4ac8156086fda866e014d91f61d9038c872ee1ba58e0f49984e8b2644,БАНК СГБ (ПАО),Банки и кредиты,providers.php
image/png,False,asset-40317bb0f4c2,http://cluster.skysend.ru:6721/image.php?provider=2720,assets/originals/providers/provider-2720.png,provider-logo,170,103,11418,verified,approved-original,home.providers / providers.catalog,Логотип из действующего публичного каталога SkySend. Не увеличивать выше исходного разрешения; сохранить цвета и пропорции. Существование в каталоге не подтверждает доступность платежей.,7d96b85358785e5bc548a2ec50768126f1bff8b6e158e6bb5ea96c0ff3392cd5,БАНК ФИНАМ (ЗАО),Банки и кредиты,providers.php
image/png,False,asset-df11434dc8af,http://cluster.skysend.ru:6721/image.php?provider=2727,assets/originals/providers/provider-2727.png,provider-logo,170,103,32369,verified,approved-original,home.providers / providers.catalog,Логотип из действующего публичного каталога SkySend. Не увеличивать выше исходного разрешения; сохранить цвета и пропорции. Существование в каталоге не подтверждает доступность платежей.,5edb472ff35d096a7d2ddc01500f31dd1ba1cb8742b2fcf3a80f789330aea035,БЕЛГОРОДСОЦБАНК (ПАО),Банки и кредиты,providers.php
image/png,False,asset-4923f1ccbf30,http://cluster.skysend.ru:6721/image.php?provider=274,assets/originals/providers/provider-274.png,provider-logo,150,150,9779,verified,approved-original,home.providers / providers.catalog,Логотип из действующего публичного каталога SkySend. Не увеличивать выше исходного разрешения; сохранить цвета и пропорции. Существование в каталоге не подтверждает доступность платежей.,70ad0c78f6673c6de8eb639489f9bc9257b23075423dce88a394f9e83e465672,Он-Лайн Партнер,Кошельки,providers.php
image/png,False,asset-a5b724a8e4e2,http://cluster.skysend.ru:6721/image.php?provider=2744,assets/originals/providers/provider-2744.png,provider-logo,170,103,8548,verified,approved-original,home.providers / providers.catalog,Логотип из действующего публичного каталога SkySend. Не увеличивать выше исходного разрешения; сохранить цвета и пропорции. Существование в каталоге не подтверждает доступность платежей.,a46c77f97f33fc338b2bed6d19c0675c413e6cc94c3d599ffbb0c8f255077d65,БЫСТРОБАНК (ПАО),Банки и кредиты,providers.php
image/png,False,asset-a751b9c45aff,http://cluster.skysend.ru:6721/image.php?provider=2750,assets/originals/providers/provider-2750.png,provider-logo,170,103,7127,verified,approved-original,home.providers / providers.catalog,Логотип из действующего публичного каталога SkySend. Не увеличивать выше исходного разрешения; сохранить цвета и пропорции. Существование в каталоге не подтверждает доступность платежей.,7f2738851fe3b3c152650ea521bf0d8e96bca233fffe8a9ceb57932d93460a73,ВЕНЕЦ (АО),Банки и кредиты,providers.php
image/png,False,asset-5f1ef03e5d46,http://cluster.skysend.ru:6721/image.php?provider=2759,assets/originals/providers/provider-2759.png,provider-logo,170,103,11764,verified,approved-original,home.providers / providers.catalog,Логотип из действующего публичного каталога SkySend. Не увеличивать выше исходного разрешения; сохранить цвета и пропорции. Существование в каталоге не подтверждает доступность платежей.,fca087efbcb5cae751fcd0bb210db22e3e88610556bf771995f4f35d3046259a,ВЛАДБИЗНЕСБАНК (ЗАО),Банки и кредиты,providers.php
image/png,False,asset-344eb626474e,http://cluster.skysend.ru:6721/image.php?provider=2762,assets/originals/providers/provider-2762.png,provider-logo,170,103,21634,verified,approved-original,home.providers / providers.catalog,Логотип из действующего публичного каталога SkySend. Не увеличивать выше исходного разрешения; сохранить цвета и пропорции. Существование в каталоге не подтверждает доступность платежей.,0f006a3f26360e9340c9e6fc406d5c6970178f7fc76007d23444665d268d45f0,ВНЕШФИНБАНК (ООО),Банки и кредиты,providers.php
image/png,False,asset-4bb49edb3479,http://cluster.skysend.ru:6721/image.php?provider=2776,assets/originals/providers/provider-2776.png,provider-logo,170,103,8794,verified,approved-original,home.providers / providers.catalog,Логотип из действующего публичного каталога SkySend. Не увеличивать выше исходного разрешения; сохранить цвета и пропорции. Существование в каталоге не подтверждает доступность платежей.,493aa2d3ae09c396f93faa75e4c2d7084a0ddb624e2c9a9a4b2aa0bbc73e3f72,ГАЗПРОМБАНК (АО),Банки и кредиты,providers.php
image/png,False,asset-9c95f08159f4,http://cluster.skysend.ru:6721/image.php?provider=2778,assets/originals/providers/provider-2778.png,provider-logo,170,103,4531,verified,approved-original,home.providers / providers.catalog,Логотип из действующего публичного каталога SkySend. Не увеличивать выше исходного разрешения; сохранить цвета и пропорции. Существование в каталоге не подтверждает доступность платежей.,c10695f5fde75123dc9e4d6054cb4ee7642d1c434c6e93fbb12cbc4afa11a531,ГАЗТРАНСБАНК (ГТ Банк),Банки и кредиты,providers.php
image/png,False,asset-7b8eac913314,http://cluster.skysend.ru:6721/image.php?provider=2779,assets/originals/providers/provider-2779.png,provider-logo,170,103,4152,verified,approved-original,home.providers / providers.catalog,Логотип из действующего публичного каталога SkySend. Не увеличивать выше исходного разрешения; сохранить цвета и пропорции. Существование в каталоге не подтверждает доступность платежей.,8e441fd20a06417d741aff57c45f1c06acf0036cd7c14a36e1f31ad420abf7b7,ГАЗЭНЕРГОБАНК (ОАО),Банки и кредиты,providers.php
image/png,False,asset-968024dc0cde,http://cluster.skysend.ru:6721/image.php?provider=2782,assets/originals/providers/provider-2782.png,provider-logo,170,103,3248,verified,approved-original,home.providers / providers.catalog,Логотип из действующего публичного каталога SkySend. Не увеличивать выше исходного разрешения; сохранить цвета и пропорции. Существование в каталоге не подтверждает доступность платежей.,9ab7666a4b0e2f4d3973323a4650478ae4a4682bf42c4f0cec03c8bca2c8eef2,ГЕНБАНК (АО),Банки и кредиты,providers.php
image/png,False,asset-ada5fc05949e,http://cluster.skysend.ru:6721/image.php?provider=2787,assets/originals/providers/provider-2787.png,provider-logo,170,103,5421,verified,approved-original,home.providers / providers.catalog,Логотип из действующего публичного каталога SkySend. Не увеличивать выше исходного разрешения; сохранить цвета и пропорции. Существование в каталоге не подтверждает доступность платежей.,cd80b5925e5d1d44f6a43a08d142de39091da3156adf069d4be0be2d3f08e49b,ГОРБАНК (АО),Банки и кредиты,providers.php
image/png,False,asset-c4631124744f,http://cluster.skysend.ru:6721/image.php?provider=2794,assets/originals/providers/provider-2794.png,provider-logo,170,103,22725,verified,approved-original,home.providers / providers.catalog,Логотип из действующего публичного каталога SkySend. Не увеличивать выше исходного разрешения; сохранить цвета и пропорции. Существование в каталоге не подтверждает доступность платежей.,da3c2b56158c11141a32254d7b3d189d249d1908c66ddd86bb694b0fbe9f6c83,ДАЛЬНЕВОСТОЧНЫЙ БАНК (ПАО),Банки и кредиты,providers.php
image/png,False,asset-7cbfc5f18814,http://cluster.skysend.ru:6721/image.php?provider=2798,assets/originals/providers/provider-2798.png,provider-logo,150,150,9994,verified,approved-original,home.providers / providers.catalog,Логотип из действующего публичного каталога SkySend. Не увеличивать выше исходного разрешения; сохранить цвета и пропорции. Существование в каталоге не подтверждает доступность платежей.,978bc21a5aa4ac829e3be133778b7ab329787358a109ef04fcf5513477d7f481,ДЕРЖАВА (ПАО),Банки и кредиты,providers.php
image/png,False,asset-688334b23d7e,http://cluster.skysend.ru:6721/image.php?provider=2805,assets/originals/providers/provider-2805.png,provider-logo,141,138,16639,verified,approved-original,home.providers / providers.catalog,Логотип из действующего публичного каталога SkySend. Не увеличивать выше исходного разрешения; сохранить цвета и пропорции. Существование в каталоге не подтверждает доступность платежей.,d90b08d9eb22aa0b54aed3c65ae7a89b919e75056b678123db33113d82ba50f3,ДОМ.РФ Банк,Банки и кредиты,providers.php
image/png,False,asset-104c859b08bc,http://cluster.skysend.ru:6721/image.php?provider=2823,assets/originals/providers/provider-2823.png,provider-logo,150,150,9262,verified,approved-original,home.providers / providers.catalog,Логотип из действующего публичного каталога SkySend. Не увеличивать выше исходного разрешения; сохранить цвета и пропорции. Существование в каталоге не подтверждает доступность платежей.,5a6f0952b6f5b10932a8d966bcd6b641d3301ddb0816e7dcdc318f2696e4c95e,ЕКАТЕРИНБУРГ (ОАО),Банки и кредиты,providers.php
image/png,False,asset-b4dd9afbf7c7,http://cluster.skysend.ru:6721/image.php?provider=2826,assets/originals/providers/provider-2826.png,provider-logo,170,103,5882,verified,approved-original,home.providers / providers.catalog,Логотип из действующего публичного каталога SkySend. Не увеличивать выше исходного разрешения; сохранить цвета и пропорции. Существование в каталоге не подтверждает доступность платежей.,bcfed5cffd09e1a639ca3c1ba2f6e7612603c9cc00a04996dd4cef2ff0912405,ЕНИСЕЙСКИЙ ОБЪЕДИНЕННЫЙ БАНК (ЗАО),Банки и кредиты,providers.php
image/png,False,asset-3d278fb5131a,http://cluster.skysend.ru:6721/image.php?provider=2830,assets/originals/providers/provider-2830.png,provider-logo,170,103,4554,verified,approved-original,home.providers / providers.catalog,Логотип из действующего публичного каталога SkySend. Не увеличивать выше исходного разрешения; сохранить цвета и пропорции. Существование в каталоге не подтверждает доступность платежей.,de33622476dd406972aad4744daa9d6db4d561a05c46de0f2732d62b2bbbcf62,ЗАРЕЧЬЕ (ОАО),Банки и кредиты,providers.php
image/png,False,asset-a2ce87a0ea12,http://cluster.skysend.ru:6721/image.php?provider=2833,assets/originals/providers/provider-2833.png,provider-logo,170,103,18191,verified,approved-original,home.providers / providers.catalog,Логотип из действующего публичного каталога SkySend. Не увеличивать выше исходного разрешения; сохранить цвета и пропорции. Существование в каталоге не подтверждает доступность платежей.,8ecd2e7f03e34fcee16580aa2c67cc0b29750a77593eb0f1af2cbbfc1952d95c,ЗЕМСКИЙ БАНК (ООО),Банки и кредиты,providers.php
image/png,False,asset-4fa99f5b16fa,http://cluster.skysend.ru:6721/image.php?provider=2840,assets/originals/providers/provider-2840.png,provider-logo,170,103,7226,verified,approved-original,home.providers / providers.catalog,Логотип из действующего публичного каталога SkySend. Не увеличивать выше исходного разрешения; сохранить цвета и пропорции. Существование в каталоге не подтверждает доступность платежей.,3580cbb61a2e1bda7c0293763fb5b4f1bbe30164ed4c8f9f8f78424ae192bf5a,ИК БАНК (АО),Банки и кредиты,providers.php
image/png,False,asset-d037fba028eb,http://cluster.skysend.ru:6721/image.php?provider=2862,assets/originals/providers/provider-2862.png,provider-logo,150,150,2052,verified,approved-original,home.providers / providers.catalog,Логотип из действующего публичного каталога SkySend. Не увеличивать выше исходного разрешения; сохранить цвета и пропорции. Существование в каталоге не подтверждает доступность платежей.,0fd31fa0d7fb3d3737b19f0c04f3efbee3c333986d96f734c24283a61d5e2e3a,ИТУРУП (ООО),Банки и кредиты,providers.php
image/png,False,asset-bdf1eb179469,http://cluster.skysend.ru:6721/image.php?provider=2863,assets/originals/providers/provider-2863.png,provider-logo,170,103,16785,verified,approved-original,home.providers / providers.catalog,Логотип из действующего публичного каталога SkySend. Не увеличивать выше исходного разрешения; сохранить цвета и пропорции. Существование в каталоге не подтверждает доступность платежей.,c9fb51bd51d52e4bf0f942e8e5cfcd904c76b616677681e729cc8398d05de6c1,ИШБАНК (АО),Банки и кредиты,providers.php
image/png,False,asset-3b5a161fbad0,http://cluster.skysend.ru:6721/image.php?provider=2889,assets/originals/providers/provider-2889.png,provider-logo,170,103,13287,verified,approved-original,home.providers / providers.catalog,Логотип из действующего публичного каталога SkySend. Не увеличивать выше исходного разрешения; сохранить цвета и пропорции. Существование в каталоге не подтверждает доступность платежей.,e0c840875586394651101d4fe9a78bdaa4188e6676d507c83f87f1da4ba73c4a,КОШЕЛЕВ-БАНК (АО),Банки и кредиты,providers.php
image/png,False,asset-b279baee8d2a,http://cluster.skysend.ru:6721/image.php?provider=2892,assets/originals/providers/provider-2892.png,provider-logo,170,103,17453,verified,approved-original,home.providers / providers.catalog,Логотип из действующего публичного каталога SkySend. Не увеличивать выше исходного разрешения; сохранить цвета и пропорции. Существование в каталоге не подтверждает доступность платежей.,8e55384a311afefbcfae93eeac96af7082bc0bdd5e4a7ac17f18ca3a09f8a29d,КРЕДИТ УРАЛ БАНК (АО),Банки и кредиты,providers.php
image/png,False,asset-f5b770098279,http://cluster.skysend.ru:6721/image.php?provider=2898,assets/originals/providers/provider-2898.png,provider-logo,170,103,3553,verified,approved-original,home.providers / providers.catalog,Логотип из действующего публичного каталога SkySend. Не увеличивать выше исходного разрешения; сохранить цвета и пропорции. Существование в каталоге не подтверждает доступность платежей.,f5b8932be05ee752e4c0c8f8c5d6f291dd48b5e53bfc0d12b4dde8855c6c9156,КРЕМЛЕВСКИЙ (ООО),Банки и кредиты,providers.php
image/png,False,asset-8b47fccf3b0f,http://cluster.skysend.ru:6721/image.php?provider=2899,assets/originals/providers/provider-2899.png,provider-logo,170,103,5198,verified,approved-original,home.providers / providers.catalog,Логотип из действующего публичного каталога SkySend. Не увеличивать выше исходного разрешения; сохранить цвета и пропорции. Существование в каталоге не подтверждает доступность платежей.,d4f7434218a24f8fcda6bbc7e3da9c1abbdc3dd5c8567d6eb7269da17b1bb246,КРОКУС-БАНК (ООО),Банки и кредиты,providers.php
image/png,False,asset-9000313eb3e6,http://cluster.skysend.ru:6721/image.php?provider=2907,assets/originals/providers/provider-2907.png,provider-logo,170,103,30710,verified,approved-original,home.providers / providers.catalog,Логотип из действующего публичного каталога SkySend. Не увеличивать выше исходного разрешения; сохранить цвета и пропорции. Существование в каталоге не подтверждает доступность платежей.,ef45f414021fac320b9522e63373baad556e85e06e81bdd4107ab7bf17da3ccf,КУБАНЬТОРГБАНК (АО),Банки и кредиты,providers.php
image/png,False,asset-237817e56939,http://cluster.skysend.ru:6721/image.php?provider=2909,assets/originals/providers/provider-2909.png,provider-logo,170,103,5293,verified,approved-original,home.providers / providers.catalog,Логотип из действующего публичного каталога SkySend. Не увеличивать выше исходного разрешения; сохранить цвета и пропорции. Существование в каталоге не подтверждает доступность платежей.,3ed5fc12e9d97f82e95483c6ce25e3481b23cbb7aaa3d21007028d668ea46c2c,КУЗНЕЦКБИЗНЕСБАНК (ОАО),Банки и кредиты,providers.php
image/png,False,asset-c00efb4ce643,http://cluster.skysend.ru:6721/image.php?provider=2918,assets/originals/providers/provider-2918.png,provider-logo,170,103,11144,verified,approved-original,home.providers / providers.catalog,Логотип из действующего публичного каталога SkySend. Не увеличивать выше исходного разрешения; сохранить цвета и пропорции. Существование в каталоге не подтверждает доступность платежей.,018811cea594e726fe4eba29b60091387f7f840b205ca3c2eed20d02458ce613,ЛЕВОБЕРЕЖНЫЙ (ПАО),Банки и кредиты,providers.php
image/png,False,asset-104db2202f6f,http://cluster.skysend.ru:6721/image.php?provider=2938,assets/originals/providers/provider-2938.png,provider-logo,170,103,11259,verified,approved-original,home.providers / providers.catalog,Логотип из действующего публичного каталога SkySend. Не увеличивать выше исходного разрешения; сохранить цвета и пропорции. Существование в каталоге не подтверждает доступность платежей.,df7012c494d73b3d13a3dfda03dd365e930dc850490639b46168baf79330f1d6,МЕЖДУНАРОДНЫЙ ФИНАНСОВЫЙ КЛУБ (ОАО),Банки и кредиты,providers.php
image/png,False,asset-e70315440a48,http://cluster.skysend.ru:6721/image.php?provider=2946,assets/originals/providers/provider-2946.png,provider-logo,170,103,6828,verified,approved-original,home.providers / providers.catalog,Логотип из действующего публичного каталога SkySend. Не увеличивать выше исходного разрешения; сохранить цвета и пропорции. Существование в каталоге не подтверждает доступность платежей.,22269c822f3c903e5c9bb4a1ddd530f253c140f62e945ae63d1ff1b50ff57f07,МЕТАЛЛИНВЕСТБАНК (ПАО),Банки и кредиты,providers.php
image/png,False,asset-a96f39f99b9c,http://cluster.skysend.ru:6721/image.php?provider=2949,assets/originals/providers/provider-2949.png,provider-logo,170,103,26288,verified,approved-original,home.providers / providers.catalog,Логотип из действующего публичного каталога SkySend. Не увеличивать выше исходного разрешения; сохранить цвета и пропорции. Существование в каталоге не подтверждает доступность платежей.,217621c70640d10435ccfc024363a17757ffcc16ce1048f80865a008a0568b04,МЕТКОМБАНК (ПАО),Банки и кредиты,providers.php
image/png,False,asset-8ca27faaa095,http://cluster.skysend.ru:6721/image.php?provider=2955,assets/originals/providers/provider-2955.png,provider-logo,170,103,13845,verified,approved-original,home.providers / providers.catalog,Логотип из действующего публичного каталога SkySend. Не увеличивать выше исходного разрешения; сохранить цвета и пропорции. Существование в каталоге не подтверждает доступность платежей.,340f612299fff14346a0c7fc2f278be366c9176a0abfb30ec9e369b787736342,МБ Банк (МИР БИЗНЕС БАНК),Банки и кредиты,providers.php
image/png,False,asset-078420d5819e,http://cluster.skysend.ru:6721/image.php?provider=2963,assets/originals/providers/provider-2963.png,provider-logo,170,103,6848,verified,approved-original,home.providers / providers.catalog,Логотип из действующего публичного каталога SkySend. Не увеличивать выше исходного разрешения; сохранить цвета и пропорции. Существование в каталоге не подтверждает доступность платежей.,7a020e35e57eb2c3054df6b42697e2c0038caf8321b9d8d9b9c7d5a2c7a60f3e,МОРСКОЙ БАНК (ОАО),Банки и кредиты,providers.php
image/png,False,asset-9953487fb1eb,http://cluster.skysend.ru:6721/image.php?provider=2968,assets/originals/providers/provider-2968.png,provider-logo,189,104,17332,verified,approved-original,home.providers / providers.catalog,Логотип из действующего публичного каталога SkySend. Не увеличивать выше исходного разрешения; сохранить цвета и пропорции. Существование в каталоге не подтверждает доступность платежей.,4a242ce9f9dd01e4a382a3181f4800b094e34e905c35f1609dccdb0ea16fdf77,МОСКОМБАНК (МОСКОВСКИЙ КОММЕРЧЕСКИЙ БАНК),Банки и кредиты,providers.php
image/png,False,asset-fd1ae852aaea,http://cluster.skysend.ru:6721/image.php?provider=2969,assets/originals/providers/provider-2969.png,provider-logo,190,62,7158,verified,approved-original,home.providers / providers.catalog,Логотип из действующего публичного каталога SkySend. Не увеличивать выше исходного разрешения; сохранить цвета и пропорции. Существование в каталоге не подтверждает доступность платежей.,d61a371943662901279bd014909b010e3319b204369bd825998b9b9b31c69b1d,МКБ (Московский кредитный банк),Банки и кредиты,providers.php
image/png,False,asset-d976178ef840,http://cluster.skysend.ru:6721/image.php?provider=2977,assets/originals/providers/provider-2977.png,provider-logo,170,103,3311,verified,approved-original,home.providers / providers.catalog,Логотип из действующего публичного каталога SkySend. Не увеличивать выше исходного разрешения; сохранить цвета и пропорции. Существование в каталоге не подтверждает доступность платежей.,88a237149c0e537e2991ebf867b43d258068b1128d6e0c8f6dc727b8aab18767,МС БАНК РУС (АО),Банки и кредиты,providers.php
image/png,False,asset-dc6275fc0b00,http://cluster.skysend.ru:6721/image.php?provider=2993,assets/originals/providers/provider-2993.png,provider-logo,170,103,9799,verified,approved-original,home.providers / providers.catalog,Логотип из действующего публичного каталога SkySend. Не увеличивать выше исходного разрешения; сохранить цвета и пропорции. Существование в каталоге не подтверждает доступность платежей.,8815421f65cec4c106cfea97dde16809e0c3dac47775abf723b7b73465a98a75,НАЦИОНАЛЬНЫЙ СТАНДАРТ (АО),Банки и кредиты,providers.php
image/png,False,asset-cf438e2c0fa5,http://cluster.skysend.ru:6721/image.php?provider=2997,assets/originals/providers/provider-2997.png,provider-logo,170,103,27758,verified,approved-original,home.providers / providers.catalog,Логотип из действующего публичного каталога SkySend. Не увеличивать выше исходного разрешения; сохранить цвета и пропорции. Существование в каталоге не подтверждает доступность платежей.,57c7d3747c6920be100ae63e882e394c92ed7df0f16b3effc2525fc9cb5f7073,НБД-БАНК (ПАО),Банки и кредиты,providers.php
image/png,False,asset-f4bc57636132,http://cluster.skysend.ru:6721/image.php?provider=3007,assets/originals/providers/provider-3007.png,provider-logo,170,103,10787,verified,approved-original,home.providers / providers.catalog,Логотип из действующего публичного каталога SkySend. Не увеличивать выше исходного разрешения; сохранить цвета и пропорции. Существование в каталоге не подтверждает доступность платежей.,64c1a981b91f9e435fda84a8438e10e85340f7288d9842c16754da9976a70d4e,НИКО-БАНК (ПАО),Банки и кредиты,providers.php
image/png,False,asset-39fa5bed7b53,http://cluster.skysend.ru:6721/image.php?provider=3008,assets/originals/providers/provider-3008.png,provider-logo,170,103,17304,verified,approved-original,home.providers / providers.catalog,Логотип из действующего публичного каталога SkySend. Не увеличивать выше исходного разрешения; сохранить цвета и пропорции. Существование в каталоге не подтверждает доступность платежей.,5b0affd0f813bba194a70453203d049a398ddb801be07ed69830a31e73db6f4f,НК БАНК (ОАО),Банки и кредиты,providers.php
image/png,False,asset-8427fc2d9e4f,http://cluster.skysend.ru:6721/image.php?provider=3012,assets/originals/providers/provider-3012.png,provider-logo,170,103,8138,verified,approved-original,home.providers / providers.catalog,Логотип из действующего публичного каталога SkySend. Не увеличивать выше исходного разрешения; сохранить цвета и пропорции. Существование в каталоге не подтверждает доступность платежей.,3b9cbc3f9393570ba2f4fc2c29db6770d918cbae92d5039023adc6830d07b5b5,НОВИКОМБАНК (АО),Банки и кредиты,providers.php
image/png,False,asset-ef6e83ccbeb3,http://cluster.skysend.ru:6721/image.php?provider=3013,assets/originals/providers/provider-3013.png,provider-logo,170,103,4666,verified,approved-original,home.providers / providers.catalog,Логотип из действующего публичного каталога SkySend. Не увеличивать выше исходного разрешения; сохранить цвета и пропорции. Существование в каталоге не подтверждает доступность платежей.,d88b27aa097a10cfd1dfea4cacaf9f3c5687c354100b1f1db1afebe3456ab16c,НОВОБАНК (ОАО),Банки и кредиты,providers.php
image/png,False,asset-a43c04b4ecb1,http://cluster.skysend.ru:6721/image.php?provider=3022,assets/originals/providers/provider-3022.png,provider-logo,170,103,6256,verified,approved-original,home.providers / providers.catalog,Логотип из действующего публичного каталога SkySend. Не увеличивать выше исходного разрешения; сохранить цвета и пропорции. Существование в каталоге не подтверждает доступность платежей.,97dac757b6d402eeed227c7115ef959b389c1d819f7a836c05b61dca995e835d,НОКССБАНК (ПАО),Банки и кредиты,providers.php
image/png,False,asset-684b20781926,http://cluster.skysend.ru:6721/image.php?provider=3024,assets/originals/providers/provider-3024.png,provider-logo,170,103,10467,verified,approved-original,home.providers / providers.catalog,Логотип из действующего публичного каталога SkySend. Не увеличивать выше исходного разрешения; сохранить цвета и пропорции. Существование в каталоге не подтверждает доступность платежей.,b89187844c8116a45b8c4a86cc40f29c99f0ae197a92cff0399ca7a3411c3532,НОРВИК БАНК (ПАО),Банки и кредиты,providers.php
image/png,False,asset-15b8e4c52429,http://cluster.skysend.ru:6721/image.php?provider=3027,assets/originals/providers/provider-3027.png,provider-logo,170,103,20921,verified,approved-original,home.providers / providers.catalog,Логотип из действующего публичного каталога SkySend. Не увеличивать выше исходного разрешения; сохранить цвета и пропорции. Существование в каталоге не подтверждает доступность платежей.,3dcb113042e52cea5f5324c8601f282c270966589abde83251a4abf0f3ce7fba,НС БАНК,Банки и кредиты,providers.php
image/png,False,asset-e0ef0901fb58,http://cluster.skysend.ru:6721/image.php?provider=3033,assets/originals/providers/provider-3033.png,provider-logo,170,103,9288,verified,approved-original,home.providers / providers.catalog,Логотип из действующего публичного каталога SkySend. Не увеличивать выше исходного разрешения; сохранить цвета и пропорции. Существование в каталоге не подтверждает доступность платежей.,49ddd706fcff7ca6ba978da06c611839e990d174f079a1f9fa7934597d7f4e16,ОБЪЕДИНЕННЫЙ КАПИТАЛ (ОАО),Банки и кредиты,providers.php
image/png,False,asset-9a4d381cd060,http://cluster.skysend.ru:6721/image.php?provider=3046,assets/originals/providers/provider-3046.png,provider-logo,170,103,35887,verified,approved-original,home.providers / providers.catalog,Логотип из действующего публичного каталога SkySend. Не увеличивать выше исходного разрешения; сохранить цвета и пропорции. Существование в каталоге не подтверждает доступность платежей.,048cc89d29bd9037587324319bb240abfd68fbb99ec8beb57d6bcea4a964453a,ПЕРВЫЙ ИНВЕСТИЦИОННЫЙ (ЗАО),Банки и кредиты,providers.php
image/png,False,asset-85a94b13469b,http://cluster.skysend.ru:6721/image.php?provider=3060,assets/originals/providers/provider-3060.png,provider-logo,170,103,3970,verified,approved-original,home.providers / providers.catalog,Логотип из действующего публичного каталога SkySend. Не увеличивать выше исходного разрешения; сохранить цвета и пропорции. Существование в каталоге не подтверждает доступность платежей.,079b7edb0f76ca291b00438d823674642d34bec6b73f073d8fc9bb1a15543252,ПРИМОРЬЕ (ОАО),Банки и кредиты,providers.php
image/png,False,asset-775a627675af,http://cluster.skysend.ru:6721/image.php?provider=3061,assets/originals/providers/provider-3061.png,provider-logo,170,103,8462,verified,approved-original,home.providers / providers.catalog,Логотип из действующего публичного каталога SkySend. Не увеличивать выше исходного разрешения; сохранить цвета и пропорции. Существование в каталоге не подтверждает доступность платежей.,06598522f94f8dedd2ce62f8ef561895daaf51c131f91d2255abbb42489764b7,ПРИМСОЦБАНК (ПАО),Банки и кредиты,providers.php
image/png,False,asset-463737ec37b3,http://cluster.skysend.ru:6721/image.php?provider=3062,assets/originals/providers/provider-3062.png,provider-logo,170,103,15359,verified,approved-original,home.providers / providers.catalog,Логотип из действующего публичного каталога SkySend. Не увеличивать выше исходного разрешения; сохранить цвета и пропорции. Существование в каталоге не подтверждает доступность платежей.,cc4c455d47556dba9044a1f28e6a6f4f8a820e4f0f0ba8db5e8885c753fd2701,ПРИО-ВНЕШТОРГБАНК (ОАО),Банки и кредиты,providers.php
image/png,False,asset-563177ae0490,http://cluster.skysend.ru:6721/image.php?provider=3072,assets/originals/providers/provider-3072.png,provider-logo,144,18,4547,verified,approved-original,home.providers / providers.catalog,Логотип из действующего публичного каталога SkySend. Не увеличивать выше исходного разрешения; сохранить цвета и пропорции. Существование в каталоге не подтверждает доступность платежей.,2f3422afd74350cf4575fbb94bb579d2caf3b991403f2c48a975c7f83671e1ef,ПроБанк,Банки и кредиты,providers.php
image/png,False,asset-e45deec012bb,http://cluster.skysend.ru:6721/image.php?provider=3077,assets/originals/providers/provider-3077.png,provider-logo,170,103,18940,verified,approved-original,home.providers / providers.catalog,Логотип из действующего публичного каталога SkySend. Не увеличивать выше исходного разрешения; сохранить цвета и пропорции. Существование в каталоге не подтверждает доступность платежей.,1a584526e519a2bbfd51160360bca0f2411c71e11fe44ed309176f506086bbac,РАЗВИТИЕ-СТОЛИЦА (АО),Банки и кредиты,providers.php
image/png,False,asset-0e73ba18cdbb,http://cluster.skysend.ru:6721/image.php?provider=3093,assets/originals/providers/provider-3093.png,provider-logo,170,103,8899,verified,approved-original,home.providers / providers.catalog,Логотип из действующего публичного каталога SkySend. Не увеличивать выше исходного разрешения; сохранить цвета и пропорции. Существование в каталоге не подтверждает доступность платежей.,e0a3f3626646676043b2261bda26db31dc687a94750734e91688f6aa351d421e,РН БАНК (АО),Банки и кредиты,providers.php
image/png,False,asset-e51cd414e3f7,http://cluster.skysend.ru:6721/image.php?provider=3097,assets/originals/providers/provider-3097.png,provider-logo,170,103,9607,verified,approved-original,home.providers / providers.catalog,Логотип из действующего публичного каталога SkySend. Не увеличивать выше исходного разрешения; сохранить цвета и пропорции. Существование в каталоге не подтверждает доступность платежей.,9a356b89ead445c0371a3a3367cacb0d4782d383eaa685c2d527ce729489923f,РОСДОРБАНК (ПАО),Банки и кредиты,providers.php
image/png,False,asset-62abe4a991b7,http://cluster.skysend.ru:6721/image.php?provider=3105,assets/originals/providers/provider-3105.png,provider-logo,170,103,10402,verified,approved-original,home.providers / providers.catalog,Логотип из действующего публичного каталога SkySend. Не увеличивать выше исходного разрешения; сохранить цвета и пропорции. Существование в каталоге не подтверждает доступность платежей.,bedbd835b5ae2177a99e33bdf89c6276fc88cceadc0bfc862bc3ff52616a90ae,РОСТФИНАНС (ООО),Банки и кредиты,providers.php
image/png,False,asset-a576a3254439,http://cluster.skysend.ru:6721/image.php?provider=3114,assets/originals/providers/provider-3114.png,provider-logo,170,103,5260,verified,approved-original,home.providers / providers.catalog,Логотип из действующего публичного каталога SkySend. Не увеличивать выше исходного разрешения; сохранить цвета и пропорции. Существование в каталоге не подтверждает доступность платежей.,81eb572f373f02f09bf30ac5972cd28c6d9fbf05053b6f30eba4aa9c775f7fea,РУСНАРБАНК (ЗАО),Банки и кредиты,providers.php
image/png,False,asset-2a944f8ac71b,http://cluster.skysend.ru:6721/image.php?provider=3127,assets/originals/providers/provider-3127.png,provider-logo,170,103,23722,verified,approved-original,home.providers / providers.catalog,Логотип из действующего публичного каталога SkySend. Не увеличивать выше исходного разрешения; сохранить цвета и пропорции. Существование в каталоге не подтверждает доступность платежей.,3789ee531c72e4c1e3bd50e4eb34ab10a1be0943d9165092791efc3fc3be5c88,РУСЬУНИВЕРСАЛБАНК (ООО),Банки и кредиты,providers.php
image/png,False,asset-f30481e79ca0,http://cluster.skysend.ru:6721/image.php?provider=3133,assets/originals/providers/provider-3133.png,provider-logo,170,103,12018,verified,approved-original,home.providers / providers.catalog,Логотип из действующего публичного каталога SkySend. Не увеличивать выше исходного разрешения; сохранить цвета и пропорции. Существование в каталоге не подтверждает доступность платежей.,cca475ee4f8a83fa838b33734a664e1c0cef9117e7f14ff13cfbde0e1ba72600,САРАТОВ (ООО),Банки и кредиты,providers.php
image/png,False,asset-ad4e9955999a,http://cluster.skysend.ru:6721/image.php?provider=3137,assets/originals/providers/provider-3137.png,provider-logo,170,103,6676,verified,approved-original,home.providers / providers.catalog,Логотип из действующего публичного каталога SkySend. Не увеличивать выше исходного разрешения; сохранить цвета и пропорции. Существование в каталоге не подтверждает доступность платежей.,e97ab2b3481d1291204c56a10e9dc8d92842ffb7b4a6b79d113267e633f3caad,СЕВЕРНЫЙ НАРОДНЫЙ БАНК (ПАО),Банки и кредиты,providers.php
image/png,False,asset-55f5c06d6ed3,http://cluster.skysend.ru:6721/image.php?provider=3145,assets/originals/providers/provider-3145.png,provider-logo,150,150,15878,verified,approved-original,home.providers / providers.catalog,Логотип из действующего публичного каталога SkySend. Не увеличивать выше исходного разрешения; сохранить цвета и пропорции. Существование в каталоге не подтверждает доступность платежей.,63519e4e06c9001f02939bb5c56f5892b3bb577bd37465b53966dc14c5cde59e,ВБРР Банк,Банки и кредиты,providers.php
image/png,False,asset-4fe74e7a95ae,http://cluster.skysend.ru:6721/image.php?provider=3146,assets/originals/providers/provider-3146.png,provider-logo,170,103,5511,verified,approved-original,home.providers / providers.catalog,Логотип из действующего публичного каталога SkySend. Не увеличивать выше исходного разрешения; сохранить цвета и пропорции. Существование в каталоге не подтверждает доступность платежей.,c03b0fc6a9b3c0402c1df34b98b2c7a56608c614ece781613a773d773b4d9816,СИБСОЦБАНК (ООО),Банки и кредиты,providers.php
image/png,False,asset-5f7d078df3a7,http://cluster.skysend.ru:6721/image.php?provider=3149,assets/originals/providers/provider-3149.png,provider-logo,170,103,37834,verified,approved-original,home.providers / providers.catalog,Логотип из действующего публичного каталога SkySend. Не увеличивать выше исходного разрешения; сохранить цвета и пропорции. Существование в каталоге не подтверждает доступность платежей.,2f64530fb3abfef7d2ca4d0ab98b7fcc7520e09e4bd2fc09ab612d7bac2a7edc,СИНКО-БАНК (ООО),Банки и кредиты,providers.php
image/png,False,asset-dd01f55b88fe,http://cluster.skysend.ru:6721/image.php?provider=3158,assets/originals/providers/provider-3158.png,provider-logo,170,103,6504,verified,approved-original,home.providers / providers.catalog,Логотип из действующего публичного каталога SkySend. Не увеличивать выше исходного разрешения; сохранить цвета и пропорции. Существование в каталоге не подтверждает доступность платежей.,0c4eba52da0bf92919f0e73af541070dae18ea1eced161b345dceb1a76440bae,СНЕЖИНСКИЙ (ПАО),Банки и кредиты,providers.php
image/png,False,asset-ffeddf4e0c8a,http://cluster.skysend.ru:6721/image.php?provider=3163,assets/originals/providers/provider-3163.png,provider-logo,170,103,19896,verified,approved-original,home.providers / providers.catalog,Логотип из действующего публичного каталога SkySend. Не увеличивать выше исходного разрешения; сохранить цвета и пропорции. Существование в каталоге не подтверждает доступность платежей.,538322244547ae22dd1cce39e148d1ecc9067147d3870561d2736512eac726a7,СОЛИД БАНК (ЗАО),Банки и кредиты,providers.php
image/png,False,asset-baa0782a5994,http://cluster.skysend.ru:6721/image.php?provider=3164,assets/originals/providers/provider-3164.png,provider-logo,170,103,20208,verified,approved-original,home.providers / providers.catalog,Логотип из действующего публичного каталога SkySend. Не увеличивать выше исходного разрешения; сохранить цвета и пропорции. Существование в каталоге не подтверждает доступность платежей.,f4aa348499b01c94d71f2a975c65696fbb6d48559af9281b6ed8fd4fddf00a42,СОЛИДАРНОСТЬ (АО),Банки и кредиты,providers.php
image/png,False,asset-fa76c1007699,http://cluster.skysend.ru:6721/image.php?provider=3167,assets/originals/providers/provider-3167.png,provider-logo,170,103,5743,verified,approved-original,home.providers / providers.catalog,Логотип из действующего публичного каталога SkySend. Не увеличивать выше исходного разрешения; сохранить цвета и пропорции. Существование в каталоге не подтверждает доступность платежей.,67b4fb332c94f082335a7d272df7464b3870adc77f612739c61040bb85dcd481,СОЦИУМ-БАНК (ООО),Банки и кредиты,providers.php
image/png,False,asset-fe0118a7b596,http://cluster.skysend.ru:6721/image.php?provider=3181,assets/originals/providers/provider-3181.png,provider-logo,170,103,15248,verified,approved-original,home.providers / providers.catalog,Логотип из действующего публичного каталога SkySend. Не увеличивать выше исходного разрешения; сохранить цвета и пропорции. Существование в каталоге не подтверждает доступность платежей.,d2bfdc36a64e4e65d8f39b0467671a93a1f1ef388e21939d805049e4f50a57e3,СТРОЙЛЕСБАНК (ООО),Банки и кредиты,providers.php
image/png,False,asset-16443c09e9b1,http://cluster.skysend.ru:6721/image.php?provider=3183,assets/originals/providers/provider-3183.png,provider-logo,130,44,7509,verified,approved-original,home.providers / providers.catalog,Логотип из действующего публичного каталога SkySend. Не увеличивать выше исходного разрешения; сохранить цвета и пропорции. Существование в каталоге не подтверждает доступность платежей.,d8ac6cab21445965dbb21fe8ed5cb550825471979ecf79f168eb7e80e9ec896b,СНГБ БАНК (СУРГУТНЕФТЕГАЗБАНК),Банки и кредиты,providers.php
image/png,False,asset-ef4279855206,http://cluster.skysend.ru:6721/image.php?provider=3193,assets/originals/providers/provider-3193.png,provider-logo,170,103,5262,verified,approved-original,home.providers / providers.catalog,Логотип из действующего публичного каталога SkySend. Не увеличивать выше исходного разрешения; сохранить цвета и пропорции. Существование в каталоге не подтверждает доступность платежей.,0c1770d4139edf910b41036bd0bf606e3d615716cb8412afd1ea4d7ba49bb846,ТАТСОЦБАНК (АО),Банки и кредиты,providers.php
image/png,False,asset-de21b025797c,http://cluster.skysend.ru:6721/image.php?provider=3196,assets/originals/providers/provider-3196.png,provider-logo,150,150,4556,verified,approved-original,home.providers / providers.catalog,Логотип из действующего публичного каталога SkySend. Не увеличивать выше исходного разрешения; сохранить цвета и пропорции. Существование в каталоге не подтверждает доступность платежей.,0748b1b00f27c81217dd6027f28d1452b99c2f9209c004595ed8e811007c037c,ТЕНДЕР-БАНК (АО),Банки и кредиты,providers.php
image/png,False,asset-6d0c6a51485a,http://cluster.skysend.ru:6721/image.php?provider=3199,assets/originals/providers/provider-3199.png,provider-logo,150,150,4503,verified,approved-original,home.providers / providers.catalog,Логотип из действующего публичного каталога SkySend. Не увеличивать выше исходного разрешения; сохранить цвета и пропорции. Существование в каталоге не подтверждает доступность платежей.,abf99752bf8f91fb408983e3c3889a59103706957267adf45542d27ddda5c30f,ТИМЕР БАНК (ПАО),Банки и кредиты,providers.php
image/png,False,asset-d1f72f5cc8d0,http://cluster.skysend.ru:6721/image.php?provider=3200,assets/originals/providers/provider-3200.png,provider-logo,170,103,16612,verified,approved-original,home.providers / providers.catalog,Логотип из действующего публичного каталога SkySend. Не увеличивать выше исходного разрешения; сохранить цвета и пропорции. Существование в каталоге не подтверждает доступность платежей.,57b53170663d745c363fe94b8d80c741d602765012ae6c276924b2eb258c746f,ТОЙОТА БАНК (АО),Банки и кредиты,providers.php
image/png,False,asset-634237e5eda3,http://cluster.skysend.ru:6721/image.php?provider=3201,assets/originals/providers/provider-3201.png,provider-logo,150,150,6814,verified,approved-original,home.providers / providers.catalog,Логотип из действующего публичного каталога SkySend. Не увеличивать выше исходного разрешения; сохранить цвета и пропорции. Существование в каталоге не подтверждает доступность платежей.,cbf6174ea111bfe9fac4f82740a54ae80e64874960c0904efd998a6bb57b6d0b,ТОЛЬЯТТИХИМБАНК (АО),Банки и кредиты,providers.php
image/png,False,asset-4ed3221ed5d9,http://cluster.skysend.ru:6721/image.php?provider=3202,assets/originals/providers/provider-3202.png,provider-logo,170,103,16893,verified,approved-original,home.providers / providers.catalog,Логотип из действующего публичного каталога SkySend. Не увеличивать выше исходного разрешения; сохранить цвета и пропорции. Существование в каталоге не подтверждает доступность платежей.,a9b89b692fc0912c794ee021e32fc9ec26acfc3fc963eb868cb5a258f9824064,ТОМСКПРОМСТРОЙБАНК (ОАО),Банки и кредиты,providers.php
image/png,False,asset-76fbf281b8c2,http://cluster.skysend.ru:6721/image.php?provider=3205,assets/originals/providers/provider-3205.png,provider-logo,150,150,21240,verified,approved-original,home.providers / providers.catalog,Логотип из действующего публичного каталога SkySend. Не увеличивать выше исходного разрешения; сохранить цвета и пропорции. Существование в каталоге не подтверждает доступность платежей.,7df47f41c770116f061bc83014f2451d2a0cb5674727a423fd367e894f9193e9,ТРАНССТРОЙБАНК (АО),Банки и кредиты,providers.php
image/png,False,asset-2511ec19ced4,http://cluster.skysend.ru:6721/image.php?provider=3211,assets/originals/providers/provider-3211.png,provider-logo,170,103,11647,verified,approved-original,home.providers / providers.catalog,Логотип из действующего публичного каталога SkySend. Не увеличивать выше исходного разрешения; сохранить цвета и пропорции. Существование в каталоге не подтверждает доступность платежей.,2bf2a83223a37c910743a101e7f380ad4f7d6023d61b7abd694ee68a932825fc,УГЛЕМЕТБАНК (АО),Банки и кредиты,providers.php
image/png,False,asset-74ae0a54c795,http://cluster.skysend.ru:6721/image.php?provider=3215,assets/originals/providers/provider-3215.png,provider-logo,150,150,8597,verified,approved-original,home.providers / providers.catalog,Логотип из действующего публичного каталога SkySend. Не увеличивать выше исходного разрешения; сохранить цвета и пропорции. Существование в каталоге не подтверждает доступность платежей.,090a3497d84e21902263d0381b0e702be847d4333d453564c87958392219416c,УРАЛПРОМБАНК (ОАО),Банки и кредиты,providers.php
image/png,False,asset-2b3941eb122d,http://cluster.skysend.ru:6721/image.php?provider=3220,assets/originals/providers/provider-3220.png,provider-logo,170,103,9629,verified,approved-original,home.providers / providers.catalog,Логотип из действующего публичного каталога SkySend. Не увеличивать выше исходного разрешения; сохранить цвета и пропорции. Существование в каталоге не подтверждает доступность платежей.,3b3bbd1ee2a81558a51f453615590dc00783781a70680c96a0d20060a6255784,Урал ФД Банк,Банки и кредиты,providers.php
image/png,False,asset-6b3e97b991f5,http://cluster.skysend.ru:6721/image.php?provider=323,assets/originals/providers/provider-323.png,provider-logo,170,103,6117,verified,approved-original,home.providers / providers.catalog,Логотип из действующего публичного каталога SkySend. Не увеличивать выше исходного разрешения; сохранить цвета и пропорции. Существование в каталоге не подтверждает доступность платежей.,97dd150d68a2c723f584f97dbc02c7abd78b342482f7064c21b18b6e00190ded,Еммануил,Добрые дела,providers.php
image/png,False,asset-26eb26c8cc55,http://cluster.skysend.ru:6721/image.php?provider=3237,assets/originals/providers/provider-3237.png,provider-logo,150,150,3786,verified,approved-original,home.providers / providers.catalog,Логотип из действующего публичного каталога SkySend. Не увеличивать выше исходного разрешения; сохранить цвета и пропорции. Существование в каталоге не подтверждает доступность платежей.,22afdf09ad5cf52fa8d57987757330f7266fec40ce83779cbdc24a6251bb8196,ФОРА-БАНК (АО),Банки и кредиты,providers.php
image/png,False,asset-adb48c94e3e5,http://cluster.skysend.ru:6721/image.php?provider=3240,assets/originals/providers/provider-3240.png,provider-logo,170,103,7040,verified,approved-original,home.providers / providers.catalog,Логотип из действующего публичного каталога SkySend. Не увеличивать выше исходного разрешения; сохранить цвета и пропорции. Существование в каталоге не подтверждает доступность платежей.,adafd16ad7f44ac4265cdfa030339ba21c58a047f590326d79c0332db0a0f71b,ФОРШТАДТ (АО),Банки и кредиты,providers.php
image/png,False,asset-e15e83dba45a,http://cluster.skysend.ru:6721/image.php?provider=3241,assets/originals/providers/provider-3241.png,provider-logo,170,103,8326,verified,approved-original,home.providers / providers.catalog,Логотип из действующего публичного каталога SkySend. Не увеличивать выше исходного разрешения; сохранить цвета и пропорции. Существование в каталоге не подтверждает доступность платежей.,b2e71e2c4485442659d4561cc293995a6aaf23dc78ea4a61ba1163f7c80dd3e3,ХАКАССКИЙ МУНИЦИПАЛЬНЫЙ БАНК (ООО),Банки и кредиты,providers.php
image/png,False,asset-fa44ee15497d,http://cluster.skysend.ru:6721/image.php?provider=3244,assets/originals/providers/provider-3244.png,provider-logo,150,150,3638,verified,approved-original,home.providers / providers.catalog,Логотип из действующего публичного каталога SkySend. Не увеличивать выше исходного разрешения; сохранить цвета и пропорции. Существование в каталоге не подтверждает доступность платежей.,e84201026de0ef1da7214f3c8f4d2cda41b81fcb321b00647f9310b83fc1df13,ХЛЫНОВ (ОАО),Банки и кредиты,providers.php
image/png,False,asset-4053843998fd,http://cluster.skysend.ru:6721/image.php?provider=3251,assets/originals/providers/provider-3251.png,provider-logo,170,103,6580,verified,approved-original,home.providers / providers.catalog,Логотип из действующего публичного каталога SkySend. Не увеличивать выше исходного разрешения; сохранить цвета и пропорции. Существование в каталоге не подтверждает доступность платежей.,307df34725b200ac52395daa750ec0d9343089968438aff07665e644bfe697f7,ЦЕНТРОКРЕДИТ (АО),Банки и кредиты,providers.php
image/png,False,asset-0e3717d515e1,http://cluster.skysend.ru:6721/image.php?provider=3254,assets/originals/providers/provider-3254.png,provider-logo,150,73,13686,verified,approved-original,home.providers / providers.catalog,Логотип из действующего публичного каталога SkySend. Не увеличивать выше исходного разрешения; сохранить цвета и пропорции. Существование в каталоге не подтверждает доступность платежей.,668b1f9fb711e53ba4f9c53132734b0234317316367000486600821264b7455c,Эс-Би-Ай Банк,Банки и кредиты,providers.php
image/png,False,asset-423763a14391,http://cluster.skysend.ru:6721/image.php?provider=3255,assets/originals/providers/provider-3255.png,provider-logo,170,103,16287,verified,approved-original,home.providers / providers.catalog,Логотип из действующего публичного каталога SkySend. Не увеличивать выше исходного разрешения; сохранить цвета и пропорции. Существование в каталоге не подтверждает доступность платежей.,1015bacb9b5425e7b51320b1cc1da1844a7a92ff73e2fe20e92f3d5c6220a742,ЧЕЛИНДБАНК (ОАО),Банки и кредиты,providers.php
image/png,False,asset-e3971eb8206f,http://cluster.skysend.ru:6721/image.php?provider=3256,assets/originals/providers/provider-3256.png,provider-logo,170,103,8692,verified,approved-original,home.providers / providers.catalog,Логотип из действующего публичного каталога SkySend. Не увеличивать выше исходного разрешения; сохранить цвета и пропорции. Существование в каталоге не подтверждает доступность платежей.,ec36e8c92b0a3273792243d7eb7da41b1156c452811451b95c260dfd9284154b,ЧЕЛЯБИНВЕСТБАНК (ОАО),Банки и кредиты,providers.php
image/png,False,asset-34e7fb044002,http://cluster.skysend.ru:6721/image.php?provider=3259,assets/originals/providers/provider-3259.png,provider-logo,148,28,5482,verified,approved-original,home.providers / providers.catalog,Логотип из действующего публичного каталога SkySend. Не увеличивать выше исходного разрешения; сохранить цвета и пропорции. Существование в каталоге не подтверждает доступность платежей.,ad20e77fb0c17d7c00d053c2625ee8924643d9bb27f379ff9b0ae6ed731aeaf4,ЮГ-Инвестбанк,Банки и кредиты,providers.php
image/png,False,asset-dd32b670103e,http://cluster.skysend.ru:6721/image.php?provider=3265,assets/originals/providers/provider-3265.png,provider-logo,170,103,10577,verified,approved-original,home.providers / providers.catalog,Логотип из действующего публичного каталога SkySend. Не увеличивать выше исходного разрешения; сохранить цвета и пропорции. Существование в каталоге не подтверждает доступность платежей.,3a3d1275bc99ee23b730ab79965b48c88eff8110853c2a35e6e31b7c47d2e079,ЭКСПОБАНК (ООО),Банки и кредиты,providers.php
image/png,False,asset-1ec3c46f1b37,http://cluster.skysend.ru:6721/image.php?provider=3271,assets/originals/providers/provider-3271.png,provider-logo,150,150,13724,verified,approved-original,home.providers / providers.catalog,Логотип из действующего публичного каталога SkySend. Не увеличивать выше исходного разрешения; сохранить цвета и пропорции. Существование в каталоге не подтверждает доступность платежей.,e0f1f8eb94ca675173e93070a29a8c9881a728615168e906487d2f722abb94ee,Энергобанк,Банки и кредиты,providers.php
image/png,False,asset-78702b650e5c,http://cluster.skysend.ru:6721/image.php?provider=3273,assets/originals/providers/provider-3273.png,provider-logo,170,103,14499,verified,approved-original,home.providers / providers.catalog,Логотип из действующего публичного каталога SkySend. Не увеличивать выше исходного разрешения; сохранить цвета и пропорции. Существование в каталоге не подтверждает доступность платежей.,a5dc7ed3c9b173f48a204f0c5e03e2ddc57487c1b54809f90d5690519b0307b7,ЭНЕРГОТРАНСБАНК (ОАО),Банки и кредиты,providers.php
image/png,False,asset-844372621f4b,http://cluster.skysend.ru:6721/image.php?provider=3286,assets/originals/providers/provider-3286.png,provider-logo,170,103,9326,verified,approved-original,home.providers / providers.catalog,Логотип из действующего публичного каталога SkySend. Не увеличивать выше исходного разрешения; сохранить цвета и пропорции. Существование в каталоге не подтверждает доступность платежей.,4e1cc3e5aa608e8d22869cd8d8d2ad0daaf73d8a495d55212b7eab050e45ce5f,SuperSky Крым,Интернет,providers.php
image/png,False,asset-08ff4ff84c0c,http://cluster.skysend.ru:6721/image.php?provider=3319,assets/originals/providers/provider-3319.png,provider-logo,150,150,11894,verified,approved-original,home.providers / providers.catalog,Логотип из действующего публичного каталога SkySend. Не увеличивать выше исходного разрешения; сохранить цвета и пропорции. Существование в каталоге не подтверждает доступность платежей.,d0568f7793729a8d8152ef1ec9c99bae8d560638beeb80dab463d263e36a440d,Оргтехсервис,Интернет,providers.php
image/png,False,asset-7702a70a732d,http://cluster.skysend.ru:6721/image.php?provider=359,assets/originals/providers/provider-359.png,provider-logo,150,150,17576,verified,approved-original,home.providers / providers.catalog,Логотип из действующего публичного каталога SkySend. Не увеличивать выше исходного разрешения; сохранить цвета и пропорции. Существование в каталоге не подтверждает доступность платежей.,a39f650455db53f18ab3c0c6247a44b56e040fe8951a12f8a723e849600fbf5b,МТС Оплата по лицевому счёту,Сотовая связь,providers.php
image/png,False,asset-efbc23c6c006,http://cluster.skysend.ru:6721/image.php?provider=4007,assets/originals/providers/provider-4007.png,provider-logo,150,150,15569,verified,approved-original,home.providers / providers.catalog,Логотип из действующего публичного каталога SkySend. Не увеличивать выше исходного разрешения; сохранить цвета и пропорции. Существование в каталоге не подтверждает доступность платежей.,b5b01018e985b0ccb64cfee451507010a91185bb66e401c855527676dc35b6ff,МТС-Банк.,Банки и кредиты,providers.php
image/png,False,asset-0afd293fe6d6,http://cluster.skysend.ru:6721/image.php?provider=4074,assets/originals/providers/provider-4074.png,provider-logo,150,150,6176,verified,approved-original,home.providers / providers.catalog,Логотип из действующего публичного каталога SkySend. Не увеличивать выше исходного разрешения; сохранить цвета и пропорции. Существование в каталоге не подтверждает доступность платежей.,0ba9a7d32ac149725ee4fb749ad50e57ae174cae67fdbac76b8d75d1fa04d762,ДОМ.RU,Интернет,providers.php
image/png,False,asset-5f2889d089a3,http://cluster.skysend.ru:6721/image.php?provider=4323,assets/originals/providers/provider-4323.png,provider-logo,150,150,12825,verified,approved-original,home.providers / providers.catalog,Логотип из действующего публичного каталога SkySend. Не увеличивать выше исходного разрешения; сохранить цвета и пропорции. Существование в каталоге не подтверждает доступность платежей.,9a4e97004f2d1fc38fd513d986a42a16bb6cae6f2ca4d05819591a4f9594777b,Город-ТВ. Первое цифровое телевидение Ставрополь,Кабельное ТВ,providers.php
image/png,False,asset-b4a645a59535,http://cluster.skysend.ru:6721/image.php?provider=4675,assets/originals/providers/provider-4675.png,provider-logo,150,150,5009,verified,approved-original,home.providers / providers.catalog,Логотип из действующего публичного каталога SkySend. Не увеличивать выше исходного разрешения; сохранить цвета и пропорции. Существование в каталоге не подтверждает доступность платежей.,c19f0b9760d86746178fa0a004936b57c6284859f7421b9da9137a23bb4ba5c3,Warface. Mail.ru,Игры,providers.php
image/png,False,asset-25b1e0060092,http://cluster.skysend.ru:6721/image.php?provider=4727,assets/originals/providers/provider-4727.png,provider-logo,170,103,30884,verified,approved-original,home.providers / providers.catalog,Логотип из действующего публичного каталога SkySend. Не увеличивать выше исходного разрешения; сохранить цвета и пропорции. Существование в каталоге не подтверждает доступность платежей.,4730627d864af0a3d6996e80a56c33d8f44884551eea1ce644983e250fa6dac0,БУМЗ (DDT) Mail.ru,Игры,providers.php
image/png,False,asset-c5ff2bca79bf,http://cluster.skysend.ru:6721/image.php?provider=4729,assets/originals/providers/provider-4729.png,provider-logo,170,103,25699,verified,approved-original,home.providers / providers.catalog,Логотип из действующего публичного каталога SkySend. Не увеличивать выше исходного разрешения; сохранить цвета и пропорции. Существование в каталоге не подтверждает доступность платежей.,8d33025ebdad905941ac0498d551c66758e45f733c997ea3ed839a7166560969,Perfect World Mail.ru,Игры,providers.php
image/png,False,asset-54440260aa1f,http://cluster.skysend.ru:6721/image.php?provider=4730,assets/originals/providers/provider-4730.png,provider-logo,170,103,26728,verified,approved-original,home.providers / providers.catalog,Логотип из действующего публичного каталога SkySend. Не увеличивать выше исходного разрешения; сохранить цвета и пропорции. Существование в каталоге не подтверждает доступность платежей.,0422f9f2e8f4cc8436b882f388e7a8ad47a8fd2b3a3c0f2478d28173c2effc8a,Jade Dynasty Mail.ru,Игры,providers.php
image/png,False,asset-24d6b38bc709,http://cluster.skysend.ru:6721/image.php?provider=4731,assets/originals/providers/provider-4731.png,provider-logo,170,103,21758,verified,approved-original,home.providers / providers.catalog,Логотип из действующего публичного каталога SkySend. Не увеличивать выше исходного разрешения; сохранить цвета и пропорции. Существование в каталоге не подтверждает доступность платежей.,ebebef5b979e8648ce4795faa4c2506db6a40513547120d0a0b3eddcc5ead91d,Легенда : Наследие драконов. Сервер: Фэо-минор Mail.ru,Игры,providers.php
image/png,False,asset-a2b7819b3fe6,http://cluster.skysend.ru:6721/image.php?provider=4732,assets/originals/providers/provider-4732.png,provider-logo,170,103,31084,verified,approved-original,home.providers / providers.catalog,Логотип из действующего публичного каталога SkySend. Не увеличивать выше исходного разрешения; сохранить цвета и пропорции. Существование в каталоге не подтверждает доступность платежей.,804df17b41cd59e75c10a3af2aefc249644d4a12137add3f0d09ba86848201c3,Кодекс пирата Mail.ru,Игры,providers.php
image/png,False,asset-f9ad3223f6dd,http://cluster.skysend.ru:6721/image.php?provider=4733,assets/originals/providers/provider-4733.png,provider-logo,150,150,12037,verified,approved-original,home.providers / providers.catalog,Логотип из действующего публичного каталога SkySend. Не увеличивать выше исходного разрешения; сохранить цвета и пропорции. Существование в каталоге не подтверждает доступность платежей.,7ec79adad4eecbcf4262fef27be3d8d8d35bf97e6b5dda398d9ab095402ecff0,Bloody World Mail.ru,Игры,providers.php
image/png,False,asset-57fb5d6eff0c,http://cluster.skysend.ru:6721/image.php?provider=4735,assets/originals/providers/provider-4735.png,provider-logo,170,103,20670,verified,approved-original,home.providers / providers.catalog,Логотип из действующего публичного каталога SkySend. Не увеличивать выше исходного разрешения; сохранить цвета и пропорции. Существование в каталоге не подтверждает доступность платежей.,137c39cda393cefbc0bf03705840adbd57ee28de4987d3ed86feea8e71d7f6a4,Легенда : Наследие драконов. Сервер: Фэо-прайм Mail.ru,Игры,providers.php
image/png,False,asset-5f905243d8bd,http://cluster.skysend.ru:6721/image.php?provider=4736,assets/originals/providers/provider-4736.png,provider-logo,170,103,18600,verified,approved-original,home.providers / providers.catalog,Логотип из действующего публичного каталога SkySend. Не увеличивать выше исходного разрешения; сохранить цвета и пропорции. Существование в каталоге не подтверждает доступность платежей.,e4f2dc706d0e900ac482d66ac7b290409edcc7d3467a8a7f096f6c50e70ddc63,Троецарствие Mail.ru,Игры,providers.php
image/png,False,asset-e97aff2e7207,http://cluster.skysend.ru:6721/image.php?provider=4754,assets/originals/providers/provider-4754.png,provider-logo,170,103,22776,verified,approved-original,home.providers / providers.catalog,Логотип из действующего публичного каталога SkySend. Не увеличивать выше исходного разрешения; сохранить цвета и пропорции. Существование в каталоге не подтверждает доступность платежей.,e9dc8759308a84c79d301f7680bff4911dd46d716504da19fff833aacd1822e2,Аллоды онлайн Mail.ru,Игры,providers.php
image/png,False,asset-0a2c7873da1a,http://cluster.skysend.ru:6721/image.php?provider=4755,assets/originals/providers/provider-4755.png,provider-logo,225,225,4075,verified,approved-original,home.providers / providers.catalog,Логотип из действующего публичного каталога SkySend. Не увеличивать выше исходного разрешения; сохранить цвета и пропорции. Существование в каталоге не подтверждает доступность платежей.,8c0bd51e3c774097798e0ec5dc6d185d1f0f2e5bf9658e9528ed190b93f0b375,ArcheAge Mail.ru.,Игры,providers.php
image/png,False,asset-3a65cc41622a,http://cluster.skysend.ru:6721/image.php?provider=4756,assets/originals/providers/provider-4756.png,provider-logo,170,103,22602,verified,approved-original,home.providers / providers.catalog,Логотип из действующего публичного каталога SkySend. Не увеличивать выше исходного разрешения; сохранить цвета и пропорции. Существование в каталоге не подтверждает доступность платежей.,0895e536ead817351d60e3053f5a9bab8c7a7bb81a9668c61eb0413f11fba9c8,ПараПа: Город танцев Mail.ru,Игры,providers.php
image/png,False,asset-50a5d4efa8e5,http://cluster.skysend.ru:6721/image.php?provider=4757,assets/originals/providers/provider-4757.png,provider-logo,170,103,16308,verified,approved-original,home.providers / providers.catalog,Логотип из действующего публичного каталога SkySend. Не увеличивать выше исходного разрешения; сохранить цвета и пропорции. Существование в каталоге не подтверждает доступность платежей.,f7a8d20e926103d807f809d0b45f9c287b3452af131e88e29e49c220a9ab5515,Cross Fire Mail.ru,Игры,providers.php
image/png,False,asset-cda8b2033896,http://cluster.skysend.ru:6721/image.php?provider=4758,assets/originals/providers/provider-4758.png,provider-logo,170,103,25910,verified,approved-original,home.providers / providers.catalog,Логотип из действующего публичного каталога SkySend. Не увеличивать выше исходного разрешения; сохранить цвета и пропорции. Существование в каталоге не подтверждает доступность платежей.,e725cc4c92e2aae39550fc696b296ce0fc22b7395f8a4746daa197512806e711,Войны престолов Mail.ru,Игры,providers.php
image/png,False,asset-7948a3c82a98,http://cluster.skysend.ru:6721/image.php?provider=4759,assets/originals/providers/provider-4759.png,provider-logo,170,103,27075,verified,approved-original,home.providers / providers.catalog,Логотип из действующего публичного каталога SkySend. Не увеличивать выше исходного разрешения; сохранить цвета и пропорции. Существование в каталоге не подтверждает доступность платежей.,6325106488d6eb351f2b98326386e3f206a806bd40d8c2f9af5dbb1a9e378bd3,Спарта Mail.ru,Игры,providers.php
image/png,False,asset-8f2c1068fea1,http://cluster.skysend.ru:6721/image.php?provider=476,assets/originals/providers/provider-476.png,provider-logo,150,150,18805,verified,approved-original,home.providers / providers.catalog,Логотип из действующего публичного каталога SkySend. Не увеличивать выше исходного разрешения; сохранить цвета и пропорции. Существование в каталоге не подтверждает доступность платежей.,7eac1f36701ba8bac5a845308b5d09896453fd227141984f7ce09e637ff0244e,Xsolla. Викинги,Игры,providers.php
image/png,False,asset-a3f7dd9ddb6b,http://cluster.skysend.ru:6721/image.php?provider=477,assets/originals/providers/provider-477.png,provider-logo,150,150,24720,verified,approved-original,home.providers / providers.catalog,Логотип из действующего публичного каталога SkySend. Не увеличивать выше исходного разрешения; сохранить цвета и пропорции. Существование в каталоге не подтверждает доступность платежей.,689564ceee88a897c3682711733ca0959d8de377fdbdfbdbd24b9d4bda1f66d4,Xsolla. My Lands: Black Gem Hunting,Игры,providers.php
image/png,False,asset-8c8656e851b1,http://cluster.skysend.ru:6721/image.php?provider=4782,assets/originals/providers/provider-4782.png,provider-logo,356,132,37261,verified,approved-original,home.providers / providers.catalog,Логотип из действующего публичного каталога SkySend. Не увеличивать выше исходного разрешения; сохранить цвета и пропорции. Существование в каталоге не подтверждает доступность платежей.,c1f0b5f4afdb7bd62581ef78eda3e733d4510633c8cb20574b8d6f460470a806,Jade Dynasty Mail.ru,Игры,providers.php
image/png,False,asset-1a48da21cb7b,http://cluster.skysend.ru:6721/image.php?provider=479,assets/originals/providers/provider-479.png,provider-logo,150,150,20420,verified,approved-original,home.providers / providers.catalog,Логотип из действующего публичного каталога SkySend. Не увеличивать выше исходного разрешения; сохранить цвета и пропорции. Существование в каталоге не подтверждает доступность платежей.,2d1c7621367bebce8536521fc9c752f238742cd6a20b8ff94cc701ce4b70126b,Xsolla. Герои войны и денег,Игры,providers.php
image/png,False,asset-591ab93a82d2,http://cluster.skysend.ru:6721/image.php?provider=4814,assets/originals/providers/provider-4814.png,provider-logo,170,103,22351,verified,approved-original,home.providers / providers.catalog,Логотип из действующего публичного каталога SkySend. Не увеличивать выше исходного разрешения; сохранить цвета и пропорции. Существование в каталоге не подтверждает доступность платежей.,d67cf41454227e88f3bfc463a0f1f33739487dcf96c2803bb959a239ab6bc795,Ground War: Tanks Mail.ru,Игры,providers.php
image/png,False,asset-222b66d56ccf,http://cluster.skysend.ru:6721/image.php?provider=4815,assets/originals/providers/provider-4815.png,provider-logo,170,103,18583,verified,approved-original,home.providers / providers.catalog,Логотип из действующего публичного каталога SkySend. Не увеличивать выше исходного разрешения; сохранить цвета и пропорции. Существование в каталоге не подтверждает доступность платежей.,28dbb5c643f4d6591d94227c697a8d1431d6b3fb05432b48a06d19af0b2ff4f4,Джаггернаут Mail.ru,Игры,providers.php
image/png,False,asset-790a20d6eddd,http://cluster.skysend.ru:6721/image.php?provider=4816,assets/originals/providers/provider-4816.png,provider-logo,150,150,13577,verified,approved-original,home.providers / providers.catalog,Логотип из действующего публичного каталога SkySend. Не увеличивать выше исходного разрешения; сохранить цвета и пропорции. Существование в каталоге не подтверждает доступность платежей.,33068d9144afdf17f67ecf47b576ad786e1ec478101a12c9dd53fd7fccab7969,Одноклассники. Купить ОКи,Социальные сети,providers.php
image/png,False,asset-3f3b1da57e42,http://cluster.skysend.ru:6721/image.php?provider=4819,assets/originals/providers/provider-4819.png,provider-logo,150,150,15758,verified,approved-original,home.providers / providers.catalog,Логотип из действующего публичного каталога SkySend. Не увеличивать выше исходного разрешения; сохранить цвета и пропорции. Существование в каталоге не подтверждает доступность платежей.,3ded9f3328cdd52e178ee12bd2f62c0a9c77e989f9369438478e865867008a36,Вконтакте,Социальные сети,providers.php
image/png,False,asset-f7f58734a9b2,http://cluster.skysend.ru:6721/image.php?provider=482,assets/originals/providers/provider-482.png,provider-logo,150,150,8944,verified,approved-original,home.providers / providers.catalog,Логотип из действующего публичного каталога SkySend. Не увеличивать выше исходного разрешения; сохранить цвета и пропорции. Существование в каталоге не подтверждает доступность платежей.,070bd51ea48e296bef8f76531cada44031d6b3775348214972b52dc2647955cf,Xsolla. Тюрьма. Новый срок,Игры,providers.php
image/png,False,asset-97b5d917825b,http://cluster.skysend.ru:6721/image.php?provider=4820,assets/originals/providers/provider-4820.png,provider-logo,150,150,8376,verified,approved-original,home.providers / providers.catalog,Логотип из действующего публичного каталога SkySend. Не увеличивать выше исходного разрешения; сохранить цвета и пропорции. Существование в каталоге не подтверждает доступность платежей.,6ab51762605ec79bf19c3f262d226376af022d2cb886fbf8692d65291e7aad5c,Мой Мир,Социальные сети,providers.php
image/png,False,asset-35a72ef2b557,http://cluster.skysend.ru:6721/image.php?provider=483,assets/originals/providers/provider-483.png,provider-logo,150,150,29419,verified,approved-original,home.providers / providers.catalog,Логотип из действующего публичного каталога SkySend. Не увеличивать выше исходного разрешения; сохранить цвета и пропорции. Существование в каталоге не подтверждает доступность платежей.,7fb94f9c2df88bd1c92dcfc9fb28b858463578e2c4ba59f48e68a7269e2164cd,Xsolla. Варвары,Игры,providers.php
image/png,False,asset-0623edd017f4,http://cluster.skysend.ru:6721/image.php?provider=4846,assets/originals/providers/provider-4846.png,provider-logo,150,150,30899,verified,approved-original,home.providers / providers.catalog,Логотип из действующего публичного каталога SkySend. Не увеличивать выше исходного разрешения; сохранить цвета и пропорции. Существование в каталоге не подтверждает доступность платежей.,8d93b846dd1cdbc752f58706a0ba50154a1ef13860a130f6d86a849303d7c8e9,ГИБДД. Штрафы за нарушение ПДД (Онлайн),"Штрафы, пошлины",providers.php
image/png,False,asset-205039cc4579,http://cluster.skysend.ru:6721/image.php?provider=485,assets/originals/providers/provider-485.png,provider-logo,150,150,13836,verified,approved-original,home.providers / providers.catalog,Логотип из действующего публичного каталога SkySend. Не увеличивать выше исходного разрешения; сохранить цвета и пропорции. Существование в каталоге не подтверждает доступность платежей.,6f21fd0d3c239b8ba1c17f3e2c506a04b8b67617dd2fbfa72e8216abbba8210d,Xsolla. spases.ru,Игры,providers.php
image/png,False,asset-84b7620a3cb0,http://cluster.skysend.ru:6721/image.php?provider=487,assets/originals/providers/provider-487.png,provider-logo,150,150,18533,verified,approved-original,home.providers / providers.catalog,Логотип из действующего публичного каталога SkySend. Не увеличивать выше исходного разрешения; сохранить цвета и пропорции. Существование в каталоге не подтверждает доступность платежей.,39883b2ddc1814ada13d2797111a473eb75088b5b8c6c760ac535045cc9444dc,Xsolla. Удивительный колхоз,Игры,providers.php
image/png,False,asset-d26a24b08679,http://cluster.skysend.ru:6721/image.php?provider=4879,assets/originals/providers/provider-4879.png,provider-logo,170,103,11535,verified,approved-original,home.providers / providers.catalog,Логотип из действующего публичного каталога SkySend. Не увеличивать выше исходного разрешения; сохранить цвета и пропорции. Существование в каталоге не подтверждает доступность платежей.,28b47d04e0293460668533e54337dc8f5fd5f6875e52a428213f47ef9e7677eb,Вконтакте реклама,Игры,providers.php
image/png,False,asset-814af8a30f01,http://cluster.skysend.ru:6721/image.php?provider=491,assets/originals/providers/provider-491.png,provider-logo,150,150,9979,verified,approved-original,home.providers / providers.catalog,Логотип из действующего публичного каталога SkySend. Не увеличивать выше исходного разрешения; сохранить цвета и пропорции. Существование в каталоге не подтверждает доступность платежей.,9be9f7a807362ad6144c52edbe66fed9e7e2efe22bbbae1e60c0c03c512f281a,Xsolla. Война:Ангелы и Демоны,Игры,providers.php
image/png,False,asset-a252a8a7962a,http://cluster.skysend.ru:6721/image.php?provider=494,assets/originals/providers/provider-494.png,provider-logo,150,150,8253,verified,approved-original,home.providers / providers.catalog,Логотип из действующего публичного каталога SkySend. Не увеличивать выше исходного разрешения; сохранить цвета и пропорции. Существование в каталоге не подтверждает доступность платежей.,ffcc393c93f4356565f8df3c80363ce4dfcecdacce3e81302220b3e196bc504d,Xsolla. Neverlands,Игры,providers.php
image/png,False,asset-ba532d456305,http://cluster.skysend.ru:6721/image.php?provider=498,assets/originals/providers/provider-498.png,provider-logo,150,150,16433,verified,approved-original,home.providers / providers.catalog,Логотип из действующего публичного каталога SkySend. Не увеличивать выше исходного разрешения; сохранить цвета и пропорции. Существование в каталоге не подтверждает доступность платежей.,53e1f7cbfe86e14995641e96667a2e74412a0044563d719cfe8cf678b1dcae8c,Xsolla. Sky2Fly,Игры,providers.php
image/png,False,asset-09f6a80851a4,http://cluster.skysend.ru:6721/image.php?provider=499,assets/originals/providers/provider-499.png,provider-logo,150,150,7225,verified,approved-original,home.providers / providers.catalog,Логотип из действующего публичного каталога SkySend. Не увеличивать выше исходного разрешения; сохранить цвета и пропорции. Существование в каталоге не подтверждает доступность платежей.,69e43ced9869077e2ccba5351b0420466a100e4557be9fe9e4002eb7ddb33e2e,Xsolla. Годвилль,Игры,providers.php
image/png,False,asset-f2bf8a35b78b,http://cluster.skysend.ru:6721/image.php?provider=500,assets/originals/providers/provider-500.png,provider-logo,150,150,6298,verified,approved-original,home.providers / providers.catalog,Логотип из действующего публичного каталога SkySend. Не увеличивать выше исходного разрешения; сохранить цвета и пропорции. Существование в каталоге не подтверждает доступность платежей.,a0f4ee49793984ada5f2bccc82475f176a1b59cccb635c94c3bc28be85bceda2,Xsolla. UNIT,Игры,providers.php
image/png,False,asset-7af10e107f68,http://cluster.skysend.ru:6721/image.php?provider=502,assets/originals/providers/provider-502.png,provider-logo,150,150,8877,verified,approved-original,home.providers / providers.catalog,Логотип из действующего публичного каталога SkySend. Не увеличивать выше исходного разрешения; сохранить цвета и пропорции. Существование в каталоге не подтверждает доступность платежей.,53523ec6a77d19bce54df875ddc1d814a6df6753641b257128f29f2d121b565e,Xsolla. Дозоры,Игры,providers.php
image/png,False,asset-2e89f2e92f75,http://cluster.skysend.ru:6721/image.php?provider=503,assets/originals/providers/provider-503.png,provider-logo,150,150,7075,verified,approved-original,home.providers / providers.catalog,Логотип из действующего публичного каталога SkySend. Не увеличивать выше исходного разрешения; сохранить цвета и пропорции. Существование в каталоге не подтверждает доступность платежей.,2d80a85bc838d91ca4ec0872d277283ee6dce8f09d9841aff5e7c8128b3da209,Xsolla. 11x11,Игры,providers.php
image/png,False,asset-098631df3f7b,http://cluster.skysend.ru:6721/image.php?provider=504,assets/originals/providers/provider-504.png,provider-logo,150,150,19993,verified,approved-original,home.providers / providers.catalog,Логотип из действующего публичного каталога SkySend. Не увеличивать выше исходного разрешения; сохранить цвета и пропорции. Существование в каталоге не подтверждает доступность платежей.,79da493010560cbf76f37ce4962c55e16e4d93abf757d43fc5ab350b7e36dd63,Xsolla. Gladiators,Игры,providers.php
image/png,False,asset-6082adb65c8e,http://cluster.skysend.ru:6721/image.php?provider=509,assets/originals/providers/provider-509.png,provider-logo,150,150,14605,verified,approved-original,home.providers / providers.catalog,Логотип из действующего публичного каталога SkySend. Не увеличивать выше исходного разрешения; сохранить цвета и пропорции. Существование в каталоге не подтверждает доступность платежей.,c909292c040038a9cba15585163b569ed978c185cb649913802b4e2577bbc559,Xsolla. Haddan,Игры,providers.php
image/png,False,asset-a1bb57d56a2b,http://cluster.skysend.ru:6721/image.php?provider=527,assets/originals/providers/provider-527.png,provider-logo,150,150,25999,verified,approved-original,home.providers / providers.catalog,Логотип из действующего публичного каталога SkySend. Не увеличивать выше исходного разрешения; сохранить цвета и пропорции. Существование в каталоге не подтверждает доступность платежей.,eaa8b2abe983fe85cddcf90918cbf4708194cf34b6411b50acd6a0fadf85424f,Xsolla. Рашка,Игры,providers.php
image/png,False,asset-3e7cc6579eff,http://cluster.skysend.ru:6721/image.php?provider=528,assets/originals/providers/provider-528.png,provider-logo,150,150,9780,verified,approved-original,home.providers / providers.catalog,Логотип из действующего публичного каталога SkySend. Не увеличивать выше исходного разрешения; сохранить цвета и пропорции. Существование в каталоге не подтверждает доступность платежей.,092b7996fbcf988e2a6fdd95579a4dbf14caa224195713b640b65790696fe443,Xsolla. Край Мира,Игры,providers.php
image/png,False,asset-336ce5e12cfb,http://cluster.skysend.ru:6721/image.php?provider=535,assets/originals/providers/provider-535.png,provider-logo,150,150,9594,verified,approved-original,home.providers / providers.catalog,Логотип из действующего публичного каталога SkySend. Не увеличивать выше исходного разрешения; сохранить цвета и пропорции. Существование в каталоге не подтверждает доступность платежей.,6f957f6a1553a20007e1ef8987da42fec0744f41338cb4f6817ff32c790ccb0d,Xsolla. Передовая,Игры,providers.php
image/png,False,asset-d4f0b59b35a9,http://cluster.skysend.ru:6721/image.php?provider=536,assets/originals/providers/provider-536.png,provider-logo,150,150,30819,verified,approved-original,home.providers / providers.catalog,Логотип из действующего публичного каталога SkySend. Не увеличивать выше исходного разрешения; сохранить цвета и пропорции. Существование в каталоге не подтверждает доступность платежей.,e3cf6babf92c73a33daea7a7f326a901b7a0573c7b98fd0c0a0abcac4a7af822,Xsolla. Arena,Игры,providers.php
image/png,False,asset-3874d38ded92,http://cluster.skysend.ru:6721/image.php?provider=541,assets/originals/providers/provider-541.png,provider-logo,150,150,9526,verified,approved-original,home.providers / providers.catalog,Логотип из действующего публичного каталога SkySend. Не увеличивать выше исходного разрешения; сохранить цвета и пропорции. Существование в каталоге не подтверждает доступность платежей.,249152b767eb9170b8c8026732df7febbd49414dc63c41db15589a0d2ec68b7e,Xsolla. BananaWars,Игры,providers.php
image/png,False,asset-15307b08441c,http://cluster.skysend.ru:6721/image.php?provider=548,assets/originals/providers/provider-548.png,provider-logo,150,150,22011,verified,approved-original,home.providers / providers.catalog,Логотип из действующего публичного каталога SkySend. Не увеличивать выше исходного разрешения; сохранить цвета и пропорции. Существование в каталоге не подтверждает доступность платежей.,f77d2a137a3b0f33f1f885e278a9357ba48186c6618f18f48eef9ef2a934f41f,Xsolla. Золотая Бутса,Игры,providers.php
image/png,False,asset-84efe714aa39,http://cluster.skysend.ru:6721/image.php?provider=550,assets/originals/providers/provider-550.png,provider-logo,150,150,11225,verified,approved-original,home.providers / providers.catalog,Логотип из действующего публичного каталога SkySend. Не увеличивать выше исходного разрешения; сохранить цвета и пропорции. Существование в каталоге не подтверждает доступность платежей.,4909dd6d94a0d20269a7208947174c0bf4c7b89c01d43b17ad4fcf1919d0c975,Xsolla. Z-WAR,Игры,providers.php
image/png,False,asset-047013ed4a0b,http://cluster.skysend.ru:6721/image.php?provider=551,assets/originals/providers/provider-551.png,provider-logo,150,150,24597,verified,approved-original,home.providers / providers.catalog,Логотип из действующего публичного каталога SkySend. Не увеличивать выше исходного разрешения; сохранить цвета и пропорции. Существование в каталоге не подтверждает доступность платежей.,1ab4f4946db83fa823e558501383c7dbb1b97843d886b6763cd9bc8ba5c85ef1,Xsolla. Футбольный менеджер онлайн,Игры,providers.php
image/png,False,asset-722233c07e53,http://cluster.skysend.ru:6721/image.php?provider=577,assets/originals/providers/provider-577.png,provider-logo,150,150,11360,verified,approved-original,home.providers / providers.catalog,Логотип из действующего публичного каталога SkySend. Не увеличивать выше исходного разрешения; сохранить цвета и пропорции. Существование в каталоге не подтверждает доступность платежей.,2720a11cfbf88920c3c96e56d7c4809bee1391ac41552b7b6848e61c1fccaec8,Xsolla. Виртуальная Россия,Игры,providers.php
image/png,False,asset-8bae6db7ae97,http://cluster.skysend.ru:6721/image.php?provider=578,assets/originals/providers/provider-578.png,provider-logo,150,150,7409,verified,approved-original,home.providers / providers.catalog,Логотип из действующего публичного каталога SkySend. Не увеличивать выше исходного разрешения; сохранить цвета и пропорции. Существование в каталоге не подтверждает доступность платежей.,d957685d9b1cc29a7678277315111d319ad4681ecc7420ca94f168f6170297ef,Xsolla. Виртуальная Футбольная Лига,Игры,providers.php
image/png,False,asset-7933d742610b,http://cluster.skysend.ru:6721/image.php?provider=587,assets/originals/providers/provider-587.png,provider-logo,150,150,4503,verified,approved-original,home.providers / providers.catalog,Логотип из действующего публичного каталога SkySend. Не увеличивать выше исходного разрешения; сохранить цвета и пропорции. Существование в каталоге не подтверждает доступность платежей.,5da0e7c7a81dd0459f20f58c5fa1b28f3dd4e530d8db6db0a8393182997c5f59,Xsolla. XNOVA 2.0,Игры,providers.php
image/png,False,asset-86e9117cb4ae,http://cluster.skysend.ru:6721/image.php?provider=588,assets/originals/providers/provider-588.png,provider-logo,150,150,14405,verified,approved-original,home.providers / providers.catalog,Логотип из действующего публичного каталога SkySend. Не увеличивать выше исходного разрешения; сохранить цвета и пропорции. Существование в каталоге не подтверждает доступность платежей.,66a30f9f9805d3e6d80646b7051423af94bf31fec4f89cb834a6e2c3b3a031dd,Xsolla. Пути Истории,Игры,providers.php
image/png,False,asset-2f349e9770ed,http://cluster.skysend.ru:6721/image.php?provider=589,assets/originals/providers/provider-589.png,provider-logo,150,150,4006,verified,approved-original,home.providers / providers.catalog,Логотип из действующего публичного каталога SkySend. Не увеличивать выше исходного разрешения; сохранить цвета и пропорции. Существование в каталоге не подтверждает доступность платежей.,fa42e78288aea45670a04f12bb070301c45e4c287a573ab6d407bc6cb3bdc60d,Xsolla. Encounter,Игры,providers.php
image/png,False,asset-ce27507a23da,http://cluster.skysend.ru:6721/image.php?provider=5967,assets/originals/providers/provider-5967.png,provider-logo,200,200,6875,verified,approved-original,home.providers / providers.catalog,Логотип из действующего публичного каталога SkySend. Не увеличивать выше исходного разрешения; сохранить цвета и пропорции. Существование в каталоге не подтверждает доступность платежей.,f67560f1e6387befa1ed4e734b2c70b18e637448df484b0e9bf3f42f9c634ff1,Пошлина за выдачу водительского удостоверения,"Штрафы, пошлины",providers.php
image/png,False,asset-95cb8336ec68,http://cluster.skysend.ru:6721/image.php?provider=6232,assets/originals/providers/provider-6232.png,provider-logo,150,150,5178,verified,approved-original,home.providers / providers.catalog,Логотип из действующего публичного каталога SkySend. Не увеличивать выше исходного разрешения; сохранить цвета и пропорции. Существование в каталоге не подтверждает доступность платежей.,980e5784420e5b559c98dd60774fc1eca67e5fa1199796eb97e733e0479ac51e,BelNet (Крым),Интернет,providers.php
image/png,False,asset-e2fc58376b36,http://cluster.skysend.ru:6721/image.php?provider=630,assets/originals/providers/provider-630.png,provider-logo,150,150,4505,verified,approved-original,home.providers / providers.catalog,Логотип из действующего публичного каталога SkySend. Не увеличивать выше исходного разрешения; сохранить цвета и пропорции. Существование в каталоге не подтверждает доступность платежей.,3140e2c33d9bb0a36567a1adb062e2de3677e520f005d6ad08165d955ab41743,AVON,Другие услуги,providers.php
image/png,False,asset-0f133b1e5560,http://cluster.skysend.ru:6721/image.php?provider=631,assets/originals/providers/provider-631.png,provider-logo,210,33,4757,verified,approved-original,home.providers / providers.catalog,Логотип из действующего публичного каталога SkySend. Не увеличивать выше исходного разрешения; сохранить цвета и пропорции. Существование в каталоге не подтверждает доступность платежей.,0f30c3c8cff445e29b539ae8fc2d460cd0cf59aa53a4a31444abc2956d5fe77a,Сбербанк,Банки и кредиты,providers.php
image/png,False,asset-e35137da1c13,http://cluster.skysend.ru:6721/image.php?provider=6396,assets/originals/providers/provider-6396.png,provider-logo,150,150,41172,verified,approved-original,home.providers / providers.catalog,Логотип из действующего публичного каталога SkySend. Не увеличивать выше исходного разрешения; сохранить цвета и пропорции. Существование в каталоге не подтверждает доступность платежей.,c224a078649210d7a458aa5c5457724d86c0ce30ec208431cedc4ae5462516bf,Нацинвестпромбанк,Банки и кредиты,providers.php
image/png,False,asset-728ae8847d0e,http://cluster.skysend.ru:6721/image.php?provider=6397,assets/originals/providers/provider-6397.png,provider-logo,170,103,13631,verified,approved-original,home.providers / providers.catalog,Логотип из действующего публичного каталога SkySend. Не увеличивать выше исходного разрешения; сохранить цвета и пропорции. Существование в каталоге не подтверждает доступность платежей.,4ffff3c77512347b0d8cf9466396e197bf6084b5633d9cbba2f80bbd63a0a9aa,Крыминфоком (Крым),Интернет,providers.php
image/png,False,asset-ac2dfa7a3d26,http://cluster.skysend.ru:6721/image.php?provider=6404,assets/originals/providers/provider-6404.png,provider-logo,150,150,14785,verified,approved-original,home.providers / providers.catalog,Логотип из действующего публичного каталога SkySend. Не увеличивать выше исходного разрешения; сохранить цвета и пропорции. Существование в каталоге не подтверждает доступность платежей.,19aa3623c05676e5f38d85b7576504ddf7b1582f10dac1c7853d1849e52f46b1,Тонус ТРК. Ваш провайдер - ИНТЕРНЕТ (Крым),Интернет,providers.php
image/png,False,asset-4a278828538f,http://cluster.skysend.ru:6721/image.php?provider=6435,assets/originals/providers/provider-6435.png,provider-logo,150,150,4702,verified,approved-original,home.providers / providers.catalog,Логотип из действующего публичного каталога SkySend. Не увеличивать выше исходного разрешения; сохранить цвета и пропорции. Существование в каталоге не подтверждает доступность платежей.,06e6e118d8cd03ebe21fad99f4ed8d60a2d2f839504537da9a3f8eb899d67eac,Optilink. Ореховские телекоммуникационные услуги. (Крым),Интернет,providers.php
image/png,False,asset-40d6ae2945b3,http://cluster.skysend.ru:6721/image.php?provider=644,assets/originals/providers/provider-644.png,provider-logo,150,150,6966,verified,approved-original,home.providers / providers.catalog,Логотип из действующего публичного каталога SkySend. Не увеличивать выше исходного разрешения; сохранить цвета и пропорции. Существование в каталоге не подтверждает доступность платежей.,462e0f0e84dde9ccb726e2e7b016f9d6531c10686085fb483e05f41817887ea6,Faberlic,Другие услуги,providers.php
image/png,False,asset-739f765f9206,http://cluster.skysend.ru:6721/image.php?provider=6581,assets/originals/providers/provider-6581.png,provider-logo,150,150,15474,verified,approved-original,home.providers / providers.catalog,Логотип из действующего публичного каталога SkySend. Не увеличивать выше исходного разрешения; сохранить цвета и пропорции. Существование в каталоге не подтверждает доступность платежей.,ec1e39546beab32d2b0fcca5a7ccfafc05cf091de2bc62c865e167fedf250dc2,Билайн ТВ,Кабельное ТВ,providers.php
image/png,False,asset-2479971f2bd6,http://cluster.skysend.ru:6721/image.php?provider=661,assets/originals/providers/provider-661.png,provider-logo,170,103,8231,verified,approved-original,home.providers / providers.catalog,Логотип из действующего публичного каталога SkySend. Не увеличивать выше исходного разрешения; сохранить цвета и пропорции. Существование в каталоге не подтверждает доступность платежей.,99007cf44b0730a1220fa2486f93eb80a71205feda8ee350106f324172e4ccaf,Азиатско-Тихоокеанский банк,Банки и кредиты,providers.php
image/png,False,asset-d58d9cb45d07,http://cluster.skysend.ru:6721/image.php?provider=6688,assets/originals/providers/provider-6688.png,provider-logo,150,150,14221,verified,approved-original,home.providers / providers.catalog,Логотип из действующего публичного каталога SkySend. Не увеличивать выше исходного разрешения; сохранить цвета и пропорции. Существование в каталоге не подтверждает доступность платежей.,c41145cfcb93da6e4ee86372cc506f47d3612ee0848256805e66bd8a35c28c06,Чеченэнерго (АО),ЖКХ,providers.php
image/png,False,asset-5f57b9b6cc7d,http://cluster.skysend.ru:6721/image.php?provider=674,assets/originals/providers/provider-674.png,provider-logo,170,103,6087,verified,approved-original,home.providers / providers.catalog,Логотип из действующего публичного каталога SkySend. Не увеличивать выше исходного разрешения; сохранить цвета и пропорции. Существование в каталоге не подтверждает доступность платежей.,32ba1494d7cbfeda2eb2f4afe0b7e7f144649f2a7bfee16ed5d0fcd3c88c9f66,Такси Пятерочка г. Гулькевичи,Другие услуги,providers.php
image/png,False,asset-46c74f25d686,http://cluster.skysend.ru:6721/image.php?provider=6773,assets/originals/providers/provider-6773.png,provider-logo,143,28,5376,verified,approved-original,home.providers / providers.catalog,Логотип из действующего публичного каталога SkySend. Не увеличивать выше исходного разрешения; сохранить цвета и пропорции. Существование в каталоге не подтверждает доступность платежей.,fa3abcef2bb4ce1aad4966deb7941dec2e8d07d69eba4076c484bb5897fbf4c8,Датабанк,Банки и кредиты,providers.php
image/png,False,asset-2f18d960d3b0,http://cluster.skysend.ru:6721/image.php?provider=6774,assets/originals/providers/provider-6774.png,provider-logo,150,63,6254,verified,approved-original,home.providers / providers.catalog,Логотип из действующего публичного каталога SkySend. Не увеличивать выше исходного разрешения; сохранить цвета и пропорции. Существование в каталоге не подтверждает доступность платежей.,a848976c4cdf39996484ad5a67765ac744863d723614b217354bf814ff0a976f,Реалист Банк,Банки и кредиты,providers.php
image/png,False,asset-8a64f0b3f050,http://cluster.skysend.ru:6721/image.php?provider=6775,assets/originals/providers/provider-6775.png,provider-logo,149,36,4767,verified,approved-original,home.providers / providers.catalog,Логотип из действующего публичного каталога SkySend. Не увеличивать выше исходного разрешения; сохранить цвета и пропорции. Существование в каталоге не подтверждает доступность платежей.,0c61789444d34998dc3f35475de9b1f4135f4d5bb4f9f2b1e57c530dd38455ae,Модульбанк КБ,Банки и кредиты,providers.php
image/png,False,asset-205f47b9df8f,http://cluster.skysend.ru:6721/image.php?provider=678,assets/originals/providers/provider-678.png,provider-logo,150,150,6133,verified,approved-original,home.providers / providers.catalog,Логотип из действующего публичного каталога SkySend. Не увеличивать выше исходного разрешения; сохранить цвета и пропорции. Существование в каталоге не подтверждает доступность платежей.,96eb09a373cceb666ad4b8ef888ce1fa0f8886fa404e896e47515fb123651d2c,Лорис ТСЖ,ЖКХ,providers.php
image/png,False,asset-c3c8c6f326eb,http://cluster.skysend.ru:6721/image.php?provider=6802,assets/originals/providers/provider-6802.png,provider-logo,150,150,8336,verified,approved-original,home.providers / providers.catalog,Логотип из действующего публичного каталога SkySend. Не увеличивать выше исходного разрешения; сохранить цвета и пропорции. Существование в каталоге не подтверждает доступность платежей.,48f739d110e8e46f03c63b87842fa3936791b4195310c77d44e06dc954b43355,Хайс Банк,Банки и кредиты,providers.php
image/png,False,asset-0c86a31937cb,http://cluster.skysend.ru:6721/image.php?provider=6805,assets/originals/providers/provider-6805.png,provider-logo,150,52,5690,verified,approved-original,home.providers / providers.catalog,Логотип из действующего публичного каталога SkySend. Не увеличивать выше исходного разрешения; сохранить цвета и пропорции. Существование в каталоге не подтверждает доступность платежей.,dfb37ed2686053a16333c7e3767da6d68b518c4c630ef2c0078eef4e5068614b,ЭЛПЛАТ ПНКО (Электронные платежи),Банки и кредиты,providers.php
image/png,False,asset-122b665d0932,http://cluster.skysend.ru:6721/image.php?provider=6807,assets/originals/providers/provider-6807.png,provider-logo,146,62,10505,verified,approved-original,home.providers / providers.catalog,Логотип из действующего публичного каталога SkySend. Не увеличивать выше исходного разрешения; сохранить цвета и пропорции. Существование в каталоге не подтверждает доступность платежей.,fdd341bbb0ba1b0396d903e037b42fa7e38af0812bd9eb3ecabf004f8614e3cf,ПСКБ Банк,Банки и кредиты,providers.php
image/png,False,asset-afa462e3c182,http://cluster.skysend.ru:6721/image.php?provider=6869,assets/originals/providers/provider-6869.png,provider-logo,150,150,10996,verified,approved-original,home.providers / providers.catalog,Логотип из действующего публичного каталога SkySend. Не увеличивать выше исходного разрешения; сохранить цвета и пропорции. Существование в каталоге не подтверждает доступность платежей.,fe9dab3a5f7352ef0fbb6b7f9c6f9c8c8c49f295148b34074ae8ef0af0685b4d,Такси Сатурн Воронеж,Другие услуги,providers.php
image/png,False,asset-35c449a123ab,http://cluster.skysend.ru:6721/image.php?provider=6871,assets/originals/providers/provider-6871.png,provider-logo,160,160,8209,verified,approved-original,home.providers / providers.catalog,Логотип из действующего публичного каталога SkySend. Не увеличивать выше исходного разрешения; сохранить цвета и пропорции. Существование в каталоге не подтверждает доступность платежей.,ecbf9a68841ab435a65a9a0e7f667103c2fdd50354847c6f5794acae970b17c6,Зеленая точка (Невинномысск),Интернет,providers.php
image/png,False,asset-e8f53a675283,http://cluster.skysend.ru:6721/image.php?provider=6902,assets/originals/providers/provider-6902.png,provider-logo,150,150,12825,verified,approved-original,home.providers / providers.catalog,Логотип из действующего публичного каталога SkySend. Не увеличивать выше исходного разрешения; сохранить цвета и пропорции. Существование в каталоге не подтверждает доступность платежей.,9a4e97004f2d1fc38fd513d986a42a16bb6cae6f2ca4d05819591a4f9594777b,Город-ТВ. Первое цифровое телевидение Ставрополь,Интернет,providers.php
image/png,False,asset-8bef0ad96944,http://cluster.skysend.ru:6721/image.php?provider=7,assets/originals/providers/provider-7.png,provider-logo,150,150,1416,verified,approved-original,home.providers / providers.catalog,Логотип из действующего публичного каталога SkySend. Не увеличивать выше исходного разрешения; сохранить цвета и пропорции. Существование в каталоге не подтверждает доступность платежей.,4c0d762086fed939234ef4368255b9b1869c55e09b46ea69f5b07e1d5ff5b137,НТВ-Плюс,Кабельное ТВ,providers.php
image/png,False,asset-53febcdb0bd9,http://cluster.skysend.ru:6721/image.php?provider=7063,assets/originals/providers/provider-7063.png,provider-logo,170,170,13600,verified,approved-original,home.providers / providers.catalog,Логотип из действующего публичного каталога SkySend. Не увеличивать выше исходного разрешения; сохранить цвета и пропорции. Существование в каталоге не подтверждает доступность платежей.,6bbb567ad7a61409559604925695e5d4e576af5d9269db8f85bb301545b1f769,НДФЛ. Фиксированные авансовые платежи иностранных граждан,"Штрафы, пошлины",providers.php
image/png,False,asset-3c5523f34b1c,http://cluster.skysend.ru:6721/image.php?provider=7102,assets/originals/providers/provider-7102.png,provider-logo,160,160,13046,verified,approved-original,home.providers / providers.catalog,Логотип из действующего публичного каталога SkySend. Не увеличивать выше исходного разрешения; сохранить цвета и пропорции. Существование в каталоге не подтверждает доступность платежей.,f1bccec710af095005daf851f37c41691da6bca79073e1516daab3c5a6e19768,Транспортный налог с физ.лиц (сумма платежа),"Штрафы, пошлины",providers.php
image/png,False,asset-4fe5114a1113,http://cluster.skysend.ru:6721/image.php?provider=713,assets/originals/providers/provider-713.png,provider-logo,160,160,8542,verified,approved-original,home.providers / providers.catalog,Логотип из действующего публичного каталога SkySend. Не увеличивать выше исходного разрешения; сохранить цвета и пропорции. Существование в каталоге не подтверждает доступность платежей.,d207c53f0f0bb9d64f107a3bfbe49da88d8b3398aea03fe7dcf6c26691dc703d,Формула Связи,Интернет,providers.php
image/png,False,asset-7bf7f5731c73,http://cluster.skysend.ru:6721/image.php?provider=7330,assets/originals/providers/provider-7330.png,provider-logo,550,550,90772,verified,approved-original,home.providers / providers.catalog,Логотип из действующего публичного каталога SkySend. Не увеличивать выше исходного разрешения; сохранить цвета и пропорции. Существование в каталоге не подтверждает доступность платежей.,57fe7ed397ba39675738eda02780a82b96fc5769d043c8a4c72ab3b9c3cec181,ТЦ Электрон (Интернет),Интернет,providers.php
image/png,False,asset-849c7a94f275,http://cluster.skysend.ru:6721/image.php?provider=7331,assets/originals/providers/provider-7331.png,provider-logo,550,550,86903,verified,approved-original,home.providers / providers.catalog,Логотип из действующего публичного каталога SkySend. Не увеличивать выше исходного разрешения; сохранить цвета и пропорции. Существование в каталоге не подтверждает доступность платежей.,02860f13634ba5c074ca580524889ea1cf580365371748d263c996d563dbbd81,ТЦ Электрон (Кабельное ТВ),Интернет,providers.php
image/png,False,asset-7f34a3e1271b,http://cluster.skysend.ru:6721/image.php?provider=7499,assets/originals/providers/provider-7499.png,provider-logo,150,150,22468,verified,approved-original,home.providers / providers.catalog,Логотип из действующего публичного каталога SkySend. Не увеличивать выше исходного разрешения; сохранить цвета и пропорции. Существование в каталоге не подтверждает доступность платежей.,3582df201dbc849417032dc9c3c49167c75d2aa2f3efc722bfe2a5bdd905d1d7,Revelation Mail.ru,Игры,providers.php
image/png,False,asset-00c66cc633f4,http://cluster.skysend.ru:6721/image.php?provider=7503,assets/originals/providers/provider-7503.png,provider-logo,150,150,10937,verified,approved-original,home.providers / providers.catalog,Логотип из действующего публичного каталога SkySend. Не увеличивать выше исходного разрешения; сохранить цвета и пропорции. Существование в каталоге не подтверждает доступность платежей.,cef6c0b9e2fe325d92d2d5ee35f77b6abbdf612e2c94892db8781011f88b2a6f,"Такси ""22222""  Крымск",Другие услуги,providers.php
image/png,False,asset-a138fb3604f3,http://cluster.skysend.ru:6721/image.php?provider=7504,assets/originals/providers/provider-7504.png,provider-logo,150,150,11263,verified,approved-original,home.providers / providers.catalog,Логотип из действующего публичного каталога SkySend. Не увеличивать выше исходного разрешения; сохранить цвета и пропорции. Существование в каталоге не подтверждает доступность платежей.,8f5499431268eab45d318c9b02f77270f9194fb612af08d58f451a217ec1ff16,"Такси ""44444""  Славянск - на - Кубани",Другие услуги,providers.php
image/png,False,asset-f9af0c1273b2,http://cluster.skysend.ru:6721/image.php?provider=7505,assets/originals/providers/provider-7505.png,provider-logo,150,150,10902,verified,approved-original,home.providers / providers.catalog,Логотип из действующего публичного каталога SkySend. Не увеличивать выше исходного разрешения; сохранить цвета и пропорции. Существование в каталоге не подтверждает доступность платежей.,c2b0354a40b8a1e939aa501fad4f905ad57b516f34310a8f3d85ffae698116e5,"Такси ""55555"" Темрюк",Другие услуги,providers.php
image/png,False,asset-3f22a1535786,http://cluster.skysend.ru:6721/image.php?provider=7506,assets/originals/providers/provider-7506.png,provider-logo,150,150,11137,verified,approved-original,home.providers / providers.catalog,Логотип из действующего публичного каталога SkySend. Не увеличивать выше исходного разрешения; сохранить цвета и пропорции. Существование в каталоге не подтверждает доступность платежей.,111ba923c4132174bb13570fb9ceec0d704f81bd6a61af128b14ce68f0c342d6,Такси 75866  г. Волгодонск,Другие услуги,providers.php
image/png,False,asset-90c31064e918,http://cluster.skysend.ru:6721/image.php?provider=7507,assets/originals/providers/provider-7507.png,provider-logo,150,150,11201,verified,approved-original,home.providers / providers.catalog,Логотип из действующего публичного каталога SkySend. Не увеличивать выше исходного разрешения; сохранить цвета и пропорции. Существование в каталоге не подтверждает доступность платежей.,4f4211ccee0067513bb9fa7e03999d6f6bdbaf95b6e38306c7e5e12a3300076d,Такси 72222 г. Каменск - Шахтинский,Другие услуги,providers.php
image/png,False,asset-0315f07edd4a,http://cluster.skysend.ru:6721/image.php?provider=7508,assets/originals/providers/provider-7508.png,provider-logo,150,150,11285,verified,approved-original,home.providers / providers.catalog,Логотип из действующего публичного каталога SkySend. Не увеличивать выше исходного разрешения; сохранить цвета и пропорции. Существование в каталоге не подтверждает доступность платежей.,4c5244fd84edc4f51962f9533838331ea5441091ddfb1f3be7377afb66b03399,Такси 21111 г. Новошахтинск,Другие услуги,providers.php
image/png,False,asset-10ba4992f10a,http://cluster.skysend.ru:6721/image.php?provider=7509,assets/originals/providers/provider-7509.png,provider-logo,150,150,10877,verified,approved-original,home.providers / providers.catalog,Логотип из действующего публичного каталога SkySend. Не увеличивать выше исходного разрешения; сохранить цвета и пропорции. Существование в каталоге не подтверждает доступность платежей.,8868f8072f48778e0a3d677e43e36538dba034eadd524a0c89ca5c5908ab4add,Такси 55555 г. Сальск,Другие услуги,providers.php
image/png,False,asset-df0b3f9d78b9,http://cluster.skysend.ru:6721/image.php?provider=7590,assets/originals/providers/provider-7590.png,provider-logo,160,160,8093,verified,approved-original,home.providers / providers.catalog,Логотип из действующего публичного каталога SkySend. Не увеличивать выше исходного разрешения; сохранить цвета и пропорции. Существование в каталоге не подтверждает доступность платежей.,49cb2901e2734090756ba084c2d8d87c6801d72c4194d091a6922a0056d408f7,Зеленая точка Ставрополь,Интернет,providers.php
image/png,False,asset-b005980df7d5,http://cluster.skysend.ru:6721/image.php?provider=7623,assets/originals/providers/provider-7623.png,provider-logo,150,150,11343,verified,approved-original,home.providers / providers.catalog,Логотип из действующего публичного каталога SkySend. Не увеличивать выше исходного разрешения; сохранить цвета и пропорции. Существование в каталоге не подтверждает доступность платежей.,0b9d901ed2f7e6ba2d9fc2375eb21015d4309fefebe6577bf13aa3e3c1afa7e5,"Такси ""2622226"" с. Лазаревское",Другие услуги,providers.php
image/png,False,asset-0887ccd56cb4,http://cluster.skysend.ru:6721/image.php?provider=7625,assets/originals/providers/provider-7625.png,provider-logo,150,150,10959,verified,approved-original,home.providers / providers.catalog,Логотип из действующего публичного каталога SkySend. Не увеличивать выше исходного разрешения; сохранить цвета и пропорции. Существование в каталоге не подтверждает доступность платежей.,09ba7f4bac3aec0b9a4195eaabcc3192467af569b44d2ea688573554fb6f6b27,"Такси ""55555"" Тихорецк",Другие услуги,providers.php
image/png,False,asset-6d9a7adad1e4,http://cluster.skysend.ru:6721/image.php?provider=7626,assets/originals/providers/provider-7626.png,provider-logo,150,150,10802,verified,approved-original,home.providers / providers.catalog,Логотип из действующего публичного каталога SkySend. Не увеличивать выше исходного разрешения; сохранить цвета и пропорции. Существование в каталоге не подтверждает доступность платежей.,fa84b4f028ac528ceca89d53ec42db3610709f77f97c26c7dee647cf7837c035,"Такси ""24000"" Туапсе",Другие услуги,providers.php
image/png,False,asset-04dd65232f0f,http://cluster.skysend.ru:6721/image.php?provider=7629,assets/originals/providers/provider-7629.png,provider-logo,150,150,10777,verified,approved-original,home.providers / providers.catalog,Логотип из действующего публичного каталога SkySend. Не увеличивать выше исходного разрешения; сохранить цвета и пропорции. Существование в каталоге не подтверждает доступность платежей.,c32a9260778cf38d4c113b5eb170d8fc11ef749461712fe29732654b28d3e5d6,"Такси ""22222""  Ейск",Другие услуги,providers.php
image/png,False,asset-3dddeda2ab45,http://cluster.skysend.ru:6721/image.php?provider=7630,assets/originals/providers/provider-7630.png,provider-logo,150,150,11053,verified,approved-original,home.providers / providers.catalog,Логотип из действующего публичного каталога SkySend. Не увеличивать выше исходного разрешения; сохранить цвета и пропорции. Существование в каталоге не подтверждает доступность платежей.,51c513880eb4a195ec766035456084207d57953fc85013c81f54bf53be4b7ec9,"Такси ""55555""  Тимашевск",Другие услуги,providers.php
image/png,False,asset-40e36564570e,http://cluster.skysend.ru:6721/image.php?provider=7687,assets/originals/providers/provider-7687.png,provider-logo,150,150,10765,verified,approved-original,home.providers / providers.catalog,Логотип из действующего публичного каталога SkySend. Не увеличивать выше исходного разрешения; сохранить цвета и пропорции. Существование в каталоге не подтверждает доступность платежей.,a4be25f8980e3b9c1e8d5f185e8b99c2eccc9669e29a4d8dfd4fbe9506276aae,Такси 240240 г. Шахты,Другие услуги,providers.php
image/png,False,asset-3c267c730ef1,http://cluster.skysend.ru:6721/image.php?provider=7750,assets/originals/providers/provider-7750.png,provider-logo,150,150,7667,verified,approved-original,home.providers / providers.catalog,Логотип из действующего публичного каталога SkySend. Не увеличивать выше исходного разрешения; сохранить цвета и пропорции. Существование в каталоге не подтверждает доступность платежей.,d3a3bf1d1c68709aa8aae1789ba814cf2ec70b440a33b777625a3534e156f343,Чистый Мир ООО,ЖКХ,providers.php
image/png,False,asset-11070b6f580e,http://cluster.skysend.ru:6721/image.php?provider=7826,assets/originals/providers/provider-7826.png,provider-logo,150,150,19354,verified,approved-original,home.providers / providers.catalog,Логотип из действующего публичного каталога SkySend. Не увеличивать выше исходного разрешения; сохранить цвета и пропорции. Существование в каталоге не подтверждает доступность платежей.,21b7d4263a378db7778fe30617bd401e2ecef6899f843d29120c02e1325e4344,Госпошлина ГИБДД. Республика Дагестан,"Штрафы, пошлины",providers.php
image/png,False,asset-1defd5abf8a1,http://cluster.skysend.ru:6721/image.php?provider=7827,assets/originals/providers/provider-7827.png,provider-logo,150,150,19422,verified,approved-original,home.providers / providers.catalog,Логотип из действующего публичного каталога SkySend. Не увеличивать выше исходного разрешения; сохранить цвета и пропорции. Существование в каталоге не подтверждает доступность платежей.,e92abcaa7a2399cc589ca130fcde6e6cc4907cb3203212babb6cb17ef4869e8c,Госпошлина ГИБДД. Чеченская республика,"Штрафы, пошлины",providers.php
image/png,False,asset-e9bfb5d02f2d,http://cluster.skysend.ru:6721/image.php?provider=7961,assets/originals/providers/provider-7961.png,provider-logo,150,150,33401,verified,approved-original,home.providers / providers.catalog,Логотип из действующего публичного каталога SkySend. Не увеличивать выше исходного разрешения; сохранить цвета и пропорции. Существование в каталоге не подтверждает доступность платежей.,7f2f91276073de8b38f3827af77c0f073e7741111f9a5a4ce081b7957415d8e7,Армед-Юг ООО,Другие услуги,providers.php
image/png,False,asset-2bc21cc18087,http://cluster.skysend.ru:6721/image.php?provider=8007,assets/originals/providers/provider-8007.png,provider-logo,150,150,14962,verified,approved-original,home.providers / providers.catalog,Логотип из действующего публичного каталога SkySend. Не увеличивать выше исходного разрешения; сохранить цвета и пропорции. Существование в каталоге не подтверждает доступность платежей.,78c484dd08b412419283661f1ab00b3598f79582ad8af50cbecec3f46d58ad7f,Партнер 11 (Севастополь),Другие услуги,providers.php
image/png,False,asset-9863339b33b2,http://cluster.skysend.ru:6721/image.php?provider=8008,assets/originals/providers/provider-8008.png,provider-logo,150,150,14981,verified,approved-original,home.providers / providers.catalog,Логотип из действующего публичного каталога SkySend. Не увеличивать выше исходного разрешения; сохранить цвета и пропорции. Существование в каталоге не подтверждает доступность платежей.,bd08e9817250ba0d8a486cfd6602d385d89be5d502ce1bdea4d0cd09237d153f,Партнер 10 (Симферополь),Другие услуги,providers.php
image/png,False,asset-370e6b45278d,http://cluster.skysend.ru:6721/image.php?provider=812,assets/originals/providers/provider-812.png,provider-logo,150,150,4861,verified,approved-original,home.providers / providers.catalog,Логотип из действующего публичного каталога SkySend. Не увеличивать выше исходного разрешения; сохранить цвета и пропорции. Существование в каталоге не подтверждает доступность платежей.,80fac4e9fd7aed593eb5a97d7e2e334336037aca5289960a1e2e2b3fa784fe32,ТЕЛКО-телефон,Интернет,providers.php
image/png,False,asset-e76c1fb0675e,http://cluster.skysend.ru:6721/image.php?provider=813,assets/originals/providers/provider-813.png,provider-logo,150,150,4403,verified,approved-original,home.providers / providers.catalog,Логотип из действующего публичного каталога SkySend. Не увеличивать выше исходного разрешения; сохранить цвета и пропорции. Существование в каталоге не подтверждает доступность платежей.,4d1a6cdde76d5ff686e059372895ea9b789bc7db9f6f7b711622dadebe74362f,ТЕЛКО-интернет,Интернет,providers.php
image/png,False,asset-8e58222238ee,http://cluster.skysend.ru:6721/image.php?provider=8214,assets/originals/providers/provider-8214.png,provider-logo,150,150,27131,verified,approved-original,home.providers / providers.catalog,Логотип из действующего публичного каталога SkySend. Не увеличивать выше исходного разрешения; сохранить цвета и пропорции. Существование в каталоге не подтверждает доступность платежей.,459e2f846c8c47e14ea08183b8a7cab465a3c9514f771aec238a6eb32b03b66a,Госпошлина ГИБДД Светлоград,"Штрафы, пошлины",providers.php
image/png,False,asset-b54dcabe9246,http://cluster.skysend.ru:6721/image.php?provider=8229,assets/originals/providers/provider-8229.png,provider-logo,150,150,19905,verified,approved-original,home.providers / providers.catalog,Логотип из действующего публичного каталога SkySend. Не увеличивать выше исходного разрешения; сохранить цвета и пропорции. Существование в каталоге не подтверждает доступность платежей.,45f9b7c7be1f1fcb3bc31892f8372ab66cd30148bc1fb2969a84b2278b13b636,Госпошлина ГИБДД по Белгородской области,"Штрафы, пошлины",providers.php
image/png,False,asset-d71bf4de32e7,http://cluster.skysend.ru:6721/image.php?provider=8257,assets/originals/providers/provider-8257.png,provider-logo,150,150,17559,verified,approved-original,home.providers / providers.catalog,Логотип из действующего публичного каталога SkySend. Не увеличивать выше исходного разрешения; сохранить цвета и пропорции. Существование в каталоге не подтверждает доступность платежей.,8cb8ae51ab3d5bd7d21e9f64852c5fcd66657867c84238409725af082d22b326,Крымская Водная Компания ООО (Сакский район),ЖКХ,providers.php
image/png,False,asset-f8afbc6efbc1,http://cluster.skysend.ru:6721/image.php?provider=8270,assets/originals/providers/provider-8270.png,provider-logo,150,150,17558,verified,approved-original,home.providers / providers.catalog,Логотип из действующего публичного каталога SkySend. Не увеличивать выше исходного разрешения; сохранить цвета и пропорции. Существование в каталоге не подтверждает доступность платежей.,309061c7201ff17d8a51aeee4fa4e617f1064333df0b432a04cf1437a874f5a5,"Детский сад с. Фрунзе ""Сказка""",ЖКХ,providers.php
image/png,False,asset-2dfa752f0fc0,http://cluster.skysend.ru:6721/image.php?provider=8271,assets/originals/providers/provider-8271.png,provider-logo,150,150,19206,verified,approved-original,home.providers / providers.catalog,Логотип из действующего публичного каталога SkySend. Не увеличивать выше исходного разрешения; сохранить цвета и пропорции. Существование в каталоге не подтверждает доступность платежей.,a0dfbe33ef5db474b70e4964850ac5ac6d618bcfb6f01f0a2a8af76ea2112b48,Крымская Водная Компания ООО (Первомайский район),ЖКХ,providers.php
image/png,False,asset-e36fb892de9c,http://cluster.skysend.ru:6721/image.php?provider=8305,assets/originals/providers/provider-8305.png,provider-logo,200,200,9084,verified,approved-original,home.providers / providers.catalog,Логотип из действующего публичного каталога SkySend. Не увеличивать выше исходного разрешения; сохранить цвета и пропорции. Существование в каталоге не подтверждает доступность платежей.,5809b58c7ee78f2104d15d7cc5da900627478b53d3d263de75134019fbf97c99,Пошлина за выдачу международного водительского удостоверения,"Штрафы, пошлины",providers.php
image/png,False,asset-b900aeea1f8b,http://cluster.skysend.ru:6721/image.php?provider=8306,assets/originals/providers/provider-8306.png,provider-logo,200,200,7245,verified,approved-original,home.providers / providers.catalog,Логотип из действующего публичного каталога SkySend. Не увеличивать выше исходного разрешения; сохранить цвета и пропорции. Существование в каталоге не подтверждает доступность платежей.,39bfc525d77fe0505880b96ad2d617ef9a7dd9450ddf67a2535d4b95619ee576,Получение (замена) паспорта гражданина РФ г.Краснодар,"Штрафы, пошлины",providers.php
image/png,False,asset-00f01ecf043e,http://cluster.skysend.ru:6721/image.php?provider=8307,assets/originals/providers/provider-8307.png,provider-logo,200,200,6409,verified,approved-original,home.providers / providers.catalog,Логотип из действующего публичного каталога SkySend. Не увеличивать выше исходного разрешения; сохранить цвета и пропорции. Существование в каталоге не подтверждает доступность платежей.,0686a40638c31f9f6a9d4daa6a12a57d484e01b03355fba77d9f2f5389ecfd3b,Госпошлина за выдачу (обмен) паспорта РФ взамен утраченного,"Штрафы, пошлины",providers.php
image/png,False,asset-cc55c7cecf7d,http://cluster.skysend.ru:6721/image.php?provider=8308,assets/originals/providers/provider-8308.png,provider-logo,200,200,5848,verified,approved-original,home.providers / providers.catalog,Логотип из действующего публичного каталога SkySend. Не увеличивать выше исходного разрешения; сохранить цвета и пропорции. Существование в каталоге не подтверждает доступность платежей.,ba146cef80530b98474ad4fc6aab27b316dbeb31e1a1c184965b9f37adf7bc75,Госпошлина за заграничный паспорт. г. Краснодар QR,"Штрафы, пошлины",providers.php
image/png,False,asset-8a25653b7010,http://cluster.skysend.ru:6721/image.php?provider=8309,assets/originals/providers/provider-8309.png,provider-logo,225,225,32715,verified,approved-original,home.providers / providers.catalog,Логотип из действующего публичного каталога SkySend. Не увеличивать выше исходного разрешения; сохранить цвета и пропорции. Существование в каталоге не подтверждает доступность платежей.,6ed6607d9e76dc2a6d9fd40fa28be7fb0e8e4d5ca7579ea105f1d8634234d358,Госпошлина за загран.паспорт нового образца - детский (г. Краснодар),"Штрафы, пошлины",providers.php
image/png,False,asset-167e99fc9a5b,http://cluster.skysend.ru:6721/image.php?provider=8310,assets/originals/providers/provider-8310.png,provider-logo,200,200,6890,verified,approved-original,home.providers / providers.catalog,Логотип из действующего публичного каталога SkySend. Не увеличивать выше исходного разрешения; сохранить цвета и пропорции. Существование в каталоге не подтверждает доступность платежей.,80d873f65497c72545e7a20661ff049354a9fa273d26af55bfd64e4a86a16fea,Госпошлина за прием заявления о расторжении брака супругов (без общих детей),"Штрафы, пошлины",providers.php
image/png,False,asset-f72e9b780bea,http://cluster.skysend.ru:6721/image.php?provider=8311,assets/originals/providers/provider-8311.png,provider-logo,200,200,6635,verified,approved-original,home.providers / providers.catalog,Логотип из действующего публичного каталога SkySend. Не увеличивать выше исходного разрешения; сохранить цвета и пропорции. Существование в каталоге не подтверждает доступность платежей.,bc2c8eaf83ee455a4e3612c80c4c93bc420075851bdcff6a48bbdf9b768be41b,Госпошлина за прием заявления о повторной выдаче свидетельства о регистрации брака,"Штрафы, пошлины",providers.php
image/png,False,asset-d78ee875fb86,http://cluster.skysend.ru:6721/image.php?provider=8312,assets/originals/providers/provider-8312.png,provider-logo,200,200,5207,verified,approved-original,home.providers / providers.catalog,Логотип из действующего публичного каталога SkySend. Не увеличивать выше исходного разрешения; сохранить цвета и пропорции. Существование в каталоге не подтверждает доступность платежей.,85eb4a42da0ae37b5c960d55f16c07f1025c63fff9401746fcd838ca97ecff89,Госпошлина за предоставление сведений из ЕГРН,"Штрафы, пошлины",providers.php
image/png,False,asset-f5c51ef07fee,http://cluster.skysend.ru:6721/image.php?provider=8313,assets/originals/providers/provider-8313.png,provider-logo,200,200,6729,verified,approved-original,home.providers / providers.catalog,Логотип из действующего публичного каталога SkySend. Не увеличивать выше исходного разрешения; сохранить цвета и пропорции. Существование в каталоге не подтверждает доступность платежей.,eb07949f95dfc60e2e7d30259cc2d97772997a94feec68877d8c4093b607ca1c,Выдача копии договоров по односторонним сделкам,"Штрафы, пошлины",providers.php
image/png,False,asset-ba0b44682788,http://cluster.skysend.ru:6721/image.php?provider=8314,assets/originals/providers/provider-8314.png,provider-logo,200,200,6470,verified,approved-original,home.providers / providers.catalog,Логотип из действующего публичного каталога SkySend. Не увеличивать выше исходного разрешения; сохранить цвета и пропорции. Существование в каталоге не подтверждает доступность платежей.,a9d9087bb74f63345a86d69fdabd3b8a7174a7dade1e630a30cc07bbc554bfb2,Выписка о содержании правоустанавливающих документов,"Штрафы, пошлины",providers.php
image/png,False,asset-cff0a5becb79,http://cluster.skysend.ru:6721/image.php?provider=8315,assets/originals/providers/provider-8315.png,provider-logo,200,200,7730,verified,approved-original,home.providers / providers.catalog,Логотип из действующего публичного каталога SkySend. Не увеличивать выше исходного разрешения; сохранить цвета и пропорции. Существование в каталоге не подтверждает доступность платежей.,f8cbe1296dff4adc9e48524e15245cc8ec156805553f688d52e47b6d3da797e5,Регистрация права Росреестр,"Штрафы, пошлины",providers.php
image/png,False,asset-262f888d61ae,http://cluster.skysend.ru:6721/image.php?provider=8317,assets/originals/providers/provider-8317.png,provider-logo,200,200,5052,verified,approved-original,home.providers / providers.catalog,Логотип из действующего публичного каталога SkySend. Не увеличивать выше исходного разрешения; сохранить цвета и пропорции. Существование в каталоге не подтверждает доступность платежей.,3c05ef0b04fa4391da1560b4cca39c6cf37473da544516966d124e6ddaf0c59e,Предоставление сведений системы градостроительной деятельности,"Штрафы, пошлины",providers.php
image/png,False,asset-6e3f44e9b919,http://cluster.skysend.ru:6721/image.php?provider=8318,assets/originals/providers/provider-8318.png,provider-logo,200,200,6211,verified,approved-original,home.providers / providers.catalog,Логотип из действующего публичного каталога SkySend. Не увеличивать выше исходного разрешения; сохранить цвета и пропорции. Существование в каталоге не подтверждает доступность платежей.,c2002bf93e0db93e886b44b92874736f7981affe3c6191971283eee5eb38a66a,Выдача дубликата ИНН,"Штрафы, пошлины",providers.php
image/png,False,asset-e1e07605954c,http://cluster.skysend.ru:6721/image.php?provider=8319,assets/originals/providers/provider-8319.png,provider-logo,200,200,6030,verified,approved-original,home.providers / providers.catalog,Логотип из действующего публичного каталога SkySend. Не увеличивать выше исходного разрешения; сохранить цвета и пропорции. Существование в каталоге не подтверждает доступность платежей.,55a3342d706ce5e15f884c5f06cd2a0942c9c04452f05029c9b7ea0eb3a34c56,"Государственная регистрация юридических лиц, ИП, хозяйств","Штрафы, пошлины",providers.php
image/png,False,asset-de23d2014265,http://cluster.skysend.ru:6721/image.php?provider=8320,assets/originals/providers/provider-8320.png,provider-logo,200,200,6820,verified,approved-original,home.providers / providers.catalog,Логотип из действующего публичного каталога SkySend. Не увеличивать выше исходного разрешения; сохранить цвета и пропорции. Существование в каталоге не подтверждает доступность платежей.,ca8509e9c37622cb126030712d5e59c5d444abf29d20c40fa2fd14570c9d6dcf,"Предоставление сведений из ЕГРЮЛ, ЕГРИП г. Краснодар","Штрафы, пошлины",providers.php
image/png,False,asset-7d5429e0b085,http://cluster.skysend.ru:6721/image.php?provider=8323,assets/originals/providers/provider-8323.png,provider-logo,200,200,5506,verified,approved-original,home.providers / providers.catalog,Логотип из действующего публичного каталога SkySend. Не увеличивать выше исходного разрешения; сохранить цвета и пропорции. Существование в каталоге не подтверждает доступность платежей.,dcc26e66e4a054b7f3ba701b7affab8d171fdb2e14b1ef5c26774526549d6f25,Справки из архивов органов ЗАГС,"Штрафы, пошлины",providers.php
image/png,False,asset-45ecc0461b19,http://cluster.skysend.ru:6721/image.php?provider=8324,assets/originals/providers/provider-8324.png,provider-logo,200,200,5900,verified,approved-original,home.providers / providers.catalog,Логотип из действующего публичного каталога SkySend. Не увеличивать выше исходного разрешения; сохранить цвета и пропорции. Существование в каталоге не подтверждает доступность платежей.,d31c3e8d3d9fc33a33a1d6d9920c542c12da1f2dff25bc5fc7e5a6f6336c632d,Выдача разрешения на установку рекламной конструкции,"Штрафы, пошлины",providers.php
image/png,False,asset-3f4117505903,http://cluster.skysend.ru:6721/image.php?provider=8325,assets/originals/providers/provider-8325.png,provider-logo,150,150,27183,verified,approved-original,home.providers / providers.catalog,Логотип из действующего публичного каталога SkySend. Не увеличивать выше исходного разрешения; сохранить цвета и пропорции. Существование в каталоге не подтверждает доступность платежей.,2634c988a2ac17448fcf713cfc3a61abb8a788565dd8e25109034e7c3079fb54,Крымская Водная Компания ООО (Раздольненский район),ЖКХ,providers.php
image/png,False,asset-9d2ceb37301e,http://cluster.skysend.ru:6721/image.php?provider=8353,assets/originals/providers/provider-8353.png,provider-logo,200,200,6966,verified,approved-original,home.providers / providers.catalog,Логотип из действующего публичного каталога SkySend. Не увеличивать выше исходного разрешения; сохранить цвета и пропорции. Существование в каталоге не подтверждает доступность платежей.,abbf7c83d3f73b0976abd040eed3bf9dd30fde22c41369283ffec5d7d285e77b,Предоставление сведений из реестра дисквалифицированных лиц г. Краснодар,"Штрафы, пошлины",providers.php
image/png,False,asset-28aac8437de4,http://cluster.skysend.ru:6721/image.php?provider=8354,assets/originals/providers/provider-8354.png,provider-logo,200,200,3594,verified,approved-original,home.providers / providers.catalog,Логотип из действующего публичного каталога SkySend. Не увеличивать выше исходного разрешения; сохранить цвета и пропорции. Существование в каталоге не подтверждает доступность платежей.,e6493e5fa72f9b3884b2bd7b0b00d60fcb98b7e9646b0b9a654958ff7fdf6a59,Получение разрешения на перевозку крупногабаритных и тяжеловесных грузов,"Штрафы, пошлины",providers.php
image/png,False,asset-c3fd5b386cf2,http://cluster.skysend.ru:6721/image.php?provider=8355,assets/originals/providers/provider-8355.png,provider-logo,200,200,3599,verified,approved-original,home.providers / providers.catalog,Логотип из действующего публичного каталога SkySend. Не увеличивать выше исходного разрешения; сохранить цвета и пропорции. Существование в каталоге не подтверждает доступность платежей.,fc4b199c65ca58d8cc9c1d2e793ea82a73f79fe86a5a1b0d2408247e58d9b9dc,Получение разрешения на перевозку опасных грузов,"Штрафы, пошлины",providers.php
image/png,False,asset-e65a5f34521c,http://cluster.skysend.ru:6721/image.php?provider=8450,assets/originals/providers/provider-8450.png,provider-logo,150,150,17075,verified,approved-original,home.providers / providers.catalog,Логотип из действующего публичного каталога SkySend. Не увеличивать выше исходного разрешения; сохранить цвета и пропорции. Существование в каталоге не подтверждает доступность платежей.,abfeba615967ec507dc9826fbaa3167b6bf2cb1cdfab032442d362b6918adac9,КМВТелеком,Сотовая связь,providers.php
image/png,False,asset-87d538bae59c,http://cluster.skysend.ru:6721/image.php?provider=8455,assets/originals/providers/provider-8455.png,provider-logo,150,150,11084,verified,approved-original,home.providers / providers.catalog,Логотип из действующего публичного каталога SkySend. Не увеличивать выше исходного разрешения; сохранить цвета и пропорции. Существование в каталоге не подтверждает доступность платежей.,010b2653f7d670951e967836e27176f917d21660e4e74dd49d6eb51a63b94f4b,Такси Союз Краснодар,Другие услуги,providers.php
image/png,False,asset-4791b88687b9,http://cluster.skysend.ru:6721/image.php?provider=8459,assets/originals/providers/provider-8459.png,provider-logo,150,150,4681,verified,approved-original,home.providers / providers.catalog,Логотип из действующего публичного каталога SkySend. Не увеличивать выше исходного разрешения; сохранить цвета и пропорции. Существование в каталоге не подтверждает доступность платежей.,182b707debd321aec959464de1f2efedcd33574cbdc58bcbf5d4df4d2e398700,"Оплата страховой премии МСК ""АйАйСи""",Страхование,providers.php
image/png,False,asset-3b721b4604c3,http://cluster.skysend.ru:6721/image.php?provider=8474,assets/originals/providers/provider-8474.png,provider-logo,150,150,11268,verified,approved-original,home.providers / providers.catalog,Логотип из действующего публичного каталога SkySend. Не увеличивать выше исходного разрешения; сохранить цвета и пропорции. Существование в каталоге не подтверждает доступность платежей.,8d874f6af5e818419e18bfbee5dd1ec12998712df7c0b60cecd60903292aea20,Такси Союз Симферополь,Другие услуги,providers.php
image/png,False,asset-eee928df6b0c,http://cluster.skysend.ru:6721/image.php?provider=8476,assets/originals/providers/provider-8476.png,provider-logo,150,150,11066,verified,approved-original,home.providers / providers.catalog,Логотип из действующего публичного каталога SkySend. Не увеличивать выше исходного разрешения; сохранить цвета и пропорции. Существование в каталоге не подтверждает доступность платежей.,959e68716414f5cb33edb504ffbfafd80861c60f02734d4d1415a002ac10634c,Такси Союз Севастополь,Другие услуги,providers.php
image/png,False,asset-6447ee7b3da1,http://cluster.skysend.ru:6721/image.php?provider=8526,assets/originals/providers/provider-8526.png,provider-logo,150,150,18601,verified,approved-original,home.providers / providers.catalog,Логотип из действующего публичного каталога SkySend. Не увеличивать выше исходного разрешения; сохранить цвета и пропорции. Существование в каталоге не подтверждает доступность платежей.,0f57c4a0e88deceb5373d6562df2fdbcb94bcc4b1441b7fece4edb6fd9f4009c,"ЦСМТ ""ЗДОРОВЬЕ"". Добровольное медицинское страхование. Услуги сопровождения.",Страхование,providers.php
image/png,False,asset-63ccf50e251c,http://cluster.skysend.ru:6721/image.php?provider=8594,assets/originals/providers/provider-8594.png,provider-logo,210,210,2654,verified,approved-original,home.providers / providers.catalog,Логотип из действующего публичного каталога SkySend. Не увеличивать выше исходного разрешения; сохранить цвета и пропорции. Существование в каталоге не подтверждает доступность платежей.,5b257691a555945361e66e0eeef4a41551f4c4a032ec1df939dfc42d36a86478,Госпошлина за заграничный паспорт (МФЦ по РСО-Алания),"Штрафы, пошлины",providers.php
image/png,False,asset-46af9580b9a2,http://cluster.skysend.ru:6721/image.php?provider=8595,assets/originals/providers/provider-8595.png,provider-logo,210,210,2737,verified,approved-original,home.providers / providers.catalog,Логотип из действующего публичного каталога SkySend. Не увеличивать выше исходного разрешения; сохранить цвета и пропорции. Существование в каталоге не подтверждает доступность платежей.,fc4cdf7e3949a3fde02be80cac8ac85aa868ca22ea05c58dfa3191ac164b198f,Госпошлина за заграничный паспорт детский (МФЦ по РСО-Алания),"Штрафы, пошлины",providers.php
image/png,False,asset-f22429a3646b,http://cluster.skysend.ru:6721/image.php?provider=8596,assets/originals/providers/provider-8596.png,provider-logo,210,209,11613,verified,approved-original,home.providers / providers.catalog,Логотип из действующего публичного каталога SkySend. Не увеличивать выше исходного разрешения; сохранить цвета и пропорции. Существование в каталоге не подтверждает доступность платежей.,c6abbd1930d3e0f132d039561ddb864cc3cc491be150d76bc903a850f93bc6eb,Госпошлина за выдачу (обмен) паспорта РФ взамен утраченного (МФЦ по РСО-Алания),"Штрафы, пошлины",providers.php
image/png,False,asset-3d18d0283b44,http://cluster.skysend.ru:6721/image.php?provider=8597,assets/originals/providers/provider-8597.png,provider-logo,210,210,11964,verified,approved-original,home.providers / providers.catalog,Логотип из действующего публичного каталога SkySend. Не увеличивать выше исходного разрешения; сохранить цвета и пропорции. Существование в каталоге не подтверждает доступность платежей.,b3dc968b6d29098ade8ca9c86e293c02a99b65782eca1be0de08b10ffef93284,Получение (замена) паспорта гражданина РФ (МФЦ по РСО-Алания),"Штрафы, пошлины",providers.php
image/png,False,asset-20b2e6d97e8d,http://cluster.skysend.ru:6721/image.php?provider=8598,assets/originals/providers/provider-8598.png,provider-logo,210,210,3012,verified,approved-original,home.providers / providers.catalog,Логотип из действующего публичного каталога SkySend. Не увеличивать выше исходного разрешения; сохранить цвета и пропорции. Существование в каталоге не подтверждает доступность платежей.,607e172ecb9ded4e6b56cc8a1f25233a696fc997c1181b2e9ed88daa478cde91,Пошлина за выдачу водительского удостоверения (через МФЦ по РСО-Алания),"Штрафы, пошлины",providers.php
image/png,False,asset-aa13a51b734d,http://cluster.skysend.ru:6721/image.php?provider=8600,assets/originals/providers/provider-8600.png,provider-logo,210,210,3255,verified,approved-original,home.providers / providers.catalog,Логотип из действующего публичного каталога SkySend. Не увеличивать выше исходного разрешения; сохранить цвета и пропорции. Существование в каталоге не подтверждает доступность платежей.,d7a170c258530d1cf225d48719dc5ba61f03e56b118452dfbd3c2e916d433c16,"Государственная регистрация юридических лиц, ИП, хозяйств (по РСО-Алания)","Штрафы, пошлины",providers.php
image/png,False,asset-5c9814ffe72c,http://cluster.skysend.ru:6721/image.php?provider=8601,assets/originals/providers/provider-8601.png,provider-logo,210,210,3914,verified,approved-original,home.providers / providers.catalog,Логотип из действующего публичного каталога SkySend. Не увеличивать выше исходного разрешения; сохранить цвета и пропорции. Существование в каталоге не подтверждает доступность платежей.,4d16cd7c6d5d21de9532c84c04160c54bb75db38c3aa3dd0ff7364ceb89c828d,Предоставление сведений из реестра дисквалифицированных лиц (по РСО-Алания),"Штрафы, пошлины",providers.php
image/png,False,asset-94ad436819db,http://cluster.skysend.ru:6721/image.php?provider=8602,assets/originals/providers/provider-8602.png,provider-logo,210,210,3727,verified,approved-original,home.providers / providers.catalog,Логотип из действующего публичного каталога SkySend. Не увеличивать выше исходного разрешения; сохранить цвета и пропорции. Существование в каталоге не подтверждает доступность платежей.,59b1d2b97e0b629b104063ebc0f3666cbf498bee08ff132a861dd4e820956200,"Предоставление сведений из ЕГРЮЛ, ЕГРИП (по РСО-Алания)","Штрафы, пошлины",providers.php
image/png,False,asset-e2be0c46d893,http://cluster.skysend.ru:6721/image.php?provider=8623,assets/originals/providers/provider-8623.png,provider-logo,160,160,29918,verified,approved-original,home.providers / providers.catalog,Логотип из действующего публичного каталога SkySend. Не увеличивать выше исходного разрешения; сохранить цвета и пропорции. Существование в каталоге не подтверждает доступность платежей.,bf88503811e3ca16e1d1e39acc850859bfac05ee951c9aa2449fe9747e6941e8,Оплата налогов ФНС по УИН (индексу документа),"Штрафы, пошлины",providers.php
image/png,False,asset-4382a86d0d88,http://cluster.skysend.ru:6721/image.php?provider=8638,assets/originals/providers/provider-8638.png,provider-logo,200,200,6523,verified,approved-original,home.providers / providers.catalog,Логотип из действующего публичного каталога SkySend. Не увеличивать выше исходного разрешения; сохранить цвета и пропорции. Существование в каталоге не подтверждает доступность платежей.,e3a0e91b7ce8718270a65df3e01b2455a7da23623b62ab6e86d2c17697b1bce9,Госпошлина за прием заявления о повторной выдаче свидетельства о регистрации брака (РСО-Алания),"Штрафы, пошлины",providers.php
image/png,False,asset-34fae8ff1950,http://cluster.skysend.ru:6721/image.php?provider=8639,assets/originals/providers/provider-8639.png,provider-logo,200,200,6383,verified,approved-original,home.providers / providers.catalog,Логотип из действующего публичного каталога SkySend. Не увеличивать выше исходного разрешения; сохранить цвета и пропорции. Существование в каталоге не подтверждает доступность платежей.,3c2a3836575370dcba2672e4d9c2d0471ea641f0f2912fc2d991b9f031a77ace,Справки из архивов органов ЗАГС (РСО-Алания),"Штрафы, пошлины",providers.php
image/png,False,asset-36ba0de7fa04,http://cluster.skysend.ru:6721/image.php?provider=8640,assets/originals/providers/provider-8640.png,provider-logo,150,150,21466,verified,approved-original,home.providers / providers.catalog,Логотип из действующего публичного каталога SkySend. Не увеличивать выше исходного разрешения; сохранить цвета и пропорции. Существование в каталоге не подтверждает доступность платежей.,752b6dede7b1144ba520492b04cd88a96a4b1dd442e7dc024b4bbcab643048da,Оплата ЖКУ по ИНН (ГИС ЖКХ),ЖКХ,providers.php
image/png,False,asset-4b215c7f0ac0,http://cluster.skysend.ru:6721/image.php?provider=8647,assets/originals/providers/provider-8647.png,provider-logo,150,150,26590,verified,approved-original,home.providers / providers.catalog,Логотип из действующего публичного каталога SkySend. Не увеличивать выше исходного разрешения; сохранить цвета и пропорции. Существование в каталоге не подтверждает доступность платежей.,96b06454ab5894a6b08fb5c4f3132a2f11dac3635956e9e4678aca1f2d4b64d8,Госпошлина ГИБДД. Лабинский район. КБ Промсвязьбанк,"Штрафы, пошлины",providers.php
image/png,False,asset-324c85959828,http://cluster.skysend.ru:6721/image.php?provider=8652,assets/originals/providers/provider-8652.png,provider-logo,150,150,37827,verified,approved-original,home.providers / providers.catalog,Логотип из действующего публичного каталога SkySend. Не увеличивать выше исходного разрешения; сохранить цвета и пропорции. Существование в каталоге не подтверждает доступность платежей.,8516896cd681bb4d8ee67db7cd62f038c9a063c067116d8e9a833b819d8be8c0,"ООО ""УК N 99"" оплата ЖКУ (ИНН 2623804155)",ЖКХ,providers.php
image/png,False,asset-02616c13692d,http://cluster.skysend.ru:6721/image.php?provider=8662,assets/originals/providers/provider-8662.png,provider-logo,150,150,34562,verified,approved-original,home.providers / providers.catalog,Логотип из действующего публичного каталога SkySend. Не увеличивать выше исходного разрешения; сохранить цвета и пропорции. Существование в каталоге не подтверждает доступность платежей.,f12bb1a108e5160a0666377ef9c6e506e9f962a8813d0f5c475e09dd0e79d43f,Госпошлина ГИБДД (МРЭУ N2 г.Сочи),"Штрафы, пошлины",providers.php
image/png,False,asset-ee3a74f6e0b8,http://cluster.skysend.ru:6721/image.php?provider=8739,assets/originals/providers/provider-8739.png,provider-logo,150,150,5188,verified,approved-original,home.providers / providers.catalog,Логотип из действующего публичного каталога SkySend. Не увеличивать выше исходного разрешения; сохранить цвета и пропорции. Существование в каталоге не подтверждает доступность платежей.,256b8644a38c96cbaa34311ee8020754274938d7f08de7d5417c56f70e2f2f01,Цветущий сад СНТ (запрос суммы),ЖКХ,providers.php
image/png,False,asset-062d2579cec0,http://cluster.skysend.ru:6721/image.php?provider=8743,assets/originals/providers/provider-8743.png,provider-logo,150,150,28412,verified,approved-original,home.providers / providers.catalog,Логотип из действующего публичного каталога SkySend. Не увеличивать выше исходного разрешения; сохранить цвета и пропорции. Существование в каталоге не подтверждает доступность платежей.,cf0aff78a188537e0c544e71a8e961dd2a449ad549c86dfa4e82a8b4b31d77c0,Штрафы УФМС (РСО-Алания),"Штрафы, пошлины",providers.php
image/png,False,asset-a3a3ef144ee3,http://cluster.skysend.ru:6721/image.php?provider=8744,assets/originals/providers/provider-8744.png,provider-logo,150,150,24312,verified,approved-original,home.providers / providers.catalog,Логотип из действующего публичного каталога SkySend. Не увеличивать выше исходного разрешения; сохранить цвета и пропорции. Существование в каталоге не подтверждает доступность платежей.,9b26340bc317553b56a5516379f0cef9a51f46c10a72d3686d76a3bd447a58b0,Получение (замена) паспорта гражданина РФ (ФМС РСО-Алания),"Штрафы, пошлины",providers.php
image/png,False,asset-3730ce247adf,http://cluster.skysend.ru:6721/image.php?provider=8745,assets/originals/providers/provider-8745.png,provider-logo,150,150,22645,verified,approved-original,home.providers / providers.catalog,Логотип из действующего публичного каталога SkySend. Не увеличивать выше исходного разрешения; сохранить цвета и пропорции. Существование в каталоге не подтверждает доступность платежей.,d611d15c3b86bc8bc3745f1cc4ca3fabd8d0b7955789b371ce9dda264ce343be,Госпошлина за выдачу (обмен) паспорта РФ взамен утраченного (ФМС РСО-Алания),"Штрафы, пошлины",providers.php
image/png,False,asset-0a12bcc85415,http://cluster.skysend.ru:6721/image.php?provider=8746,assets/originals/providers/provider-8746.png,provider-logo,150,150,24577,verified,approved-original,home.providers / providers.catalog,Логотип из действующего публичного каталога SkySend. Не увеличивать выше исходного разрешения; сохранить цвета и пропорции. Существование в каталоге не подтверждает доступность платежей.,695da6aff941bb1b281220fbfc2e59f0c826bbe7b9f277961fd16d6ab911a036,Госпошлина за заграничный паспорт взрослый нового образца (ФМС РСО-Алания),"Штрафы, пошлины",providers.php
image/png,False,asset-7d3e0a9af23f,http://cluster.skysend.ru:6721/image.php?provider=8747,assets/originals/providers/provider-8747.png,provider-logo,150,150,24466,verified,approved-original,home.providers / providers.catalog,Логотип из действующего публичного каталога SkySend. Не увеличивать выше исходного разрешения; сохранить цвета и пропорции. Существование в каталоге не подтверждает доступность платежей.,1e39fc418cf3d9ff6ffef62e3d42c16a190b857d847e82ea1bcbac1126fc3a25,Госпошлина за заграничный паспорт детский нового образца (ФМС РСО-Алания),"Штрафы, пошлины",providers.php
image/png,False,asset-b646a57bc4e7,http://cluster.skysend.ru:6721/image.php?provider=8748,assets/originals/providers/provider-8748.png,provider-logo,150,150,23762,verified,approved-original,home.providers / providers.catalog,Логотип из действующего публичного каталога SkySend. Не увеличивать выше исходного разрешения; сохранить цвета и пропорции. Существование в каталоге не подтверждает доступность платежей.,d7e5df3b57cc30cb783b3da5ebc77f727be68e4fa84d66cae069305285767ba3,Госпошлина за заграничный паспорт (ФМС РСО-Алания),"Штрафы, пошлины",providers.php
image/png,False,asset-200790035f0e,http://cluster.skysend.ru:6721/image.php?provider=8749,assets/originals/providers/provider-8749.png,provider-logo,150,150,23665,verified,approved-original,home.providers / providers.catalog,Логотип из действующего публичного каталога SkySend. Не увеличивать выше исходного разрешения; сохранить цвета и пропорции. Существование в каталоге не подтверждает доступность платежей.,0bdfea4c765541c9a79404f693bd9d08ab48558901225194d55adb44e33745ff,Госпошлина за заграничный паспорт детский (ФМС РСО-Алания),"Штрафы, пошлины",providers.php
image/png,False,asset-36d83bb28775,http://cluster.skysend.ru:6721/image.php?provider=8750,assets/originals/providers/provider-8750.png,provider-logo,150,150,25648,verified,approved-original,home.providers / providers.catalog,Логотип из действующего публичного каталога SkySend. Не увеличивать выше исходного разрешения; сохранить цвета и пропорции. Существование в каталоге не подтверждает доступность платежей.,76fe4a734e977e1146414c856731510b13830198fc0730e85b22494f36fcb8ac,Внесение изменений в заграничный паспорт (ФМС РСО-Алания),"Штрафы, пошлины",providers.php
image/png,False,asset-57e555c13dbc,http://cluster.skysend.ru:6721/image.php?provider=8751,assets/originals/providers/provider-8751.png,provider-logo,232,234,11656,verified,approved-original,home.providers / providers.catalog,Логотип из действующего публичного каталога SkySend. Не увеличивать выше исходного разрешения; сохранить цвета и пропорции. Существование в каталоге не подтверждает доступность платежей.,ba37a5fa8d1c302da10c71c979d70d33bbafa8f9cc85e2d6f6b5465ad6bfbf35,Госпошлина за регистрацию по месту жительства в РФ (ФМС РСО-Алания),"Штрафы, пошлины",providers.php
image/png,False,asset-fd225f9f46b1,http://cluster.skysend.ru:6721/image.php?provider=8752,assets/originals/providers/provider-8752.png,provider-logo,150,150,24052,verified,approved-original,home.providers / providers.catalog,Логотип из действующего публичного каталога SkySend. Не увеличивать выше исходного разрешения; сохранить цвета и пропорции. Существование в каталоге не подтверждает доступность платежей.,169337b6bca7ae6aab5a31e412a35efb4baf55d441d6dd092a3aef34d9d62238,Разрешение на временное проживание в РФ (ФМС РСО-Алания),"Штрафы, пошлины",providers.php
image/png,False,asset-22184464324e,http://cluster.skysend.ru:6721/image.php?provider=8753,assets/originals/providers/provider-8753.png,provider-logo,150,150,23996,verified,approved-original,home.providers / providers.catalog,Логотип из действующего публичного каталога SkySend. Не увеличивать выше исходного разрешения; сохранить цвета и пропорции. Существование в каталоге не подтверждает доступность платежей.,99e03bbd8a893d396afb26fcafa1a9146e470a2bdc853bdc4720f27c265c19e4,Вид на жительство выдача/продление (ФМС РСО-Алания),"Штрафы, пошлины",providers.php
image/png,False,asset-fa60354a992d,http://cluster.skysend.ru:6721/image.php?provider=8755,assets/originals/providers/provider-8755.png,provider-logo,150,150,22948,verified,approved-original,home.providers / providers.catalog,Логотип из действующего публичного каталога SkySend. Не увеличивать выше исходного разрешения; сохранить цвета и пропорции. Существование в каталоге не подтверждает доступность платежей.,09aebde01d701a890ddeeb8a197847f6d9cdd1bb73a12ed1e74af22b06e9e34f,Гражданство РФ (ФМС РСО-Алания),"Штрафы, пошлины",providers.php
image/png,False,asset-6070582bc9d6,http://cluster.skysend.ru:6721/image.php?provider=8756,assets/originals/providers/provider-8756.png,provider-logo,150,150,24259,verified,approved-original,home.providers / providers.catalog,Логотип из действующего публичного каталога SkySend. Не увеличивать выше исходного разрешения; сохранить цвета и пропорции. Существование в каталоге не подтверждает доступность платежей.,89a2cb55ce85b1096ad07b95cd860a01400de4a561e8a1b0a6e44244d498c650,"Виза для выезда из РФ, выдача/продление (ФМС РСО-Алания)","Штрафы, пошлины",providers.php
image/png,False,asset-9c811ab3e224,http://cluster.skysend.ru:6721/image.php?provider=8757,assets/originals/providers/provider-8757.png,provider-logo,232,234,11793,verified,approved-original,home.providers / providers.catalog,Логотип из действующего публичного каталога SkySend. Не увеличивать выше исходного разрешения; сохранить цвета и пропорции. Существование в каталоге не подтверждает доступность платежей.,566eba50bdabbcc05b7e8274c9816eaf6a8427a8208a5bff786b127b0bf20c86,"Виза для выезда и въезда в РФ, выдача/продление (ФМС РСО-Алания)","Штрафы, пошлины",providers.php
image/png,False,asset-746acb30715c,http://cluster.skysend.ru:6721/image.php?provider=8758,assets/originals/providers/provider-8758.png,provider-logo,232,234,12720,verified,approved-original,home.providers / providers.catalog,Логотип из действующего публичного каталога SkySend. Не увеличивать выше исходного разрешения; сохранить цвета и пропорции. Существование в каталоге не подтверждает доступность платежей.,079cfcf01a8fa4f9572a9464624df00fe494f1e97ca9e04a7af1cf229ef3c401,"Виза для многократного пересечения границы РФ, выдача/продление (ФМС РСО-Алания)","Штрафы, пошлины",providers.php
image/png,False,asset-f61fb09a3172,http://cluster.skysend.ru:6721/image.php?provider=8759,assets/originals/providers/provider-8759.png,provider-logo,232,234,11356,verified,approved-original,home.providers / providers.catalog,Логотип из действующего публичного каталога SkySend. Не увеличивать выше исходного разрешения; сохранить цвета и пропорции. Существование в каталоге не подтверждает доступность платежей.,54b5bac0317b4ff4e1ee397eb891ed72de54e621dceba8f8306ce3f482ad0280,Патент для работы иностранного гражданина (ФМС РСО-Алания),"Штрафы, пошлины",providers.php
image/png,False,asset-21b46d8b734a,http://cluster.skysend.ru:6721/image.php?provider=876,assets/originals/providers/provider-876.png,provider-logo,170,103,33452,verified,approved-original,home.providers / providers.catalog,Логотип из действующего публичного каталога SkySend. Не увеличивать выше исходного разрешения; сохранить цвета и пропорции. Существование в каталоге не подтверждает доступность платежей.,d60d013954e42be327c86144fccf62584789dfe103709da37c05e5af7364f5de,Xsolla. War Thunder,Игры,providers.php
image/png,False,asset-3b53cb490dbc,http://cluster.skysend.ru:6721/image.php?provider=8760,assets/originals/providers/provider-8760.png,provider-logo,150,150,23187,verified,approved-original,home.providers / providers.catalog,Логотип из действующего публичного каталога SkySend. Не увеличивать выше исходного разрешения; сохранить цвета и пропорции. Существование в каталоге не подтверждает доступность платежей.,6dffe98f8dafd46cb1dc9392ee6c2d07cd054e4dd04c64a9815f3e61d0f19855,Пошлина приглашение на въезд в РФ (ФМС РСО-Алания),"Штрафы, пошлины",providers.php
image/png,False,asset-0f1fe611bb9c,http://cluster.skysend.ru:6721/image.php?provider=8932,assets/originals/providers/provider-8932.png,provider-logo,150,150,23452,verified,approved-original,home.providers / providers.catalog,Логотип из действующего публичного каталога SkySend. Не увеличивать выше исходного разрешения; сохранить цвета и пропорции. Существование в каталоге не подтверждает доступность платежей.,a5d637eaf7f0f498d759b7436c7332fbc148a3c27c489a9e013eeea3c828b701,Госпошлина ГИБДД г.Новосибирск,"Штрафы, пошлины",providers.php
image/png,False,asset-bf01c67b36be,http://cluster.skysend.ru:6721/image.php?provider=8933,assets/originals/providers/provider-8933.png,provider-logo,150,150,6068,verified,approved-original,home.providers / providers.catalog,Логотип из действующего публичного каталога SkySend. Не увеличивать выше исходного разрешения; сохранить цвета и пропорции. Существование в каталоге не подтверждает доступность платежей.,05f4185e8307ab2d8c6a8fcc298107a91910909453aeef06e7bb08f62e49820e,Цветущий сад СНТ (без запроса суммы),ЖКХ,providers.php
image/png,False,asset-2e831b888111,http://cluster.skysend.ru:6721/image.php?provider=8937,assets/originals/providers/provider-8937.png,provider-logo,150,150,27117,verified,approved-original,home.providers / providers.catalog,Логотип из действующего публичного каталога SkySend. Не увеличивать выше исходного разрешения; сохранить цвета и пропорции. Существование в каталоге не подтверждает доступность платежей.,12e4676c9b13b70f431a86fbcf269681ee504388089ce20829cd659bcc9d8a5b,Госпошлина ГИБДД КЧР,"Штрафы, пошлины",providers.php
image/png,False,asset-19365b60a10d,http://cluster.skysend.ru:6721/image.php?provider=8973,assets/originals/providers/provider-8973.png,provider-logo,200,200,8850,verified,approved-original,home.providers / providers.catalog,Логотип из действующего публичного каталога SkySend. Не увеличивать выше исходного разрешения; сохранить цвета и пропорции. Существование в каталоге не подтверждает доступность платежей.,8f5ae30f487245e65ca638af60e67e347c3e30b83e26b3035c0067677140518d,Оплата государственных пошлин по УИН,"Штрафы, пошлины",providers.php
image/png,False,asset-f05d08d5df28,http://cluster.skysend.ru:6721/image.php?provider=8981,assets/originals/providers/provider-8981.png,provider-logo,150,150,24683,verified,approved-original,home.providers / providers.catalog,Логотип из действующего публичного каталога SkySend. Не увеличивать выше исходного разрешения; сохранить цвета и пропорции. Существование в каталоге не подтверждает доступность платежей.,bb643cda14642dea02d04863c44a6aea07fd23d987d1ff422460e83f363d4eec,Пошлина ГИБДД Жуковский за регистрацию авто без замены ПТС,"Штрафы, пошлины",providers.php
image/png,False,asset-e24c88194beb,http://cluster.skysend.ru:6721/image.php?provider=8987,assets/originals/providers/provider-8987.png,provider-logo,150,150,24549,verified,approved-original,home.providers / providers.catalog,Логотип из действующего публичного каталога SkySend. Не увеличивать выше исходного разрешения; сохранить цвета и пропорции. Существование в каталоге не подтверждает доступность платежей.,37bb297a67f61270fe5a2f6ae0de6c29fc212ddaced93126341bde7a61c4fe27,Пошлина ГИБДД Жуковский за регистрацию авто с заменой ПТС,"Штрафы, пошлины",providers.php
image/png,False,asset-f6647f6a922c,http://cluster.skysend.ru:6721/image.php?provider=8989,assets/originals/providers/provider-8989.png,provider-logo,150,150,24713,verified,approved-original,home.providers / providers.catalog,Логотип из действующего публичного каталога SkySend. Не увеличивать выше исходного разрешения; сохранить цвета и пропорции. Существование в каталоге не подтверждает доступность платежей.,f2dd0f38cadf5cffdd52c09cb3828e798d4ee7875dff08b14fcb0ea37ad54e06,Пошлина ГИБДД Жуковский за смену собственника авто без замены ПТС,"Штрафы, пошлины",providers.php
image/png,False,asset-c8191f0b1fb3,http://cluster.skysend.ru:6721/image.php?provider=8990,assets/originals/providers/provider-8990.png,provider-logo,150,150,24703,verified,approved-original,home.providers / providers.catalog,Логотип из действующего публичного каталога SkySend. Не увеличивать выше исходного разрешения; сохранить цвета и пропорции. Существование в каталоге не подтверждает доступность платежей.,abede5b53961d2fce46f9c0cdddf67537de721bbddb10d8297f4d2ea95713755,Пошлина ГИБДД Жуковский за смену собственника с заменой ПТС,"Штрафы, пошлины",providers.php
image/png,False,asset-1a6cff0259e6,http://cluster.skysend.ru:6721/image.php?provider=8991,assets/originals/providers/provider-8991.png,provider-logo,150,150,24385,verified,approved-original,home.providers / providers.catalog,Логотип из действующего публичного каталога SkySend. Не увеличивать выше исходного разрешения; сохранить цвета и пропорции. Существование в каталоге не подтверждает доступность платежей.,ddab330b3a38af8950b8b5614e6f6d759edabe180be64100e513fac70f648b65,Пошлина ГИБДД Жуковский за снятие авто за пределы РФ (металлический транзит),"Штрафы, пошлины",providers.php
image/png,False,asset-54ee128d4d24,http://cluster.skysend.ru:6721/image.php?provider=8992,assets/originals/providers/provider-8992.png,provider-logo,150,150,24827,verified,approved-original,home.providers / providers.catalog,Логотип из действующего публичного каталога SkySend. Не увеличивать выше исходного разрешения; сохранить цвета и пропорции. Существование в каталоге не подтверждает доступность платежей.,4b2c9a27280ee5dac0fb54229f14e0c7315d34194d867e498ac717350c67307e,Пошлина ГИБДД Жуковский за снятие авто за пределы РФ (бумажный транзит),"Штрафы, пошлины",providers.php
image/png,False,asset-0d9bc1de36b9,http://cluster.skysend.ru:6721/image.php?provider=8993,assets/originals/providers/provider-8993.png,provider-logo,150,150,24175,verified,approved-original,home.providers / providers.catalog,Логотип из действующего публичного каталога SkySend. Не увеличивать выше исходного разрешения; сохранить цвета и пропорции. Существование в каталоге не подтверждает доступность платежей.,11311d9dec71ae9854fdf3a0bfd98ac2cac95216cb2a3fc8bcbf0703a64b0355,Пошлина ГИБДД Жуковский за регистрацию мото без замены ПТС,"Штрафы, пошлины",providers.php
image/png,False,asset-6ce648a0a369,http://cluster.skysend.ru:6721/image.php?provider=8994,assets/originals/providers/provider-8994.png,provider-logo,150,150,24214,verified,approved-original,home.providers / providers.catalog,Логотип из действующего публичного каталога SkySend. Не увеличивать выше исходного разрешения; сохранить цвета и пропорции. Существование в каталоге не подтверждает доступность платежей.,8af459fb13bf5822eca162f797348e9e8f381040bcfac173eea9dbe9562a3910,Пошлина ГИБДД Жуковский за регистрацию мото с заменой ПТС,"Штрафы, пошлины",providers.php
image/png,False,asset-805164b4c139,http://cluster.skysend.ru:6721/image.php?provider=8995,assets/originals/providers/provider-8995.png,provider-logo,150,150,24522,verified,approved-original,home.providers / providers.catalog,Логотип из действующего публичного каталога SkySend. Не увеличивать выше исходного разрешения; сохранить цвета и пропорции. Существование в каталоге не подтверждает доступность платежей.,c5ae0695f2b80f429bd661f52004049b74c323ddbc6a96a0e8a193f297022556,Пошлина ГИБДД Жуковский за смену собственника мото без замены ПТС,"Штрафы, пошлины",providers.php
image/png,False,asset-ced4079b5012,http://cluster.skysend.ru:6721/image.php?provider=8996,assets/originals/providers/provider-8996.png,provider-logo,150,150,24535,verified,approved-original,home.providers / providers.catalog,Логотип из действующего публичного каталога SkySend. Не увеличивать выше исходного разрешения; сохранить цвета и пропорции. Существование в каталоге не подтверждает доступность платежей.,ef6a79ad0483c96f028611ae8c3f2b48f3c43d3436c78df6a62571db9dd3e62e,Пошлина ГИБДД Жуковский за смену собственника мото с заменой ПТС,"Штрафы, пошлины",providers.php
image/png,False,asset-7b4b7025f4e8,http://cluster.skysend.ru:6721/image.php?provider=8997,assets/originals/providers/provider-8997.png,provider-logo,150,150,24209,verified,approved-original,home.providers / providers.catalog,Логотип из действующего публичного каталога SkySend. Не увеличивать выше исходного разрешения; сохранить цвета и пропорции. Существование в каталоге не подтверждает доступность платежей.,16dfeec760c12d87c3d27ceab1113d8ed409f5abd5c02c1b4a810559b88228a1,Пошлина ГИБДД Жуковский за снятие мото за пределы РФ (металлический транзит),"Штрафы, пошлины",providers.php
image/png,False,asset-09825830b02e,http://cluster.skysend.ru:6721/image.php?provider=8998,assets/originals/providers/provider-8998.png,provider-logo,150,150,24196,verified,approved-original,home.providers / providers.catalog,Логотип из действующего публичного каталога SkySend. Не увеличивать выше исходного разрешения; сохранить цвета и пропорции. Существование в каталоге не подтверждает доступность платежей.,c113a7162629fd691d84f2939e2bab66a6950e2b3f63b9ec9ccf62cf3095981b,Пошлина ГИБДД Жуковский за снятие за пределы РФ (бумажный транзит),"Штрафы, пошлины",providers.php
image/png,False,asset-cc1d1e3e02cf,http://cluster.skysend.ru:6721/image.php?provider=8999,assets/originals/providers/provider-8999.png,provider-logo,150,150,23723,verified,approved-original,home.providers / providers.catalog,Логотип из действующего публичного каталога SkySend. Не увеличивать выше исходного разрешения; сохранить цвета и пропорции. Существование в каталоге не подтверждает доступность платежей.,c47c38085430109419cdf04cc1f7ebb33011bf800db6725a414c2ec7ce31983a,Пошлина ГИБДД Жуковский за регистрацию прицепа без замены ПТС,"Штрафы, пошлины",providers.php
image/png,False,asset-3293e990d67b,http://cluster.skysend.ru:6721/image.php?provider=9000,assets/originals/providers/provider-9000.png,provider-logo,150,150,23680,verified,approved-original,home.providers / providers.catalog,Логотип из действующего публичного каталога SkySend. Не увеличивать выше исходного разрешения; сохранить цвета и пропорции. Существование в каталоге не подтверждает доступность платежей.,4e4bb9568ced46bea32c402ccd67479c7431644a4a3a43a254696fb47c87adf2,Пошлина ГИБДД Жуковский за регистрацию прицепа с заменой ПТС,"Штрафы, пошлины",providers.php
image/png,False,asset-17f2e70e8c5a,http://cluster.skysend.ru:6721/image.php?provider=9001,assets/originals/providers/provider-9001.png,provider-logo,150,150,24063,verified,approved-original,home.providers / providers.catalog,Логотип из действующего публичного каталога SkySend. Не увеличивать выше исходного разрешения; сохранить цвета и пропорции. Существование в каталоге не подтверждает доступность платежей.,1016ed19d7471211e345b6a7d3d127dfa6370673ce4432174eaaf3220d694c12,Пошлина ГИБДД Жуковский за смену собственника прицепа без замены ПТС,"Штрафы, пошлины",providers.php
image/png,False,asset-c9d929d464f1,http://cluster.skysend.ru:6721/image.php?provider=9002,assets/originals/providers/provider-9002.png,provider-logo,150,150,24064,verified,approved-original,home.providers / providers.catalog,Логотип из действующего публичного каталога SkySend. Не увеличивать выше исходного разрешения; сохранить цвета и пропорции. Существование в каталоге не подтверждает доступность платежей.,6798098797369f933a5a334ddbfa54b9c11f9c04b388fb734e106bf81b853399,Пошлина ГИБДД Жуковский за смену собственника прицепа с заменой ПТС,"Штрафы, пошлины",providers.php
image/png,False,asset-394c58f40fa5,http://cluster.skysend.ru:6721/image.php?provider=9003,assets/originals/providers/provider-9003.png,provider-logo,150,150,24170,verified,approved-original,home.providers / providers.catalog,Логотип из действующего публичного каталога SkySend. Не увеличивать выше исходного разрешения; сохранить цвета и пропорции. Существование в каталоге не подтверждает доступность платежей.,05878c36ebd5abf6c2423cec968ddad96a962907fc4bc47c44b0e75e95563756,Пошлина ГИБДД Жуковский за снятие прицепа за пределы РФ (металлический транзит),"Штрафы, пошлины",providers.php
image/png,False,asset-40c9f42fb629,http://cluster.skysend.ru:6721/image.php?provider=9004,assets/originals/providers/provider-9004.png,provider-logo,150,150,24143,verified,approved-original,home.providers / providers.catalog,Логотип из действующего публичного каталога SkySend. Не увеличивать выше исходного разрешения; сохранить цвета и пропорции. Существование в каталоге не подтверждает доступность платежей.,0843ddcbe47d8df1eb2516a294e789ec02a1f5c8b2c15727acf1a557bb42c178,Пошлина ГИБДД Жуковский за снятие прицепа за пределы РФ (бумажный транзит),"Штрафы, пошлины",providers.php
image/png,False,asset-a0e09cc67835,http://cluster.skysend.ru:6721/image.php?provider=9005,assets/originals/providers/provider-9005.png,provider-logo,150,150,24841,verified,approved-original,home.providers / providers.catalog,Логотип из действующего публичного каталога SkySend. Не увеличивать выше исходного разрешения; сохранить цвета и пропорции. Существование в каталоге не подтверждает доступность платежей.,6a47e31ed3fdb0d38decca78e3f0115f4f9361db55ee01f98852843538665adc,Пошлина ГИБДД Жуковский за внесение изменений без замены ПТС,"Штрафы, пошлины",providers.php
image/png,False,asset-185c24db9313,http://cluster.skysend.ru:6721/image.php?provider=9006,assets/originals/providers/provider-9006.png,provider-logo,150,150,24869,verified,approved-original,home.providers / providers.catalog,Логотип из действующего публичного каталога SkySend. Не увеличивать выше исходного разрешения; сохранить цвета и пропорции. Существование в каталоге не подтверждает доступность платежей.,11a9493eb394c74e3bfabec08c4961a787e52681d79d585d008fa573f4472202,Пошлина ГИБДД Жуковский за внесение изменений с заменой ПТС,"Штрафы, пошлины",providers.php
image/png,False,asset-b573f2a35e84,http://cluster.skysend.ru:6721/image.php?provider=9007,assets/originals/providers/provider-9007.png,provider-logo,150,150,24181,verified,approved-original,home.providers / providers.catalog,Логотип из действующего публичного каталога SkySend. Не увеличивать выше исходного разрешения; сохранить цвета и пропорции. Существование в каталоге не подтверждает доступность платежей.,a020b02f4d1e4674706712976d9b8ffe1886df778ff4810acaac0d93dbe3e08c,Пошлина ГИБДД Жуковский за выдачу транзитных знаков на бумажной основе,"Штрафы, пошлины",providers.php
image/png,False,asset-6557f9ea5caa,http://cluster.skysend.ru:6721/image.php?provider=9008,assets/originals/providers/provider-9008.png,provider-logo,150,150,11126,verified,approved-original,home.providers / providers.catalog,Логотип из действующего публичного каталога SkySend. Не увеличивать выше исходного разрешения; сохранить цвета и пропорции. Существование в каталоге не подтверждает доступность платежей.,a05eafb57cc4b9b92beb151693f8e5b57c592903887a9376b5649a8fe4eeb4c4,"Такси ""70000"" Курганинск",Другие услуги,providers.php
image/png,False,asset-866825c7bab7,http://cluster.skysend.ru:6721/image.php?provider=9009,assets/originals/providers/provider-9009.png,provider-logo,150,150,23321,verified,approved-original,home.providers / providers.catalog,Логотип из действующего публичного каталога SkySend. Не увеличивать выше исходного разрешения; сохранить цвета и пропорции. Существование в каталоге не подтверждает доступность платежей.,0f76318277f246bca1f69a3b9e149e52ca187842bb2c916b1b4dc14d4c535fbe,Пошлина ГИБДД Жуковский за замену выдачу бланка водительского удостоверения,"Штрафы, пошлины",providers.php
image/png,False,asset-9a65deb13fee,http://cluster.skysend.ru:6721/image.php?provider=9010,assets/originals/providers/provider-9010.png,provider-logo,150,150,23094,verified,approved-original,home.providers / providers.catalog,Логотип из действующего публичного каталога SkySend. Не увеличивать выше исходного разрешения; сохранить цвета и пропорции. Существование в каталоге не подтверждает доступность платежей.,0043d9a2702b11c8965d4d6b5aae5365465e00737fe1f2711f45c6d1549b7913,Пошлина ГИБДД Жуковский Доплата,"Штрафы, пошлины",providers.php
image/png,False,asset-b8bd881ad9ef,http://cluster.skysend.ru:6721/image.php?provider=9028,assets/originals/providers/provider-9028.png,provider-logo,150,150,23961,verified,approved-original,home.providers / providers.catalog,Логотип из действующего публичного каталога SkySend. Не увеличивать выше исходного разрешения; сохранить цвета и пропорции. Существование в каталоге не подтверждает доступность платежей.,3d731ac03360c8a7a2f4a2d5b98cc487f8d46c492b1eb8add3a464f6bc1dc290,Пошлина ГИБДД Жуковский за выдачу гос. номеров,"Штрафы, пошлины",providers.php
image/png,False,asset-afef979daa47,http://cluster.skysend.ru:6721/image.php?provider=9066,assets/originals/providers/provider-9066.png,provider-logo,125,167,8612,verified,approved-original,home.providers / providers.catalog,Логотип из действующего публичного каталога SkySend. Не увеличивать выше исходного разрешения; сохранить цвета и пропорции. Существование в каталоге не подтверждает доступность платежей.,18e0c1616bfb4cbfa4596d1948ac12d1ec19d7b070c699410f74bddff38ea051,Оплата пошлин по QR-коду,"Штрафы, пошлины",providers.php
image/png,False,asset-b072b369a182,http://cluster.skysend.ru:6721/image.php?provider=910,assets/originals/providers/provider-910.png,provider-logo,150,150,23874,verified,approved-original,home.providers / providers.catalog,Логотип из действующего публичного каталога SkySend. Не увеличивать выше исходного разрешения; сохранить цвета и пропорции. Существование в каталоге не подтверждает доступность платежей.,b37ef20c30d6b611c3b1ca8e6ac3c7d754db4be3bb34b02f60e2546b2ae6f591,Xsolla. AtomFishing Возвращение,Игры,providers.php
image/png,False,asset-4a96c9e6b1bd,http://cluster.skysend.ru:6721/image.php?provider=911,assets/originals/providers/provider-911.png,provider-logo,150,150,23874,verified,approved-original,home.providers / providers.catalog,Логотип из действующего публичного каталога SkySend. Не увеличивать выше исходного разрешения; сохранить цвета и пропорции. Существование в каталоге не подтверждает доступность платежей.,246e858f4893b62f835be337727ff230042aa29f76f3909353d20bed30490678,Xsolla. AtomFishing Экстрим,Игры,providers.php
image/png,False,asset-f90297bb28f6,http://cluster.skysend.ru:6721/image.php?provider=9126,assets/originals/providers/provider-9126.png,provider-logo,150,150,6175,verified,approved-original,home.providers / providers.catalog,Логотип из действующего публичного каталога SkySend. Не увеличивать выше исходного разрешения; сохранить цвета и пропорции. Существование в каталоге не подтверждает доступность платежей.,06663cd2caf6965811dd148a66dafb8a8e2751360b26b3c89bd083699f9db912,ITSNET,Интернет,providers.php
image/png,False,asset-db4baebb7684,http://cluster.skysend.ru:6721/image.php?provider=9135,assets/originals/providers/provider-9135.png,provider-logo,150,150,15476,verified,approved-original,home.providers / providers.catalog,Логотип из действующего публичного каталога SkySend. Не увеличивать выше исходного разрешения; сохранить цвета и пропорции. Существование в каталоге не подтверждает доступность платежей.,bcd0db261066ff2331b311692895c37c724facc07f4c3d09938689607c127257,Горячий Шоколад,Другие услуги,providers.php
image/png,False,asset-167d9de82dcd,http://cluster.skysend.ru:6721/image.php?provider=9136,assets/originals/providers/provider-9136.png,provider-logo,150,150,14411,verified,approved-original,home.providers / providers.catalog,Логотип из действующего публичного каталога SkySend. Не увеличивать выше исходного разрешения; сохранить цвета и пропорции. Существование в каталоге не подтверждает доступность платежей.,99276571b1398e40698f09c5c8b429b1e43cf00234e771e9e8d3f77d567d64fb,Эспрессо,Другие услуги,providers.php
image/png,False,asset-3cc522652d5b,http://cluster.skysend.ru:6721/image.php?provider=9138,assets/originals/providers/provider-9138.png,provider-logo,150,150,13784,verified,approved-original,home.providers / providers.catalog,Логотип из действующего публичного каталога SkySend. Не увеличивать выше исходного разрешения; сохранить цвета и пропорции. Существование в каталоге не подтверждает доступность платежей.,93f28140e9e303fd1731e0cc97782ccfcd07010d0ec85d2de2f4cf57fd5ff7b2,Чай,Другие услуги,providers.php
image/png,False,asset-8864e2e3a1f8,http://cluster.skysend.ru:6721/image.php?provider=9139,assets/originals/providers/provider-9139.png,provider-logo,150,150,14720,verified,approved-original,home.providers / providers.catalog,Логотип из действующего публичного каталога SkySend. Не увеличивать выше исходного разрешения; сохранить цвета и пропорции. Существование в каталоге не подтверждает доступность платежей.,47182f343596bff98a6bdb1e28b8365c45598c62061528a365836f44f92331fe,Моккачино,Другие услуги,providers.php
image/png,False,asset-5c3a3f172d1d,http://cluster.skysend.ru:6721/image.php?provider=914,assets/originals/providers/provider-914.png,provider-logo,128,128,4766,verified,approved-original,home.providers / providers.catalog,Логотип из действующего публичного каталога SkySend. Не увеличивать выше исходного разрешения; сохранить цвета и пропорции. Существование в каталоге не подтверждает доступность платежей.,cb954a52e6815c21a857c0dd1b23eefc95d12290b3014c1c0db63851857de798,Эрлайн,Интернет,providers.php
image/png,False,asset-5011e93196b2,http://cluster.skysend.ru:6721/image.php?provider=9140,assets/originals/providers/provider-9140.png,provider-logo,150,150,13809,verified,approved-original,home.providers / providers.catalog,Логотип из действующего публичного каталога SkySend. Не увеличивать выше исходного разрешения; сохранить цвета и пропорции. Существование в каталоге не подтверждает доступность платежей.,6c166d5ab33533091de9f6b9830fcccf436e106fc485cd3223001dcc736fc5b6,Латте,Другие услуги,providers.php
image/png,False,asset-61f7d48f2cbd,http://cluster.skysend.ru:6721/image.php?provider=9141,assets/originals/providers/provider-9141.png,provider-logo,150,150,14691,verified,approved-original,home.providers / providers.catalog,Логотип из действующего публичного каталога SkySend. Не увеличивать выше исходного разрешения; сохранить цвета и пропорции. Существование в каталоге не подтверждает доступность платежей.,2f4427668ec090134235d4fdf2181858c2deb86fc7d652a506d42d501535c15e,Капучино,Другие услуги,providers.php
image/png,False,asset-0a9075d7bfd6,http://cluster.skysend.ru:6721/image.php?provider=9142,assets/originals/providers/provider-9142.png,provider-logo,150,150,14757,verified,approved-original,home.providers / providers.catalog,Логотип из действующего публичного каталога SkySend. Не увеличивать выше исходного разрешения; сохранить цвета и пропорции. Существование в каталоге не подтверждает доступность платежей.,41ca49ba0ec883cc1f90ae1dcbcd18439bf9e220c8fc2e856ddf04463245be3b,Американо,Другие услуги,providers.php
image/png,False,asset-90e0b4f96143,http://cluster.skysend.ru:6721/image.php?provider=9151,assets/originals/providers/provider-9151.png,provider-logo,150,150,17270,verified,approved-original,home.providers / providers.catalog,Логотип из действующего публичного каталога SkySend. Не увеличивать выше исходного разрешения; сохранить цвета и пропорции. Существование в каталоге не подтверждает доступность платежей.,646ea1844214a4e65b7c234abd153985196c2a1a6e2e4fcc2b49633a50081950,ВСК Страхование. Ростовский филиал,Страхование,providers.php
image/png,False,asset-b83a36d8e6e5,http://cluster.skysend.ru:6721/image.php?provider=9160,assets/originals/providers/provider-9160.png,provider-logo,150,150,22916,verified,approved-original,home.providers / providers.catalog,Логотип из действующего публичного каталога SkySend. Не увеличивать выше исходного разрешения; сохранить цвета и пропорции. Существование в каталоге не подтверждает доступность платежей.,b576125ca93b6d09ff84a99cbfafa01ca510a145119eaf39d5f2c5cfb01d63a3,Пошлина Гостехнадзор (ТПЛ) оплата по УИН,"Штрафы, пошлины",providers.php
image/png,False,asset-9869651f3a88,http://cluster.skysend.ru:6721/image.php?provider=9177,assets/originals/providers/provider-9177.png,provider-logo,150,150,25170,verified,approved-original,home.providers / providers.catalog,Логотип из действующего публичного каталога SkySend. Не увеличивать выше исходного разрешения; сохранить цвета и пропорции. Существование в каталоге не подтверждает доступность платежей.,8bcc2461a9b0020b11458fb4a2493db79590c5233d7f49b52546df3edf997a08,Пошлина Гостехнадзор (ТПЛ),"Штрафы, пошлины",providers.php
image/png,False,asset-4e697b78b9b6,http://cluster.skysend.ru:6721/image.php?provider=9253,assets/originals/providers/provider-9253.png,provider-logo,150,150,17572,verified,approved-original,home.providers / providers.catalog,Логотип из действующего публичного каталога SkySend. Не увеличивать выше исходного разрешения; сохранить цвета и пропорции. Существование в каталоге не подтверждает доступность платежей.,09b55e3c386edde29f9a6269d5bfd115c5b5665326d2bc109969c1869db58c64,sipnet,Интернет,providers.php
image/png,False,asset-fc647f0c411d,http://cluster.skysend.ru:6721/image.php?provider=9285,assets/originals/providers/provider-9285.png,provider-logo,150,150,18120,verified,approved-original,home.providers / providers.catalog,Логотип из действующего публичного каталога SkySend. Не увеличивать выше исходного разрешения; сохранить цвета и пропорции. Существование в каталоге не подтверждает доступность платежей.,49c0d1727c83fbf7fcb48861fa1d6231e095bb2736c25266f689e9213375e082,7.4 Подготовка документов для оформления патента на трудовую деятельность (г. Ростов-на-Дону),"Штрафы, пошлины",providers.php
image/png,False,asset-d30b9fef081a,http://cluster.skysend.ru:6721/image.php?provider=9286,assets/originals/providers/provider-9286.png,provider-logo,150,150,25284,verified,approved-original,home.providers / providers.catalog,Логотип из действующего публичного каталога SkySend. Не увеличивать выше исходного разрешения; сохранить цвета и пропорции. Существование в каталоге не подтверждает доступность платежей.,1cd075ff25c1c115564df18817636f723d751079229cdc8ab48a04edf37fccfa,Пошлина за прием в гражданство РФ (г. Ростов-на-Дону),"Штрафы, пошлины",providers.php
image/png,False,asset-e44417b1793c,http://cluster.skysend.ru:6721/image.php?provider=9288,assets/originals/providers/provider-9288.png,provider-logo,150,150,23334,verified,approved-original,home.providers / providers.catalog,Логотип из действующего публичного каталога SkySend. Не увеличивать выше исходного разрешения; сохранить цвета и пропорции. Существование в каталоге не подтверждает доступность платежей.,abf8dac04312ad5f4372eda0f295e538e74d08be5f4bdc371195832308bbefbc,Госпошлины ГИБДД. ГУ МВД России по Нижегородской обл.,"Штрафы, пошлины",providers.php
image/png,False,asset-89bb7045098d,http://cluster.skysend.ru:6721/image.php?provider=9290,assets/originals/providers/provider-9290.png,provider-logo,150,150,25723,verified,approved-original,home.providers / providers.catalog,Логотип из действующего публичного каталога SkySend. Не увеличивать выше исходного разрешения; сохранить цвета и пропорции. Существование в каталоге не подтверждает доступность платежей.,24404fe79352305caf082ce840ebafa18c825640dea820619f94a17355652128,Пошлина за регистрацию ИГ или ЛБГ по месту жительства в РФ (г. Ростов-на-Дону),"Штрафы, пошлины",providers.php
image/png,False,asset-39c93cdf0e59,http://cluster.skysend.ru:6721/image.php?provider=9291,assets/originals/providers/provider-9291.png,provider-logo,152,152,12040,verified,approved-original,home.providers / providers.catalog,Логотип из действующего публичного каталога SkySend. Не увеличивать выше исходного разрешения; сохранить цвета и пропорции. Существование в каталоге не подтверждает доступность платежей.,0226775505a8705db31d6b82a9f288ed324ad61ee5801a72e77f367e349cf1ed,Оплата госпошлин по QR-коду. МФЦ Краснодар,"Штрафы, пошлины",providers.php
image/png,False,asset-c4e5ffcba2ee,http://cluster.skysend.ru:6721/image.php?provider=9295,assets/originals/providers/provider-9295.png,provider-logo,150,150,19127,verified,approved-original,home.providers / providers.catalog,Логотип из действующего публичного каталога SkySend. Не увеличивать выше исходного разрешения; сохранить цвета и пропорции. Существование в каталоге не подтверждает доступность платежей.,5ae2f8cf85f3dc269a9e9a22f77a0b854922996c96ab471a75648e032a38e9fa,Пошлина ГИБДД Гусь-Хрустальный выдача национального ВУ,"Штрафы, пошлины",providers.php
image/png,False,asset-9e0042d369b2,http://cluster.skysend.ru:6721/image.php?provider=9315,assets/originals/providers/provider-9315.png,provider-logo,150,150,18822,verified,approved-original,home.providers / providers.catalog,Логотип из действующего публичного каталога SkySend. Не увеличивать выше исходного разрешения; сохранить цвета и пропорции. Существование в каталоге не подтверждает доступность платежей.,3cb7fbd3a77a3a20c7bb4c7f32cb83a300ade555a9087ba120fff6547cc26275,"МТС. Домашний интернет, телефония 12-значный",Интернет,providers.php
image/png,False,asset-e10612b67f67,http://cluster.skysend.ru:6721/image.php?provider=9316,assets/originals/providers/provider-9316.png,provider-logo,150,150,25032,verified,approved-original,home.providers / providers.catalog,Логотип из действующего публичного каталога SkySend. Не увеличивать выше исходного разрешения; сохранить цвета и пропорции. Существование в каталоге не подтверждает доступность платежей.,a2907dac155b8579dbcd884251a0f8f363af7e5e25ac1cb3ff5ace2d7cadd16f,Пошлина за загранпаспорт нового поколения г. Ростов-на-Дону,"Штрафы, пошлины",providers.php
image/png,False,asset-a693cc9fb4f0,http://cluster.skysend.ru:6721/image.php?provider=9317,assets/originals/providers/provider-9317.png,provider-logo,150,150,25374,verified,approved-original,home.providers / providers.catalog,Логотип из действующего публичного каталога SkySend. Не увеличивать выше исходного разрешения; сохранить цвета и пропорции. Существование в каталоге не подтверждает доступность платежей.,453a8dc92083d808f26fcf9750488eb951cb8819c135f7bd78612ac4cd0e360b,Пошлина за выдачу ИГ или ЛБГ разрешения на временное проживание в РФ,"Штрафы, пошлины",providers.php
image/png,False,asset-7893b55d5677,http://cluster.skysend.ru:6721/image.php?provider=9318,assets/originals/providers/provider-9318.png,provider-logo,150,150,23921,verified,approved-original,home.providers / providers.catalog,Логотип из действующего публичного каталога SkySend. Не увеличивать выше исходного разрешения; сохранить цвета и пропорции. Существование в каталоге не подтверждает доступность платежей.,001130ad213f081fe05fd4436dffe471db763b6c9f841b10d23de696c719ebeb,Пошлина за выдачу или продление сроков действия вида на жительство ИГ или ЛБГ,"Штрафы, пошлины",providers.php
image/png,False,asset-a1ef534bbedb,http://cluster.skysend.ru:6721/image.php?provider=9319,assets/originals/providers/provider-9319.png,provider-logo,150,150,23805,verified,approved-original,home.providers / providers.catalog,Логотип из действующего публичного каталога SkySend. Не увеличивать выше исходного разрешения; сохранить цвета и пропорции. Существование в каталоге не подтверждает доступность платежей.,51dec45a06ba61389362f6f46a3ad6c4ce841f09e5cd0a8508c4706e3c88a83a,Пошлина за выдачу паспорта гражданина РФ взамен утраченного или пришедшего в негодность,"Штрафы, пошлины",providers.php
image/png,False,asset-4eaeabc8ebd1,http://cluster.skysend.ru:6721/image.php?provider=9320,assets/originals/providers/provider-9320.png,provider-logo,150,150,25103,verified,approved-original,home.providers / providers.catalog,Логотип из действующего публичного каталога SkySend. Не увеличивать выше исходного разрешения; сохранить цвета и пропорции. Существование в каталоге не подтверждает доступность платежей.,de15c34eabc325766bb6f5c11d88b734e1c56a2fda8c1c508b5be740002e6b95,Пошлина за получение либо обмен паспорта гражданина РФ,"Штрафы, пошлины",providers.php
image/png,False,asset-97d482d5f120,http://cluster.skysend.ru:6721/image.php?provider=9322,assets/originals/providers/provider-9322.png,provider-logo,225,225,33203,verified,approved-original,home.providers / providers.catalog,Логотип из действующего публичного каталога SkySend. Не увеличивать выше исходного разрешения; сохранить цвета и пропорции. Существование в каталоге не подтверждает доступность платежей.,a4a806da404754c25edbc5d24342517c0a096628d565187b2cb6c11d4eef46ce,Госпошлина за загран.паспорт нового образца - взрослый (г. Краснодар),"Штрафы, пошлины",providers.php
image/png,False,asset-b409ff4ca277,http://cluster.skysend.ru:6721/image.php?provider=9326,assets/originals/providers/provider-9326.png,provider-logo,150,150,10972,verified,approved-original,home.providers / providers.catalog,Логотип из действующего публичного каталога SkySend. Не увеличивать выше исходного разрешения; сохранить цвета и пропорции. Существование в каталоге не подтверждает доступность платежей.,8a774d4b6d0693592d290d17543733aa577ebcbb3053dbbfa470aa5a68f27527,Пошлина ГИБДД Гусь-Хрустальный,"Штрафы, пошлины",providers.php
image/png,False,asset-70b985d74573,http://cluster.skysend.ru:6721/image.php?provider=9362,assets/originals/providers/provider-9362.png,provider-logo,150,150,6482,verified,approved-original,home.providers / providers.catalog,Логотип из действующего публичного каталога SkySend. Не увеличивать выше исходного разрешения; сохранить цвета и пропорции. Существование в каталоге не подтверждает доступность платежей.,1b2a3702327ccd0af57e0a833b48fca7f445c2ce30774a959eb941ca63bec248,Расчеты пайщика с СКПК Черкасофф сбережения,ЖКХ,providers.php
image/png,False,asset-e5686a57a295,http://cluster.skysend.ru:6721/image.php?provider=9363,assets/originals/providers/provider-9363.png,provider-logo,150,150,25498,verified,approved-original,home.providers / providers.catalog,Логотип из действующего публичного каталога SkySend. Не увеличивать выше исходного разрешения; сохранить цвета и пропорции. Существование в каталоге не подтверждает доступность платежей.,918eab2626234df46d85e203517b51bc9e797f51ba679e183feb694f0429cb9a,Пошлина за вид на жительство (г. Ростов-на-Дону),"Штрафы, пошлины",providers.php
image/png,False,asset-f41912972ecf,http://cluster.skysend.ru:6721/image.php?provider=9384,assets/originals/providers/provider-9384.png,provider-logo,150,150,26315,verified,approved-original,home.providers / providers.catalog,Логотип из действующего публичного каталога SkySend. Не увеличивать выше исходного разрешения; сохранить цвета и пропорции. Существование в каталоге не подтверждает доступность платежей.,863df8c2cfe3892fdf88af60c7fd1f9b426322771a3ba5a928c20d9b4c5b8362,Госпошлина ГИБДД. Курганинский район. КБ Промсвязьбанк,"Штрафы, пошлины",providers.php
image/png,False,asset-08b38a813fa4,http://cluster.skysend.ru:6721/image.php?provider=9416,assets/originals/providers/provider-9416.png,provider-logo,150,150,16978,verified,approved-original,home.providers / providers.catalog,Логотип из действующего публичного каталога SkySend. Не увеличивать выше исходного разрешения; сохранить цвета и пропорции. Существование в каталоге не подтверждает доступность платежей.,408cfb44c03e026bf87e9ef98001331ce840f12d788ff75f5548ff63eda4f664,Волгоградэнергосбыт ПАО,ЖКХ,providers.php
image/png,False,asset-33db71cbc7e7,http://cluster.skysend.ru:6721/image.php?provider=9420,assets/originals/providers/provider-9420.png,provider-logo,150,150,24212,verified,approved-original,home.providers / providers.catalog,Логотип из действующего публичного каталога SkySend. Не увеличивать выше исходного разрешения; сохранить цвета и пропорции. Существование в каталоге не подтверждает доступность платежей.,43d6fb9c61dfe6edd1128025379f2e8cc6f9a475f3cfaf5fe46898f790730f24,Госпошлина ГИБДД Изобильный,"Штрафы, пошлины",providers.php
image/png,False,asset-92360e08eef0,http://cluster.skysend.ru:6721/image.php?provider=9426,assets/originals/providers/provider-9426.png,provider-logo,150,150,11060,verified,approved-original,home.providers / providers.catalog,Логотип из действующего публичного каталога SkySend. Не увеличивать выше исходного разрешения; сохранить цвета и пропорции. Существование в каталоге не подтверждает доступность платежей.,e27ef2eba099aac3ea01a3e1944c484db4c2ff5cbce3e84f0d7f59734f8fac3c,Твинго Телеком RT,Интернет,providers.php
image/png,False,asset-2e809606b9a5,http://cluster.skysend.ru:6721/image.php?provider=944,assets/originals/providers/provider-944.png,provider-logo,150,53,5703,verified,approved-original,home.providers / providers.catalog,Логотип из действующего публичного каталога SkySend. Не увеличивать выше исходного разрешения; сохранить цвета и пропорции. Существование в каталоге не подтверждает доступность платежей.,21ccd4f1bcb540837f97ff717ef58d414661d3619c05390085886f5a6b55fabe,Ренессанс Кредит Банк,Банки и кредиты,providers.php
image/png,False,asset-3d79f6517c67,http://cluster.skysend.ru:6721/image.php?provider=946,assets/originals/providers/provider-946.png,provider-logo,150,150,5376,verified,approved-original,home.providers / providers.catalog,Логотип из действующего публичного каталога SkySend. Не увеличивать выше исходного разрешения; сохранить цвета и пропорции. Существование в каталоге не подтверждает доступность платежей.,aee8fd8f52c402b4ddae1cb47f5542cae3cfbbc913dda2007e26389327866011,Банк Интеза,Банки и кредиты,providers.php
image/png,False,asset-a06f0aef8757,http://cluster.skysend.ru:6721/image.php?provider=948,assets/originals/providers/provider-948.png,provider-logo,150,150,18559,verified,approved-original,home.providers / providers.catalog,Логотип из действующего публичного каталога SkySend. Не увеличивать выше исходного разрешения; сохранить цвета и пропорции. Существование в каталоге не подтверждает доступность платежей.,bfa113ef309f8950ebcbf136f7d7ee0ce68e2673bbe16c64ed1ffc7a7853f116,Банк Ресо Кредит,Банки и кредиты,providers.php
image/png,False,asset-60d10c494126,http://cluster.skysend.ru:6721/image.php?provider=9510,assets/originals/providers/provider-9510.png,provider-logo,150,150,19974,verified,approved-original,home.providers / providers.catalog,Логотип из действующего публичного каталога SkySend. Не увеличивать выше исходного разрешения; сохранить цвета и пропорции. Существование в каталоге не подтверждает доступность платежей.,a9de39ce3c1b949e73f88b9743ed934d208e278f7bc7746a1ad7b8dc5109fad0,Транспортный налог. ИФНС по Пригородному району по РСО-Алания,"Штрафы, пошлины",providers.php
image/png,False,asset-b2079873aef5,http://cluster.skysend.ru:6721/image.php?provider=953,assets/originals/providers/provider-953.png,provider-logo,150,150,6469,verified,approved-original,home.providers / providers.catalog,Логотип из действующего публичного каталога SkySend. Не увеличивать выше исходного разрешения; сохранить цвета и пропорции. Существование в каталоге не подтверждает доступность платежей.,35ee0b5d6fb274e46bcfab7563548e1782cb310d4b172d7016f3b7e06e0c30c6,КБ Локо-Банк,Банки и кредиты,providers.php
image/png,False,asset-f0bc5afdc962,http://cluster.skysend.ru:6721/image.php?provider=9542,assets/originals/providers/provider-9542.png,provider-logo,150,150,19908,verified,approved-original,home.providers / providers.catalog,Логотип из действующего публичного каталога SkySend. Не увеличивать выше исходного разрешения; сохранить цвета и пропорции. Существование в каталоге не подтверждает доступность платежей.,e6a82297f7fe5b0149a85715205c7f20e027b83a8c0e50909d9ab4dae45348b6,Земельный налог. ИФНС по Пригородному району по РСО-Алания,"Штрафы, пошлины",providers.php
image/png,False,asset-7a94a7429381,http://cluster.skysend.ru:6721/image.php?provider=9543,assets/originals/providers/provider-9543.png,provider-logo,150,150,20038,verified,approved-original,home.providers / providers.catalog,Логотип из действующего публичного каталога SkySend. Не увеличивать выше исходного разрешения; сохранить цвета и пропорции. Существование в каталоге не подтверждает доступность платежей.,e0a290f9948a4d3c7407c6f8fd1631e076967fbf82a90cea51ebbb17ffbcf4c5,Имущественный налог. ИФНС по Пригородному району по РСО-Алания,"Штрафы, пошлины",providers.php
image/png,False,asset-4754d28b1d7a,http://cluster.skysend.ru:6721/image.php?provider=9544,assets/originals/providers/provider-9544.png,provider-logo,150,150,27988,verified,approved-original,home.providers / providers.catalog,Логотип из действующего публичного каталога SkySend. Не увеличивать выше исходного разрешения; сохранить цвета и пропорции. Существование в каталоге не подтверждает доступность платежей.,442a7c796ade241110a3863667f556766ad5f1aafe0a49c691fe066359353bb0,Штрафы УФМС (КБР),"Штрафы, пошлины",providers.php
image/png,False,asset-41e209ab59c3,http://cluster.skysend.ru:6721/image.php?provider=956,assets/originals/providers/provider-956.png,provider-logo,150,150,13235,verified,approved-original,home.providers / providers.catalog,Логотип из действующего публичного каталога SkySend. Не увеличивать выше исходного разрешения; сохранить цвета и пропорции. Существование в каталоге не подтверждает доступность платежей.,06253c120e2a25768875d0cbef8a57aba290a1a5b10eea99e877dfbe0a0f68b3,Вайнах Телеком. Интернет,Интернет,providers.php
image/png,False,asset-7a9ecb881a2a,http://cluster.skysend.ru:6721/image.php?provider=9574,assets/originals/providers/provider-9574.png,provider-logo,150,150,18139,verified,approved-original,home.providers / providers.catalog,Логотип из действующего публичного каталога SkySend. Не увеличивать выше исходного разрешения; сохранить цвета и пропорции. Существование в каталоге не подтверждает доступность платежей.,be1f166873cf900ae1cfe1e297a87dd30d3a06743bd4b5bda89a5dd8a4f2e8db,13.4. Подготовка документов для подачи заявления о приеме в гражданство РФ (г. Ростов-на-Дону),"Штрафы, пошлины",providers.php
image/png,False,asset-e1c74f92bb6c,http://cluster.skysend.ru:6721/image.php?provider=9575,assets/originals/providers/provider-9575.png,provider-logo,150,150,16101,verified,approved-original,home.providers / providers.catalog,Логотип из действующего публичного каталога SkySend. Не увеличивать выше исходного разрешения; сохранить цвета и пропорции. Существование в каталоге не подтверждает доступность платежей.,e9446e49ca02cab58914c407a1075bc9300bb0c10847a915e598c4d36e93f68f,13.6. Комплексное обслуживание по вопросу приобретения гражданства РФ (г. Ростов-на-Дону),"Штрафы, пошлины",providers.php
image/png,False,asset-a7197661f508,http://cluster.skysend.ru:6721/image.php?provider=9576,assets/originals/providers/provider-9576.png,provider-logo,150,150,16278,verified,approved-original,home.providers / providers.catalog,Логотип из действующего публичного каталога SkySend. Не увеличивать выше исходного разрешения; сохранить цвета и пропорции. Существование в каталоге не подтверждает доступность платежей.,34e9820d059338e9b3b454952eec15b00138e1ba2319704b20619617e1a663c6,13.7. Комплексное обслуживание по вопросу приобретения гражданства РФ НЕСОВЕРШЕННОЛЕТНЕМУ (г. Ростов-на-Дону),"Штрафы, пошлины",providers.php
image/png,False,asset-0f59cef81a45,http://cluster.skysend.ru:6721/image.php?provider=9577,assets/originals/providers/provider-9577.png,provider-logo,150,150,16101,verified,approved-original,home.providers / providers.catalog,Логотип из действующего публичного каталога SkySend. Не увеличивать выше исходного разрешения; сохранить цвета и пропорции. Существование в каталоге не подтверждает доступность платежей.,48c88840bb715a4619b196c059d8b3e7f362deb5954b145ea720cbb24a618d54,14.2. Подготовка заявления о признании иностранного гражданина НРЯ (г. Ростов-на-Дону),"Штрафы, пошлины",providers.php
image/png,False,asset-509a4efdd67c,http://cluster.skysend.ru:6721/image.php?provider=9578,assets/originals/providers/provider-9578.png,provider-logo,150,150,16001,verified,approved-original,home.providers / providers.catalog,Логотип из действующего публичного каталога SkySend. Не увеличивать выше исходного разрешения; сохранить цвета и пропорции. Существование в каталоге не подтверждает доступность платежей.,3273e47267e489e643c6a59698ce549cf708899ebcafa91865b97256bc8af8f4,4.2. Подготовка документов для постановки на миграционный учет (г. Ростов-на-Дону),"Штрафы, пошлины",providers.php
image/png,False,asset-b2f3ae9d047f,http://cluster.skysend.ru:6721/image.php?provider=9579,assets/originals/providers/provider-9579.png,provider-logo,150,150,15738,verified,approved-original,home.providers / providers.catalog,Логотип из действующего публичного каталога SkySend. Не увеличивать выше исходного разрешения; сохранить цвета и пропорции. Существование в каталоге не подтверждает доступность платежей.,f8b241b6646a2cdbb94e643bbcdf53973b482a8250f83c76faa4f4a211865165,10.1. Консультативная услуга по порядку выдачи РВП в РФ (г. Ростов-на-Дону),"Штрафы, пошлины",providers.php
image/png,False,asset-29442e12f3fd,http://cluster.skysend.ru:6721/image.php?provider=9580,assets/originals/providers/provider-9580.png,provider-logo,150,150,15554,verified,approved-original,home.providers / providers.catalog,Логотип из действующего публичного каталога SkySend. Не увеличивать выше исходного разрешения; сохранить цвета и пропорции. Существование в каталоге не подтверждает доступность платежей.,a561fb84a41a1213d4488472d7443befb08bceef1e55cdbfb1d092532e60bf09,10.2. Подготовка документов для выдачи РВР в РФ (г. Ростов-на-Дону),"Штрафы, пошлины",providers.php
image/png,False,asset-6fd1b38b1835,http://cluster.skysend.ru:6721/image.php?provider=9581,assets/originals/providers/provider-9581.png,provider-logo,150,150,16008,verified,approved-original,home.providers / providers.catalog,Логотип из действующего публичного каталога SkySend. Не увеличивать выше исходного разрешения; сохранить цвета и пропорции. Существование в каталоге не подтверждает доступность платежей.,3762fe1f7dadced5827635ea1c697f439bd31fb5cac5f647b4335aef3ab44506,10.3. Подготовка документов для выдачи РВП в РФ НЕСОВЕРШЕННОЛЕТНЕМУ  (г. Ростов-на-Дону),"Штрафы, пошлины",providers.php
image/png,False,asset-94ce5906688e,http://cluster.skysend.ru:6721/image.php?provider=9582,assets/originals/providers/provider-9582.png,provider-logo,150,150,15841,verified,approved-original,home.providers / providers.catalog,Логотип из действующего публичного каталога SkySend. Не увеличивать выше исходного разрешения; сохранить цвета и пропорции. Существование в каталоге не подтверждает доступность платежей.,57c230ab5a94268f79e29e631e1f1bcf1fb491cda3053044e638b4aace4eae10,10.4. Комплексное обслуживание по вопросу выдачи РВП в РФ (г. Ростов-на-Дону),"Штрафы, пошлины",providers.php
image/png,False,asset-ffd9a95c377c,http://cluster.skysend.ru:6721/image.php?provider=9583,assets/originals/providers/provider-9583.png,provider-logo,150,150,16438,verified,approved-original,home.providers / providers.catalog,Логотип из действующего публичного каталога SkySend. Не увеличивать выше исходного разрешения; сохранить цвета и пропорции. Существование в каталоге не подтверждает доступность платежей.,45cec5f0be6997f393f37da8ca86d8fef9cc43d4973e02390233d7fd63ca0acb,10.5. Комплексное обслуживание по вопросу выдачи РВП в РФ НЕСОВЕРШЕННОЛЕТНЕМУ (г. Ростов-на-Дону),"Штрафы, пошлины",providers.php
image/png,False,asset-753821758087,http://cluster.skysend.ru:6721/image.php?provider=9584,assets/originals/providers/provider-9584.png,provider-logo,150,150,15812,verified,approved-original,home.providers / providers.catalog,Логотип из действующего публичного каталога SkySend. Не увеличивать выше исходного разрешения; сохранить цвета и пропорции. Существование в каталоге не подтверждает доступность платежей.,fb7563bce516623dc30a2bc7904ed7e92c42946de8f37dd275a8cb46f82a8e78,10.6. Заполнение анкеты на выделение квоты на выдачу РВП в РФ (г. Ростов-на-Дону),"Штрафы, пошлины",providers.php
image/png,False,asset-860cc583554e,http://cluster.skysend.ru:6721/image.php?provider=9585,assets/originals/providers/provider-9585.png,provider-logo,150,150,19407,verified,approved-original,home.providers / providers.catalog,Логотип из действующего публичного каталога SkySend. Не увеличивать выше исходного разрешения; сохранить цвета и пропорции. Существование в каталоге не подтверждает доступность платежей.,260ca4eec9277b9c532fd7556f7f6bae74649dab2ec2d5d0d59201cec6596d79,11.1. Консультационная услуга по порядку выдачи/замены ВНЖ в РФ (г. Ростов-на-Дону),"Штрафы, пошлины",providers.php
image/png,False,asset-41db20929ef4,http://cluster.skysend.ru:6721/image.php?provider=9586,assets/originals/providers/provider-9586.png,provider-logo,150,150,15566,verified,approved-original,home.providers / providers.catalog,Логотип из действующего публичного каталога SkySend. Не увеличивать выше исходного разрешения; сохранить цвета и пропорции. Существование в каталоге не подтверждает доступность платежей.,ecb3d2d947cac6f5aad5ef18819f1a5f6199487e9dc46c767549fe7a5aac094a,11.2. Подготовка документов для выдачи ВНЖ в РФ (г. Ростов-на-Дону),"Штрафы, пошлины",providers.php
image/png,False,asset-5712b5c8649e,http://cluster.skysend.ru:6721/image.php?provider=9587,assets/originals/providers/provider-9587.png,provider-logo,150,150,16234,verified,approved-original,home.providers / providers.catalog,Логотип из действующего публичного каталога SkySend. Не увеличивать выше исходного разрешения; сохранить цвета и пропорции. Существование в каталоге не подтверждает доступность платежей.,a6bae9d83bac6e29c31a20a02dab5c8dcc8b0b99e22cbc8526cf44316734380b,11.3. Подготовка документов для выдачи ВНЖ в РФ НЕСОВЕРШЕННОЛЕТНЕМУ (г. Ростов-на-Дону),"Штрафы, пошлины",providers.php
image/png,False,asset-c88081006772,http://cluster.skysend.ru:6721/image.php?provider=9588,assets/originals/providers/provider-9588.png,provider-logo,150,150,15902,verified,approved-original,home.providers / providers.catalog,Логотип из действующего публичного каталога SkySend. Не увеличивать выше исходного разрешения; сохранить цвета и пропорции. Существование в каталоге не подтверждает доступность платежей.,c03c38b691185edab4ec66178d032552168c5a250d0fbdddca2208e298503760,11.4. Комплексное обслуживание по вопросу выдачи ВНЖ в РФ (г. Ростов-на-Дону),"Штрафы, пошлины",providers.php
image/png,False,asset-111b439382a3,http://cluster.skysend.ru:6721/image.php?provider=9589,assets/originals/providers/provider-9589.png,provider-logo,150,150,16456,verified,approved-original,home.providers / providers.catalog,Логотип из действующего публичного каталога SkySend. Не увеличивать выше исходного разрешения; сохранить цвета и пропорции. Существование в каталоге не подтверждает доступность платежей.,5a6605a2317ec2006bc45d51bd4b3e23676a087b25c0cd78bd2df659f0a6923b,11.5. Комплексное обслуживание по вопросу выдачи ВНЖ в РФ НЕСОВЕРШЕННОЛЕТНЕМУ (г. Ростов-на-Дону),"Штрафы, пошлины",providers.php
image/png,False,asset-16e84a2e325c,http://cluster.skysend.ru:6721/image.php?provider=9590,assets/originals/providers/provider-9590.png,provider-logo,150,150,15557,verified,approved-original,home.providers / providers.catalog,Логотип из действующего публичного каталога SkySend. Не увеличивать выше исходного разрешения; сохранить цвета и пропорции. Существование в каталоге не подтверждает доступность платежей.,9b7f2311009566328032ecefff43e0c476fa15e083099c0d2bd52d89b15ac07f,11.6. Подготовка документов для замены ВНЖ в РФ (г. Ростов-на-Дону),"Штрафы, пошлины",providers.php
image/png,False,asset-6b3f178d43dd,http://cluster.skysend.ru:6721/image.php?provider=9591,assets/originals/providers/provider-9591.png,provider-logo,150,150,15792,verified,approved-original,home.providers / providers.catalog,Логотип из действующего публичного каталога SkySend. Не увеличивать выше исходного разрешения; сохранить цвета и пропорции. Существование в каталоге не подтверждает доступность платежей.,78c9f9ad84b6511dcd983c8222d5fef166134d162944b7497d29e3f8a8ed8e5a,11.7. Комплексное обслуживание по вопросу замены ВНЖ в РФ (г. Ростов-на-Дону),"Штрафы, пошлины",providers.php
image/png,False,asset-734f1eba02ea,http://cluster.skysend.ru:6721/image.php?provider=9592,assets/originals/providers/provider-9592.png,provider-logo,150,150,16062,verified,approved-original,home.providers / providers.catalog,Логотип из действующего публичного каталога SkySend. Не увеличивать выше исходного разрешения; сохранить цвета и пропорции. Существование в каталоге не подтверждает доступность платежей.,cd8136ffe61e4d684069fab4e9ac26d46c6c168a54c5e6a679145e9f8126cbe0,13.3. Заполнение заявления о приеме в гражданство РФ НЕСОВЕРШЕННОЛЕТНЕГО (г. Ростов-на-Дону),"Штрафы, пошлины",providers.php
image/png,False,asset-6f8b0db8bb66,http://cluster.skysend.ru:6721/image.php?provider=9593,assets/originals/providers/provider-9593.png,provider-logo,150,150,16599,verified,approved-original,home.providers / providers.catalog,Логотип из действующего публичного каталога SkySend. Не увеличивать выше исходного разрешения; сохранить цвета и пропорции. Существование в каталоге не подтверждает доступность платежей.,a1ddf71d2d6e439fb65c22b8b7838eb8a0e436163db306b31b8143799177e492,17.8. Подготовка заявления о получении информации о наличии оснований для неразрешения въезда в РФ (г. Ростов-на-Дону),"Штрафы, пошлины",providers.php
image/png,False,asset-951870b0a7e1,http://cluster.skysend.ru:6721/image.php?provider=9596,assets/originals/providers/provider-9596.png,provider-logo,150,150,26923,verified,approved-original,home.providers / providers.catalog,Логотип из действующего публичного каталога SkySend. Не увеличивать выше исходного разрешения; сохранить цвета и пропорции. Существование в каталоге не подтверждает доступность платежей.,191d4185ae72567762d605e7d1a5049c75d7f2d4849173c0b2fe240fd5c97d13,Госпошлина ГИБДД Динской район. КБ Промсвязьбанк,"Штрафы, пошлины",providers.php
image/png,False,asset-91ce459a2bba,http://cluster.skysend.ru:6721/image.php?provider=9600,assets/originals/providers/provider-9600.png,provider-logo,150,150,17381,verified,approved-original,home.providers / providers.catalog,Логотип из действующего публичного каталога SkySend. Не увеличивать выше исходного разрешения; сохранить цвета и пропорции. Существование в каталоге не подтверждает доступность платежей.,0fa688cf4702f23f2ce7e8ff17aa064e713febf10952a077171bfefa99530f37,17.2. Фотографирование (ПВС г. Ростов-на-Дону),"Штрафы, пошлины",providers.php
image/png,False,asset-ec658cbd47c6,http://cluster.skysend.ru:6721/image.php?provider=9601,assets/originals/providers/provider-9601.png,provider-logo,150,150,16692,verified,approved-original,home.providers / providers.catalog,Логотип из действующего публичного каталога SkySend. Не увеличивать выше исходного разрешения; сохранить цвета и пропорции. Существование в каталоге не подтверждает доступность платежей.,747bb10dfdd76d6c1919607b109f112ec243c721b60203110216c5bd350c1908,9.2. Подготовка уведомления по трудовому договору с ин.гражд. (г. Ростов-на-Дону),"Штрафы, пошлины",providers.php
image/png,False,asset-a0030d0e2880,http://cluster.skysend.ru:6721/image.php?provider=9603,assets/originals/providers/provider-9603.png,provider-logo,225,225,33789,verified,approved-original,home.providers / providers.catalog,Логотип из действующего публичного каталога SkySend. Не увеличивать выше исходного разрешения; сохранить цвета и пропорции. Существование в каталоге не подтверждает доступность платежей.,7a2f7ffafae38f819c37f6e40089fdc20b1c258d2719bb78077dee2ef041a576,Госпошлина за внесение изменений в загран.паспорт (г. Краснодар),"Штрафы, пошлины",providers.php
image/png,False,asset-f6a19b753fff,http://cluster.skysend.ru:6721/image.php?provider=9604,assets/originals/providers/provider-9604.png,provider-logo,150,150,19916,verified,approved-original,home.providers / providers.catalog,Логотип из действующего публичного каталога SkySend. Не увеличивать выше исходного разрешения; сохранить цвета и пропорции. Существование в каталоге не подтверждает доступность платежей.,d69086d5e0e29b6730d545cd71246b15e6949bf40ebdbc16bd454ea5bb5933d6,Госпошлины ГИБДД по РФ,"Штрафы, пошлины",providers.php
image/png,False,asset-4e1bd97171bc,http://cluster.skysend.ru:6721/image.php?provider=9605,assets/originals/providers/provider-9605.png,provider-logo,150,150,25403,verified,approved-original,home.providers / providers.catalog,Логотип из действующего публичного каталога SkySend. Не увеличивать выше исходного разрешения; сохранить цвета и пропорции. Существование в каталоге не подтверждает доступность платежей.,07094272a0be3f3887dceb01f20eb2153d55648e3f8e1c6bdf341590c6be432e,Оплата налогов ФНС по ИНН налогоплательщика (Квитанция без УИН),"Штрафы, пошлины",providers.php
image/png,False,asset-e4a0784d4793,http://cluster.skysend.ru:6721/image.php?provider=9638,assets/originals/providers/provider-9638.png,provider-logo,150,150,18601,verified,approved-original,home.providers / providers.catalog,Логотип из действующего публичного каталога SkySend. Не увеличивать выше исходного разрешения; сохранить цвета и пропорции. Существование в каталоге не подтверждает доступность платежей.,0f57c4a0e88deceb5373d6562df2fdbcb94bcc4b1441b7fece4edb6fd9f4009c,"ЦСМТ ""ЗДОРОВЬЕ"". Оказание услуг по договору",Страхование,providers.php
image/png,False,asset-b88b4a251e0e,http://cluster.skysend.ru:6721/image.php?provider=9640,assets/originals/providers/provider-9640.png,provider-logo,150,150,33271,verified,approved-original,home.providers / providers.catalog,Логотип из действующего публичного каталога SkySend. Не увеличивать выше исходного разрешения; сохранить цвета и пропорции. Существование в каталоге не подтверждает доступность платежей.,6b3bf1fac1ca2fb93ecd0381f333810601d1886303d89cd9c58b66eaf839f057,Даймохк Телеком,Интернет,providers.php
image/png,False,asset-80aa32d6a148,http://cluster.skysend.ru:6721/image.php?provider=9645,assets/originals/providers/provider-9645.png,provider-logo,225,225,33068,verified,approved-original,home.providers / providers.catalog,Логотип из действующего публичного каталога SkySend. Не увеличивать выше исходного разрешения; сохранить цвета и пропорции. Существование в каталоге не подтверждает доступность платежей.,62be56401ae07e9c30c0bd598ef65360b6c4cb9cbfe896fe39d6475c9960255e,Госпошлина за загран.паспорт - взрослый (г. Краснодар),"Штрафы, пошлины",providers.php
image/png,False,asset-7df88998a58d,http://cluster.skysend.ru:6721/image.php?provider=9646,assets/originals/providers/provider-9646.png,provider-logo,225,225,33879,verified,approved-original,home.providers / providers.catalog,Логотип из действующего публичного каталога SkySend. Не увеличивать выше исходного разрешения; сохранить цвета и пропорции. Существование в каталоге не подтверждает доступность платежей.,5adf5dcba87ec406fc5de48eec809712e9f192d143e1d49c4e1c04b364d7bf0a,Госпошлина за загран.паспорт - детский (г. Краснодар),"Штрафы, пошлины",providers.php
image/png,False,asset-60a1160e7fb8,http://cluster.skysend.ru:6721/image.php?provider=9653,assets/originals/providers/provider-9653.png,provider-logo,150,150,19199,verified,approved-original,home.providers / providers.catalog,Логотип из действующего публичного каталога SkySend. Не увеличивать выше исходного разрешения; сохранить цвета и пропорции. Существование в каталоге не подтверждает доступность платежей.,9a8dd63781c95c88baf7ad138676c831d9ad1f0dc689ff8ef2b3cbe89bf89945,17.3. Информационно-кольсультационное содействие по услугам миграции в МВД,"Штрафы, пошлины",providers.php
image/png,False,asset-639fa4882a86,http://cluster.skysend.ru:6721/image.php?provider=9654,assets/originals/providers/provider-9654.png,provider-logo,150,150,17604,verified,approved-original,home.providers / providers.catalog,Логотип из действующего публичного каталога SkySend. Не увеличивать выше исходного разрешения; сохранить цвета и пропорции. Существование в каталоге не подтверждает доступность платежей.,464d77c69f8a9da802137cf525e559d238336c5085fcc644953c21df64644b16,Штрафы УФМС (г. Ростов-на-Дону),"Штрафы, пошлины",providers.php
image/png,False,asset-f2e27313b168,http://cluster.skysend.ru:6721/image.php?provider=9655,assets/originals/providers/provider-9655.png,provider-logo,150,150,25976,verified,approved-original,home.providers / providers.catalog,Логотип из действующего публичного каталога SkySend. Не увеличивать выше исходного разрешения; сохранить цвета и пропорции. Существование в каталоге не подтверждает доступность платежей.,32ab6f1d526dc8133b2475ec5831c11432865bd46f82bdfb287158d2845a6838,Госпошлина ГИБДД. г. Орёл,"Штрафы, пошлины",providers.php
image/png,False,asset-b508bed04bc2,http://cluster.skysend.ru:6721/image.php?provider=9669,assets/originals/providers/provider-9669.png,provider-logo,150,150,24181,verified,approved-original,home.providers / providers.catalog,Логотип из действующего публичного каталога SkySend. Не увеличивать выше исходного разрешения; сохранить цвета и пропорции. Существование в каталоге не подтверждает доступность платежей.,ce9596812791b4be66c12fa48f5861740ea95149d54f7d26fc5f9f73085012d1,Госпошлины и налоги ФНС по РФ,"Штрафы, пошлины",providers.php
image/png,False,asset-e8e6f66ccda6,http://cluster.skysend.ru:6721/image.php?provider=9670,assets/originals/providers/provider-9670.png,provider-logo,150,150,25648,verified,approved-original,home.providers / providers.catalog,Логотип из действующего публичного каталога SkySend. Не увеличивать выше исходного разрешения; сохранить цвета и пропорции. Существование в каталоге не подтверждает доступность платежей.,76fe4a734e977e1146414c856731510b13830198fc0730e85b22494f36fcb8ac,Госпошлины и штрафы ФМС по РФ,"Штрафы, пошлины",providers.php
image/png,False,asset-2a83232d7f65,http://cluster.skysend.ru:6721/image.php?provider=9705,assets/originals/providers/provider-9705.png,provider-logo,150,150,18235,verified,approved-original,home.providers / providers.catalog,Логотип из действующего публичного каталога SkySend. Не увеличивать выше исходного разрешения; сохранить цвета и пропорции. Существование в каталоге не подтверждает доступность платежей.,d8291f7128139b709e053174bba24abd9124ef31d2821526f366214b10454bdd,17.33. Комплекс. обслуж. в целях передачи мед. док. в тер. орган МВД,"Штрафы, пошлины",providers.php
image/png,False,asset-ef485f0ae7c7,http://cluster.skysend.ru:6721/image.php?provider=9706,assets/originals/providers/provider-9706.png,provider-logo,150,150,36498,verified,approved-original,home.providers / providers.catalog,Логотип из действующего публичного каталога SkySend. Не увеличивать выше исходного разрешения; сохранить цвета и пропорции. Существование в каталоге не подтверждает доступность платежей.,003354dff3a08df740aa83249803cf3573d221998ae84cc4bcb7ac1c5ff886b9,ФНС г. Ростов-на-Дону. Оплата НДФЛ для получения патента,"Штрафы, пошлины",providers.php
image/png,False,asset-5fb6766eed74,http://cluster.skysend.ru:6721/image.php?provider=9709,assets/originals/providers/provider-9709.png,provider-logo,170,170,15509,verified,approved-original,home.providers / providers.catalog,Логотип из действующего публичного каталога SkySend. Не увеличивать выше исходного разрешения; сохранить цвета и пропорции. Существование в каталоге не подтверждает доступность платежей.,8a6ace1089c5a72e994ba0670be62cc0d552b4448af024a85f8c1c9a7c8ff12c,Госпошлина за регистрацию иностранных граждан,"Штрафы, пошлины",providers.php
image/png,False,asset-e0e794a2e317,http://cluster.skysend.ru:6721/image.php?provider=9710,assets/originals/providers/provider-9710.png,provider-logo,170,170,15372,verified,approved-original,home.providers / providers.catalog,Логотип из действующего публичного каталога SkySend. Не увеличивать выше исходного разрешения; сохранить цвета и пропорции. Существование в каталоге не подтверждает доступность платежей.,de2b85a99483811162a62d5db15da468fedd8f4fd057923338af66ea3124d38b,Госпошлина УФК (КБР) ЗП Ст. обр. взрослый,"Штрафы, пошлины",providers.php
image/png,False,asset-32d9d005c510,http://cluster.skysend.ru:6721/image.php?provider=9711,assets/originals/providers/provider-9711.png,provider-logo,170,170,15347,verified,approved-original,home.providers / providers.catalog,Логотип из действующего публичного каталога SkySend. Не увеличивать выше исходного разрешения; сохранить цвета и пропорции. Существование в каталоге не подтверждает доступность платежей.,447bf3a45d49916474f4893f9756c938b6eda0e883919e1cbfe371674f86ef3d,Госпошлина УФК (КБР) ЗП Нов. обр. взрослый,"Штрафы, пошлины",providers.php
image/png,False,asset-63dd7135c0d1,http://cluster.skysend.ru:6721/image.php?provider=9712,assets/originals/providers/provider-9712.png,provider-logo,170,170,15230,verified,approved-original,home.providers / providers.catalog,Логотип из действующего публичного каталога SkySend. Не увеличивать выше исходного разрешения; сохранить цвета и пропорции. Существование в каталоге не подтверждает доступность платежей.,26a144895adf46bdb5124d7b0e304f9640b66eb33d23e5c55c72e743eeb00ee4,Госпошлина УФК (КБР) ЗП Ст. обр. детский,"Штрафы, пошлины",providers.php
image/png,False,asset-cedc9999369f,http://cluster.skysend.ru:6721/image.php?provider=9713,assets/originals/providers/provider-9713.png,provider-logo,170,170,15315,verified,approved-original,home.providers / providers.catalog,Логотип из действующего публичного каталога SkySend. Не увеличивать выше исходного разрешения; сохранить цвета и пропорции. Существование в каталоге не подтверждает доступность платежей.,df6f1586d22fed86ce32f7a908537db554a34915d83fcc4a87fee6320b1580af,Госпошлина УФК (КБР) ЗП Нов. обр. детский,"Штрафы, пошлины",providers.php
image/png,False,asset-bc8f8c6f3458,http://cluster.skysend.ru:6721/image.php?provider=9714,assets/originals/providers/provider-9714.png,provider-logo,170,170,15245,verified,approved-original,home.providers / providers.catalog,Логотип из действующего публичного каталога SkySend. Не увеличивать выше исходного разрешения; сохранить цвета и пропорции. Существование в каталоге не подтверждает доступность платежей.,b4ff02dc6574d81a2d57a35994da1a32ce28ff1b1f0cb9630ad68e3495386e86,Госпошлина УФК (КБР) Внесение изменений в ЗП,"Штрафы, пошлины",providers.php
image/png,False,asset-183d26068eb6,http://cluster.skysend.ru:6721/image.php?provider=9715,assets/originals/providers/provider-9715.png,provider-logo,170,170,14741,verified,approved-original,home.providers / providers.catalog,Логотип из действующего публичного каталога SkySend. Не увеличивать выше исходного разрешения; сохранить цвета и пропорции. Существование в каталоге не подтверждает доступность платежей.,56fed6758ab9727305beefaf3ac7c8d7481bda3834c1d238258b17c5d1d901f9,Госпошлина УФК (КБР) РВП,"Штрафы, пошлины",providers.php
image/png,False,asset-1791d0b0d2fb,http://cluster.skysend.ru:6721/image.php?provider=9716,assets/originals/providers/provider-9716.png,provider-logo,170,170,15214,verified,approved-original,home.providers / providers.catalog,Логотип из действующего публичного каталога SkySend. Не увеличивать выше исходного разрешения; сохранить цвета и пропорции. Существование в каталоге не подтверждает доступность платежей.,eaad82c18d757905661e06ca070fd8fefde977a540d9fd46fe402d1191fc3e96,Госпошлина УФК (КБР) Вид на Жит-во,"Штрафы, пошлины",providers.php
image/png,False,asset-cc1999994759,http://cluster.skysend.ru:6721/image.php?provider=9717,assets/originals/providers/provider-9717.png,provider-logo,170,170,15153,verified,approved-original,home.providers / providers.catalog,Логотип из действующего публичного каталога SkySend. Не увеличивать выше исходного разрешения; сохранить цвета и пропорции. Существование в каталоге не подтверждает доступность платежей.,7e902ba5a39fc4fc8e6775170a5410707230a03a4317ee1f52ac4f27c5f024f9,Госпошлина УФК (КБР) Гражданство,"Штрафы, пошлины",providers.php
image/png,False,asset-02c1a21b2452,http://cluster.skysend.ru:6721/image.php?provider=9718,assets/originals/providers/provider-9718.png,provider-logo,170,170,15007,verified,approved-original,home.providers / providers.catalog,Логотип из действующего публичного каталога SkySend. Не увеличивать выше исходного разрешения; сохранить цвета и пропорции. Существование в каталоге не подтверждает доступность платежей.,c2a37942bdf7bf64e72e5b1e895e9e1c4929a64043366d2bab5fc7f23635804b,Госпошлина УФК (КБР) Приглашение,"Штрафы, пошлины",providers.php
image/png,False,asset-67b13bef1ceb,http://cluster.skysend.ru:6721/image.php?provider=9719,assets/originals/providers/provider-9719.png,provider-logo,170,170,14973,verified,approved-original,home.providers / providers.catalog,Логотип из действующего публичного каталога SkySend. Не увеличивать выше исходного разрешения; сохранить цвета и пропорции. Существование в каталоге не подтверждает доступность платежей.,56827b3e8ef5d87abdb4610a7cdec3282f35197f8ea1aaa7f432889ee227372f,Госпошлина УФК (КБР) Виза на выезд,"Штрафы, пошлины",providers.php
image/png,False,asset-8f7736f840b4,http://cluster.skysend.ru:6721/image.php?provider=9720,assets/originals/providers/provider-9720.png,provider-logo,170,170,15130,verified,approved-original,home.providers / providers.catalog,Логотип из действующего публичного каталога SkySend. Не увеличивать выше исходного разрешения; сохранить цвета и пропорции. Существование в каталоге не подтверждает доступность платежей.,1fb014286520bd5d991e8cd8cbe8a1a8dcbfde1c80c5b61c9ed180a39dac23d7,Госпошлина УФК (КБР) Виза на выезд-въезд,"Штрафы, пошлины",providers.php
image/png,False,asset-e696c603d05f,http://cluster.skysend.ru:6721/image.php?provider=9721,assets/originals/providers/provider-9721.png,provider-logo,170,170,15629,verified,approved-original,home.providers / providers.catalog,Логотип из действующего публичного каталога SkySend. Не увеличивать выше исходного разрешения; сохранить цвета и пропорции. Существование в каталоге не подтверждает доступность платежей.,cee05425f6b71377c3f05dd1e7a0220cc31be067779dbfeff732635662637885,Госпошлина УФК (КБР) Виза многократная студенческая,"Штрафы, пошлины",providers.php
image/png,False,asset-cb17c3f7b86a,http://cluster.skysend.ru:6721/image.php?provider=9722,assets/originals/providers/provider-9722.png,provider-logo,150,150,27767,verified,approved-original,home.providers / providers.catalog,Логотип из действующего публичного каталога SkySend. Не увеличивать выше исходного разрешения; сохранить цвета и пропорции. Существование в каталоге не подтверждает доступность платежей.,c0d2caf91f74fad1145c446dc3d66fdb7277dbbaedb7e8aa5dbd45f769a7dabe,Штраф УФМС (КБР) ст.19.16 КоАП РФ,"Штрафы, пошлины",providers.php
image/png,False,asset-73af200e8827,http://cluster.skysend.ru:6721/image.php?provider=9724,assets/originals/providers/provider-9724.png,provider-logo,170,170,14991,verified,approved-original,home.providers / providers.catalog,Логотип из действующего публичного каталога SkySend. Не увеличивать выше исходного разрешения; сохранить цвета и пропорции. Существование в каталоге не подтверждает доступность платежей.,f3ebe5abf3ef3308460d3cee41beab5461b79698c697ebfb54b94a99e9be51ca,Госпошлина УФК (КБР) за выдачу паспорта,"Штрафы, пошлины",providers.php
image/png,False,asset-ebdccdfeb45e,http://cluster.skysend.ru:6721/image.php?provider=9728,assets/originals/providers/provider-9728.png,provider-logo,150,150,3197,verified,approved-original,home.providers / providers.catalog,Логотип из действующего публичного каталога SkySend. Не увеличивать выше исходного разрешения; сохранить цвета и пропорции. Существование в каталоге не подтверждает доступность платежей.,e34d8bfad3b58693891b0afb48d067709722f87dce0baca7c1ec5acfffc607be,Оплата штрафов по УИН,"Штрафы, пошлины",providers.php
image/png,False,asset-a7cb5467ac78,http://cluster.skysend.ru:6721/image.php?provider=9730,assets/originals/providers/provider-9730.png,provider-logo,150,150,22821,verified,approved-original,home.providers / providers.catalog,Логотип из действующего публичного каталога SkySend. Не увеличивать выше исходного разрешения; сохранить цвета и пропорции. Существование в каталоге не подтверждает доступность платежей.,3ccda36a1adf3e7565cf475a857008d8be1bbc061b68b514d0ae14430d590c73,Госпошлина ГИБДД (МРЭО 3 Анапа),"Штрафы, пошлины",providers.php
image/png,False,asset-c232fe812d92,http://cluster.skysend.ru:6721/image.php?provider=9731,assets/originals/providers/provider-9731.png,provider-logo,150,150,22955,verified,approved-original,home.providers / providers.catalog,Логотип из действующего публичного каталога SkySend. Не увеличивать выше исходного разрешения; сохранить цвета и пропорции. Существование в каталоге не подтверждает доступность платежей.,5d6ffd13bb4c6a10fcf69a75a99833bea16d30b011437d1ce65494920b220c20,Госпошлина ГИБДД (МРЭО 7 Армавир),"Штрафы, пошлины",providers.php
image/png,False,asset-f62b67d82735,http://cluster.skysend.ru:6721/image.php?provider=9732,assets/originals/providers/provider-9732.png,provider-logo,150,150,23444,verified,approved-original,home.providers / providers.catalog,Логотип из действующего публичного каталога SkySend. Не увеличивать выше исходного разрешения; сохранить цвета и пропорции. Существование в каталоге не подтверждает доступность платежей.,748a49f359f6e2794b9ffe5448055ad466312356b840d32386286ff85035038f,Госпошлина ГИБДД (МРЭО 6 Белореченск),"Штрафы, пошлины",providers.php
image/png,False,asset-2da8487791ac,http://cluster.skysend.ru:6721/image.php?provider=9733,assets/originals/providers/provider-9733.png,provider-logo,150,150,22996,verified,approved-original,home.providers / providers.catalog,Логотип из действующего публичного каталога SkySend. Не увеличивать выше исходного разрешения; сохранить цвета и пропорции. Существование в каталоге не подтверждает доступность платежей.,e6188f9c70c36ad249a00531a90b945e45518c127b2a6d6b890680fa66c7ef85,Госпошлина ГИБДД (МРЭО 3 Геленджик),"Штрафы, пошлины",providers.php
image/png,False,asset-6028752cd87e,http://cluster.skysend.ru:6721/image.php?provider=9734,assets/originals/providers/provider-9734.png,provider-logo,150,150,23089,verified,approved-original,home.providers / providers.catalog,Логотип из действующего публичного каталога SkySend. Не увеличивать выше исходного разрешения; сохранить цвета и пропорции. Существование в каталоге не подтверждает доступность платежей.,53c276ceab08e7fac3c640bc7cb37c7227d4e415e34deb4ae2efdb716931ff05,Госпошлина ГИБДД (МРЭО 10 Ейск),"Штрафы, пошлины",providers.php
image/png,False,asset-b3088c10ab64,http://cluster.skysend.ru:6721/image.php?provider=9735,assets/originals/providers/provider-9735.png,provider-logo,150,150,23058,verified,approved-original,home.providers / providers.catalog,Логотип из действующего публичного каталога SkySend. Не увеличивать выше исходного разрешения; сохранить цвета и пропорции. Существование в каталоге не подтверждает доступность платежей.,c270063873cd159c8cc11ec49c4f469e1b4cbb55573c67941e885710eec8b67b,Госпошлина ГИБДД (МРЭО 1 Краснодар),"Штрафы, пошлины",providers.php
image/png,False,asset-e590a542e598,http://cluster.skysend.ru:6721/image.php?provider=9736,assets/originals/providers/provider-9736.png,provider-logo,150,150,23367,verified,approved-original,home.providers / providers.catalog,Логотип из действующего публичного каталога SkySend. Не увеличивать выше исходного разрешения; сохранить цвета и пропорции. Существование в каталоге не подтверждает доступность платежей.,c5f69e142b1c65b64d78ee5a93b96ede53743a82ebae5c667bdb7fd97d032fd4,Госпошлина ГИБДД (МРЭО 14 Кропоткин),"Штрафы, пошлины",providers.php
image/png,False,asset-22d3dbc97e13,http://cluster.skysend.ru:6721/image.php?provider=9737,assets/originals/providers/provider-9737.png,provider-logo,150,150,23293,verified,approved-original,home.providers / providers.catalog,Логотип из действующего публичного каталога SkySend. Не увеличивать выше исходного разрешения; сохранить цвета и пропорции. Существование в каталоге не подтверждает доступность платежей.,da6acf7440862defbc213d7130962ef48a32d9b11b402f855d4f759c9c1fb46b,Госпошлина ГИБДД (МРЭО 15 Лабинск),"Штрафы, пошлины",providers.php
image/png,False,asset-54ad7060e9ce,http://cluster.skysend.ru:6721/image.php?provider=9738,assets/originals/providers/provider-9738.png,provider-logo,150,150,23168,verified,approved-original,home.providers / providers.catalog,Логотип из действующего публичного каталога SkySend. Не увеличивать выше исходного разрешения; сохранить цвета и пропорции. Существование в каталоге не подтверждает доступность платежей.,e3f7b089295801258098f2650bf05a8aa7345f921a8b28530bc70376bf0a7448,Госпошлина ГИБДД (МРЭО 3 Новороссийск),"Штрафы, пошлины",providers.php
image/png,False,asset-6d6958a2bdeb,http://cluster.skysend.ru:6721/image.php?provider=9739,assets/originals/providers/provider-9739.png,provider-logo,150,150,22772,verified,approved-original,home.providers / providers.catalog,Логотип из действующего публичного каталога SkySend. Не увеличивать выше исходного разрешения; сохранить цвета и пропорции. Существование в каталоге не подтверждает доступность платежей.,f57854379232eb3aaf1d81a11bdd96bec18380ce705f4670f0163f0d5c1459ff,Госпошлина ГИБДД (МРЭО 2 Сочи),"Штрафы, пошлины",providers.php
image/png,False,asset-592c854b8eda,http://cluster.skysend.ru:6721/image.php?provider=9740,assets/originals/providers/provider-9740.png,provider-logo,150,150,23321,verified,approved-original,home.providers / providers.catalog,Логотип из действующего публичного каталога SkySend. Не увеличивать выше исходного разрешения; сохранить цвета и пропорции. Существование в каталоге не подтверждает доступность платежей.,66d0c69da1b2204cba95abafb542d3d6edf24c209d0cb6225a2ddd934631ebc7,Госпошлина ГИБДД (МРЭО 2 Туапсе),"Штрафы, пошлины",providers.php
image/png,False,asset-4ba441b6a4aa,http://cluster.skysend.ru:6721/image.php?provider=9741,assets/originals/providers/provider-9741.png,provider-logo,150,150,23274,verified,approved-original,home.providers / providers.catalog,Логотип из действующего публичного каталога SkySend. Не увеличивать выше исходного разрешения; сохранить цвета и пропорции. Существование в каталоге не подтверждает доступность платежей.,ffa962a2a92d4e7f337239a29233937d153ce43e84bc24980222e0a906ee5ac4,Госпошлина ГИБДД (МРЭО 12 Тихорецк),"Штрафы, пошлины",providers.php
image/png,False,asset-546f2e4bc481,http://cluster.skysend.ru:6721/image.php?provider=9742,assets/originals/providers/provider-9742.png,provider-logo,150,150,23326,verified,approved-original,home.providers / providers.catalog,Логотип из действующего публичного каталога SkySend. Не увеличивать выше исходного разрешения; сохранить цвета и пропорции. Существование в каталоге не подтверждает доступность платежей.,e59caa74498997f4e5d7d7195bcb82ac2c65807c8cf1260de38a42968f8f0e74,Госпошлина ГИБДД (МРЭО 6 Апшеронск),"Штрафы, пошлины",providers.php
image/png,False,asset-8a1148c34f5e,http://cluster.skysend.ru:6721/image.php?provider=9743,assets/originals/providers/provider-9743.png,provider-logo,150,150,23227,verified,approved-original,home.providers / providers.catalog,Логотип из действующего публичного каталога SkySend. Не увеличивать выше исходного разрешения; сохранить цвета и пропорции. Существование в каталоге не подтверждает доступность платежей.,05256b7dbdd26f8df78dd319c962e0409bd85d40b1380183a446c4585b03a1ca,Госпошлина ГИБДД (МРЭО 4 Абинск),"Штрафы, пошлины",providers.php
image/png,False,asset-e6e8bf0aeb24,http://cluster.skysend.ru:6721/image.php?provider=9744,assets/originals/providers/provider-9744.png,provider-logo,150,150,23330,verified,approved-original,home.providers / providers.catalog,Логотип из действующего публичного каталога SkySend. Не увеличивать выше исходного разрешения; сохранить цвета и пропорции. Существование в каталоге не подтверждает доступность платежей.,251069c6fc3c40cc814da193e2e26509a04df96e682f092081bf9e51681f2ced,Госпошлина ГИБДД (МРЭО 12 Белая Глина),"Штрафы, пошлины",providers.php
image/png,False,asset-5fe1d723cabc,http://cluster.skysend.ru:6721/image.php?provider=9746,assets/originals/providers/provider-9746.png,provider-logo,150,150,23419,verified,approved-original,home.providers / providers.catalog,Логотип из действующего публичного каталога SkySend. Не увеличивать выше исходного разрешения; сохранить цвета и пропорции. Существование в каталоге не подтверждает доступность платежей.,4a95232d55346079c5e8240d5c0a10f1d5138ac5214734a4377e8717e133524d,Госпошлина ГИБДД (МРЭО 9 Брюховецк),"Штрафы, пошлины",providers.php
image/png,False,asset-3830a18e36b5,http://cluster.skysend.ru:6721/image.php?provider=9747,assets/originals/providers/provider-9747.png,provider-logo,150,150,23447,verified,approved-original,home.providers / providers.catalog,Логотип из действующего публичного каталога SkySend. Не увеличивать выше исходного разрешения; сохранить цвета и пропорции. Существование в каталоге не подтверждает доступность платежей.,8951bba725e52c784d053433cd9fbf8f2e42251a9126a15d9f41e1ba5b4f076b,Госпошлина ГИБДД (МРЭО 13 Выселки),"Штрафы, пошлины",providers.php
image/png,False,asset-144a5bdd9146,http://cluster.skysend.ru:6721/image.php?provider=9748,assets/originals/providers/provider-9748.png,provider-logo,150,150,23175,verified,approved-original,home.providers / providers.catalog,Логотип из действующего публичного каталога SkySend. Не увеличивать выше исходного разрешения; сохранить цвета и пропорции. Существование в каталоге не подтверждает доступность платежей.,f05db438b0b2b8004ea83077f96eaa0bef6b27c6e22a4feafbb5c8ede37a39ed,Госпошлина ГИБДД (МРЭО 1 Динская),"Штрафы, пошлины",providers.php
image/png,False,asset-d98f2dbea016,http://cluster.skysend.ru:6721/image.php?provider=9749,assets/originals/providers/provider-9749.png,provider-logo,150,150,23322,verified,approved-original,home.providers / providers.catalog,Логотип из действующего публичного каталога SkySend. Не увеличивать выше исходного разрешения; сохранить цвета и пропорции. Существование в каталоге не подтверждает доступность платежей.,e05deea220afad0e9f10031bb2f07cf24ed6bcce735329fe54735d53b17803b1,Госпошлина ГИБДД (МРЭО 9 Каневская),"Штрафы, пошлины",providers.php
image/png,False,asset-7bfa18e3cda1,http://cluster.skysend.ru:6721/image.php?provider=9750,assets/originals/providers/provider-9750.png,provider-logo,150,150,23357,verified,approved-original,home.providers / providers.catalog,Логотип из действующего публичного каталога SkySend. Не увеличивать выше исходного разрешения; сохранить цвета и пропорции. Существование в каталоге не подтверждает доступность платежей.,b4fbe1fb5d120704ffba0883385209d286957773adc1ad3acf637f26316ada06,Госпошлина ГИБДД (МРЭО 13 Кореновск),"Штрафы, пошлины",providers.php
image/png,False,asset-0f3077add47f,http://cluster.skysend.ru:6721/image.php?provider=9751,assets/originals/providers/provider-9751.png,provider-logo,150,150,23239,verified,approved-original,home.providers / providers.catalog,Логотип из действующего публичного каталога SkySend. Не увеличивать выше исходного разрешения; сохранить цвета и пропорции. Существование в каталоге не подтверждает доступность платежей.,a4b519329aa647bf26541f3f0e0adb9e7264da193072e76145c9e81414ee83a4,Госпошлина ГИБДД (МРЭО 4 Крымск),"Штрафы, пошлины",providers.php
image/png,False,asset-338c58c8fda1,http://cluster.skysend.ru:6721/image.php?provider=9752,assets/originals/providers/provider-9752.png,provider-logo,150,150,23303,verified,approved-original,home.providers / providers.catalog,Логотип из действующего публичного каталога SkySend. Не увеличивать выше исходного разрешения; сохранить цвета и пропорции. Существование в каталоге не подтверждает доступность платежей.,510f14fb9cd3f1c588344f7d249eb6fa523ef7168f03549879a7a4e2b7d80585,Госпошлина ГИБДД (МРЭО 11 Крыловская),"Штрафы, пошлины",providers.php
image/png,False,asset-943f353e47a3,http://cluster.skysend.ru:6721/image.php?provider=9753,assets/originals/providers/provider-9753.png,provider-logo,150,150,23390,verified,approved-original,home.providers / providers.catalog,Логотип из действующего публичного каталога SkySend. Не увеличивать выше исходного разрешения; сохранить цвета и пропорции. Существование в каталоге не подтверждает доступность платежей.,1fe23a59ddd96235e96665160daadf76a4c4548d1dba2640d1192b21dd0ee788,Госпошлина ГИБДД (МРЭО 15 Курганинск),"Штрафы, пошлины",providers.php
image/png,False,asset-a0dbc0019cd4,http://cluster.skysend.ru:6721/image.php?provider=9754,assets/originals/providers/provider-9754.png,provider-logo,150,150,23347,verified,approved-original,home.providers / providers.catalog,Логотип из действующего публичного каталога SkySend. Не увеличивать выше исходного разрешения; сохранить цвета и пропорции. Существование в каталоге не подтверждает доступность платежей.,b691e7b54f336816522041f4375dec3f2b9625ca951e713ae74172cdd5b214bd,Госпошлина ГИБДД (МРЭО 11 Кущевская),"Штрафы, пошлины",providers.php
image/png,False,asset-806fb8b4d537,http://cluster.skysend.ru:6721/image.php?provider=9755,assets/originals/providers/provider-9755.png,provider-logo,150,150,23414,verified,approved-original,home.providers / providers.catalog,Логотип из действующего публичного каталога SkySend. Не увеличивать выше исходного разрешения; сохранить цвета и пропорции. Существование в каталоге не подтверждает доступность платежей.,ff4e195e5b40647836e7c8700a214b6e566b3fc24bc1859b89277844ef6ab33d,Госпошлина ГИБДД (МРЭО 9 Ленинградская),"Штрафы, пошлины",providers.php
image/png,False,asset-e36309a073ed,http://cluster.skysend.ru:6721/image.php?provider=9756,assets/originals/providers/provider-9756.png,provider-logo,150,150,23325,verified,approved-original,home.providers / providers.catalog,Логотип из действующего публичного каталога SkySend. Не увеличивать выше исходного разрешения; сохранить цвета и пропорции. Существование в каталоге не подтверждает доступность платежей.,49171c20e8205752144a761aff79e287ce369095474c11fd0f633a59dfc29216,Госпошлина ГИБДД (МРЭО 15 Мостовской),"Штрафы, пошлины",providers.php
image/png,False,asset-252e20134e72,http://cluster.skysend.ru:6721/image.php?provider=9757,assets/originals/providers/provider-9757.png,provider-logo,150,150,23524,verified,approved-original,home.providers / providers.catalog,Логотип из действующего публичного каталога SkySend. Не увеличивать выше исходного разрешения; сохранить цвета и пропорции. Существование в каталоге не подтверждает доступность платежей.,1ee475508bf14de822ecaa41eb8691e582f77e8681005f4eb1e50f298f5d550a,Госпошлина ГИБДД (МРЭО 7 Новокубанск),"Штрафы, пошлины",providers.php
image/png,False,asset-ce943ce5f8e3,http://cluster.skysend.ru:6721/image.php?provider=9758,assets/originals/providers/provider-9758.png,provider-logo,150,150,23435,verified,approved-original,home.providers / providers.catalog,Логотип из действующего публичного каталога SkySend. Не увеличивать выше исходного разрешения; сохранить цвета и пропорции. Существование в каталоге не подтверждает доступность платежей.,3a755b5dbd2fd75b01a0d04da81da0647dbfcd34da791cd2396ff16e5674d3e5,Госпошлина ГИБДД (МРЭО 12 Новопокровск),"Штрафы, пошлины",providers.php
image/png,False,asset-2a3cfdc9b1f0,http://cluster.skysend.ru:6721/image.php?provider=9759,assets/originals/providers/provider-9759.png,provider-logo,150,150,23410,verified,approved-original,home.providers / providers.catalog,Логотип из действующего публичного каталога SkySend. Не увеличивать выше исходного разрешения; сохранить цвета и пропорции. Существование в каталоге не подтверждает доступность платежей.,c06511ac84d82648b8def1336cf3ff1960e49e86cf378156e12d1c25a25e7121,Госпошлина ГИБДД (МРЭО 7 Отрадненская),"Штрафы, пошлины",providers.php
image/png,False,asset-43a2a4bd6fd0,http://cluster.skysend.ru:6721/image.php?provider=9760,assets/originals/providers/provider-9760.png,provider-logo,150,150,23720,verified,approved-original,home.providers / providers.catalog,Логотип из действующего публичного каталога SkySend. Не увеличивать выше исходного разрешения; сохранить цвета и пропорции. Существование в каталоге не подтверждает доступность платежей.,ead0094669e89c6add9bc2693dc85abc5dee084c7e5befc2623278029774576a,Госпошлина ГИБДД (МРЭО 8 Приморско-Ахтарск),"Штрафы, пошлины",providers.php
image/png,False,asset-f8367831e5f1,http://cluster.skysend.ru:6721/image.php?provider=9761,assets/originals/providers/provider-9761.png,provider-logo,150,150,23292,verified,approved-original,home.providers / providers.catalog,Логотип из действующего публичного каталога SkySend. Не увеличивать выше исходного разрешения; сохранить цвета и пропорции. Существование в каталоге не подтверждает доступность платежей.,7b0998d49b2bea4b19840ce987fba33db4c4023c8c49647bea019e6b6ba4617b,Госпошлина ГИБДД (МРЭО 4 Северская),"Штрафы, пошлины",providers.php
image/png,False,asset-11021c113f59,http://cluster.skysend.ru:6721/image.php?provider=9762,assets/originals/providers/provider-9762.png,provider-logo,150,150,23312,verified,approved-original,home.providers / providers.catalog,Логотип из действующего публичного каталога SkySend. Не увеличивать выше исходного разрешения; сохранить цвета и пропорции. Существование в каталоге не подтверждает доступность платежей.,438ba6b2f94296dda77aeabaca099bca6f32d17eabc899cb49de8239908b18fd,Госпошлина ГИБДД (МРЭО 5 Славянск),"Штрафы, пошлины",providers.php
image/png,False,asset-9ce7f44b8094,http://cluster.skysend.ru:6721/image.php?provider=9763,assets/originals/providers/provider-9763.png,provider-logo,150,150,23273,verified,approved-original,home.providers / providers.catalog,Логотип из действующего публичного каталога SkySend. Не увеличивать выше исходного разрешения; сохранить цвета и пропорции. Существование в каталоге не подтверждает доступность платежей.,ff0138074e308b784fb285c5451a79b3608b29dd9a5edcae98d08c0a01d818c7,Госпошлина ГИБДД (МРЭО 14 Тбилисская),"Штрафы, пошлины",providers.php
image/png,False,asset-4911b163ac18,http://cluster.skysend.ru:6721/image.php?provider=9764,assets/originals/providers/provider-9764.png,provider-logo,150,150,23347,verified,approved-original,home.providers / providers.catalog,Логотип из действующего публичного каталога SkySend. Не увеличивать выше исходного разрешения; сохранить цвета и пропорции. Существование в каталоге не подтверждает доступность платежей.,30739248df9735c1c13614597475b9c83207a63b88a8432d15b6b49b4b9b8444,Госпошлина ГИБДД (МРЭО 5 Темрюк),"Штрафы, пошлины",providers.php
image/png,False,asset-4d65ce454111,http://cluster.skysend.ru:6721/image.php?provider=9765,assets/originals/providers/provider-9765.png,provider-logo,150,150,23335,verified,approved-original,home.providers / providers.catalog,Логотип из действующего публичного каталога SkySend. Не увеличивать выше исходного разрешения; сохранить цвета и пропорции. Существование в каталоге не подтверждает доступность платежей.,7bd981990eb28a831e9c7d9d844761216b93bb31d0ee885384d28f3aa9ff4e84,Госпошлина ГИБДД (МРЭО 8 Тимашевск),"Штрафы, пошлины",providers.php
image/png,False,asset-a0b431937210,http://cluster.skysend.ru:6721/image.php?provider=9766,assets/originals/providers/provider-9766.png,provider-logo,150,150,23453,verified,approved-original,home.providers / providers.catalog,Логотип из действующего публичного каталога SkySend. Не увеличивать выше исходного разрешения; сохранить цвета и пропорции. Существование в каталоге не подтверждает доступность платежей.,a79a1d3fffc8223bbfb960266461f48eef1de88d6fe92273a89789ddf1da8a9e,Госпошлина ГИБДД (МРЭО 13 Усть-Лабинск),"Штрафы, пошлины",providers.php
image/png,False,asset-7c8074999e3f,http://cluster.skysend.ru:6721/image.php?provider=9767,assets/originals/providers/provider-9767.png,provider-logo,150,150,23443,verified,approved-original,home.providers / providers.catalog,Логотип из действующего публичного каталога SkySend. Не увеличивать выше исходного разрешения; сохранить цвета и пропорции. Существование в каталоге не подтверждает доступность платежей.,d8b6395841ac97688dec351fabb199b5419a73c513d009ad2fbdc2c630036832,Госпошлина ГИБДД (МРЭО 10 Старощербиновская),"Штрафы, пошлины",providers.php
image/png,False,asset-fabe43137a61,http://cluster.skysend.ru:6721/image.php?provider=9781,assets/originals/providers/provider-9781.png,provider-logo,150,150,16627,verified,approved-original,home.providers / providers.catalog,Логотип из действующего публичного каталога SkySend. Не увеличивать выше исходного разрешения; сохранить цвета и пропорции. Существование в каталоге не подтверждает доступность платежей.,b5804ec2dec3c65ba3a22f0f4d7d605ca304bfdcdca555f2e5f351cd4ee6cd5d,Триколор Взрослый (год),Кабельное ТВ,providers.php
image/png,False,asset-7a76d4570500,http://cluster.skysend.ru:6721/image.php?provider=9782,assets/originals/providers/provider-9782.png,provider-logo,150,150,18668,verified,approved-original,home.providers / providers.catalog,Логотип из действующего публичного каталога SkySend. Не увеличивать выше исходного разрешения; сохранить цвета и пропорции. Существование в каталоге не подтверждает доступность платежей.,3d1470e161de3d2e166940a550bd1f5e17c44cd349619574d06c42c13eafe6b2,Триколор Взрослый (месяц),Кабельное ТВ,providers.php
image/png,False,asset-6fec8684e2fe,http://cluster.skysend.ru:6721/image.php?provider=9783,assets/originals/providers/provider-9783.png,provider-logo,150,150,20672,verified,approved-original,home.providers / providers.catalog,Логотип из действующего публичного каталога SkySend. Не увеличивать выше исходного разрешения; сохранить цвета и пропорции. Существование в каталоге не подтверждает доступность платежей.,38d99c323d390695903f104c89ce21af61ebc9887ecd905d75ca02406ea84506,Триколор Взрослый (3 месяца),Кабельное ТВ,providers.php
image/png,False,asset-a9287f080a1d,http://cluster.skysend.ru:6721/image.php?provider=9784,assets/originals/providers/provider-9784.png,provider-logo,150,150,16102,verified,approved-original,home.providers / providers.catalog,Логотип из действующего публичного каталога SkySend. Не увеличивать выше исходного разрешения; сохранить цвета и пропорции. Существование в каталоге не подтверждает доступность платежей.,8705f3f8456239b91796fa2a0cc6db6462ff6b4d01b8f68b86b7ebccd66236bb,Триколор Детский (год),Кабельное ТВ,providers.php
image/png,False,asset-b23d1998ec58,http://cluster.skysend.ru:6721/image.php?provider=9785,assets/originals/providers/provider-9785.png,provider-logo,150,150,18107,verified,approved-original,home.providers / providers.catalog,Логотип из действующего публичного каталога SkySend. Не увеличивать выше исходного разрешения; сохранить цвета и пропорции. Существование в каталоге не подтверждает доступность платежей.,40963862f26af7a41e332660a560670cf1b8094c8ed9cbafe1dba314912bea31,Триколор Детский (месяц),Кабельное ТВ,providers.php
image/png,False,asset-e6f3f972deca,http://cluster.skysend.ru:6721/image.php?provider=9786,assets/originals/providers/provider-9786.png,provider-logo,150,150,18021,verified,approved-original,home.providers / providers.catalog,Логотип из действующего публичного каталога SkySend. Не увеличивать выше исходного разрешения; сохранить цвета и пропорции. Существование в каталоге не подтверждает доступность платежей.,d5462e42f5e0f2340a613772758953c521ee568697bb2b6a9073462ced445635,Триколор Единый / Единый Онлайн (год),Кабельное ТВ,providers.php
image/png,False,asset-4ad71c019e9b,http://cluster.skysend.ru:6721/image.php?provider=9787,assets/originals/providers/provider-9787.png,provider-logo,150,150,17461,verified,approved-original,home.providers / providers.catalog,Логотип из действующего публичного каталога SkySend. Не увеличивать выше исходного разрешения; сохранить цвета и пропорции. Существование в каталоге не подтверждает доступность платежей.,217ab12c252c90d16d8dcad6f825c4d665e33a460026dc3768023d2ba536af61,Триколор Мультирум (год),Кабельное ТВ,providers.php
image/png,False,asset-98ffe5d3ed48,http://cluster.skysend.ru:6721/image.php?provider=9788,assets/originals/providers/provider-9788.png,provider-logo,150,150,16143,verified,approved-original,home.providers / providers.catalog,Логотип из действующего публичного каталога SkySend. Не увеличивать выше исходного разрешения; сохранить цвета и пропорции. Существование в каталоге не подтверждает доступность платежей.,6f47af2df9361496a7038275a6e9f9a99caa2f040bde390d52f7091079753962,Триколор Ultra (год),Кабельное ТВ,providers.php
image/png,False,asset-8e5032b1934c,http://cluster.skysend.ru:6721/image.php?provider=9789,assets/originals/providers/provider-9789.png,provider-logo,150,150,18036,verified,approved-original,home.providers / providers.catalog,Логотип из действующего публичного каталога SkySend. Не увеличивать выше исходного разрешения; сохранить цвета и пропорции. Существование в каталоге не подтверждает доступность платежей.,db7426859cf0fb84168734ec91a519079f68039ef2f56414be6b68575a9fd333,Триколор Единый Ultra / Единый Ultra Онлайн (год),Кабельное ТВ,providers.php
image/png,False,asset-ade424a5b103,http://cluster.skysend.ru:6721/image.php?provider=9790,assets/originals/providers/provider-9790.png,provider-logo,150,150,16353,verified,approved-original,home.providers / providers.catalog,Логотип из действующего публичного каталога SkySend. Не увеличивать выше исходного разрешения; сохранить цвета и пропорции. Существование в каталоге не подтверждает доступность платежей.,0a909048160d2406347c9c87ede6e1d7829c5a7c3a8daa8e49acd90a48c86a0a,Триколор Premier (месяц),Кабельное ТВ,providers.php
image/png,False,asset-5aabfa20b9e1,http://cluster.skysend.ru:6721/image.php?provider=9791,assets/originals/providers/provider-9791.png,provider-logo,150,150,19386,verified,approved-original,home.providers / providers.catalog,Логотип из действующего публичного каталога SkySend. Не увеличивать выше исходного разрешения; сохранить цвета и пропорции. Существование в каталоге не подтверждает доступность платежей.,1a93a24f83baa9ecdc19e39d0576dbbdf72106a08ec49a893c0cf1d274d591c1,Триколор Добавь Кино и 4К (месяц),Кабельное ТВ,providers.php
image/png,False,asset-d3f1b1899944,http://cluster.skysend.ru:6721/image.php?provider=9792,assets/originals/providers/provider-9792.png,provider-logo,150,150,18370,verified,approved-original,home.providers / providers.catalog,Логотип из действующего публичного каталога SkySend. Не увеличивать выше исходного разрешения; сохранить цвета и пропорции. Существование в каталоге не подтверждает доступность платежей.,5b5c33b15a1389573a340dbfdd1e464d40757826e1d261f73ab7bfa02745340e,Триколор Супер Ultra Детский (год),Кабельное ТВ,providers.php
image/png,False,asset-bc4d13fe10af,http://cluster.skysend.ru:6721/image.php?provider=9793,assets/originals/providers/provider-9793.png,provider-logo,150,150,18583,verified,approved-original,home.providers / providers.catalog,Логотип из действующего публичного каталога SkySend. Не увеличивать выше исходного разрешения; сохранить цвета и пропорции. Существование в каталоге не подтверждает доступность платежей.,3a073affbb4cd72c8c9049aa2af05514326143bd3dc451b13898ae3d62a1d594,Триколор Супер Ultra Взрослый (год),Кабельное ТВ,providers.php
image/png,False,asset-787e73bc5f4c,http://cluster.skysend.ru:6721/image.php?provider=9794,assets/originals/providers/provider-9794.png,provider-logo,150,150,17870,verified,approved-original,home.providers / providers.catalog,Логотип из действующего публичного каталога SkySend. Не увеличивать выше исходного разрешения; сохранить цвета и пропорции. Существование в каталоге не подтверждает доступность платежей.,03edb5f75dfd9ada6c1631e8b2e1f290f8416d3aa95158b0ec198de5375665d6,Триколор Максимум (год),Кабельное ТВ,providers.php
image/png,False,asset-73531c9cadfb,http://cluster.skysend.ru:6721/image.php?provider=9795,assets/originals/providers/provider-9795.png,provider-logo,150,150,15252,verified,approved-original,home.providers / providers.catalog,Логотип из действующего публичного каталога SkySend. Не увеличивать выше исходного разрешения; сохранить цвета и пропорции. Существование в каталоге не подтверждает доступность платежей.,4700446ae5179e924196b11d1336f0a48e104b3874d19a53591fc479dd6f1a97,Триколор Премиум (год),Кабельное ТВ,providers.php
image/png,False,asset-3eb3b260adfe,http://cluster.skysend.ru:6721/image.php?provider=9796,assets/originals/providers/provider-9796.png,provider-logo,150,150,17927,verified,approved-original,home.providers / providers.catalog,Логотип из действующего публичного каталога SkySend. Не увеличивать выше исходного разрешения; сохранить цвета и пропорции. Существование в каталоге не подтверждает доступность платежей.,79aa0319d09f5500155a58352aa59e1361ec64d94fb1376c0386f7dfb285e2d5,Триколор Единый Мульти / Экстра (год),Кабельное ТВ,providers.php
image/png,False,asset-3e6a6ad3f55f,http://cluster.skysend.ru:6721/image.php?provider=9797,assets/originals/providers/provider-9797.png,provider-logo,150,150,18960,verified,approved-original,home.providers / providers.catalog,Логотип из действующего публичного каталога SkySend. Не увеличивать выше исходного разрешения; сохранить цвета и пропорции. Существование в каталоге не подтверждает доступность платежей.,144e818c4dfe45efd911e9f8c338e980108f47ff38d4388cd4069f6568000c2f,Триколор Добавь Кино (месяц),Кабельное ТВ,providers.php
image/png,False,asset-dae9a7752be4,http://cluster.skysend.ru:6721/image.php?provider=9798,assets/originals/providers/provider-9798.png,provider-logo,150,150,8148,verified,approved-original,home.providers / providers.catalog,Логотип из действующего публичного каталога SkySend. Не увеличивать выше исходного разрешения; сохранить цвета и пропорции. Существование в каталоге не подтверждает доступность платежей.,def552a27da6315a074b622fe2b7bb3b808603d1f046113e939723094d6dbadd,Триколор Спутниковый интернет,Кабельное ТВ,providers.php
image/png,False,asset-cae2f4bc6c10,http://cluster.skysend.ru:6721/image.php?provider=9814,assets/originals/providers/provider-9814.png,provider-logo,170,170,30574,verified,approved-original,home.providers / providers.catalog,Логотип из действующего публичного каталога SkySend. Не увеличивать выше исходного разрешения; сохранить цвета и пропорции. Существование в каталоге не подтверждает доступность платежей.,cc57220e8294df6ca9dcf10543623ab3543d48b6d290b7f7b7a5b1e7a212164c,Госпошлина УФК (КБР) Продление срока ВП,"Штрафы, пошлины",providers.php
image/png,False,asset-7da3f878f5d2,http://cluster.skysend.ru:6721/image.php?provider=9815,assets/originals/providers/provider-9815.png,provider-logo,150,150,44189,verified,approved-original,home.providers / providers.catalog,Логотип из действующего публичного каталога SkySend. Не увеличивать выше исходного разрешения; сохранить цвета и пропорции. Существование в каталоге не подтверждает доступность платежей.,b80b687d7b701943bef4bcc3241ff209be7038c31fb5e8500ceb12839e39628c,Госпошлина за внесение сведений в единую автоматизированную информационную систему технического осмотра,"Штрафы, пошлины",providers.php
image/png,False,asset-3ac64a383715,http://cluster.skysend.ru:6721/image.php?provider=9816,assets/originals/providers/provider-9816.png,provider-logo,170,170,29809,verified,approved-original,home.providers / providers.catalog,Логотип из действующего публичного каталога SkySend. Не увеличивать выше исходного разрешения; сохранить цвета и пропорции. Существование в каталоге не подтверждает доступность платежей.,14958507ab37233d370c9c5a983364a6dbc7cb534ed21119957bb5ac8f1f6e77,Госпошлина УФК (КБР) Постановка по месту пребывания,"Штрафы, пошлины",providers.php
image/png,False,asset-749dd85a67fb,http://cluster.skysend.ru:6721/image.php?provider=9819,assets/originals/providers/provider-9819.png,provider-logo,170,170,28170,verified,approved-original,home.providers / providers.catalog,Логотип из действующего публичного каталога SkySend. Не увеличивать выше исходного разрешения; сохранить цвета и пропорции. Существование в каталоге не подтверждает доступность платежей.,9a17dc3c13b052bf4fdbde8d2e59d1f6bb0978c03563d729c17b18e68815e857,Госпошлина УФК (КБР) Патент,"Штрафы, пошлины",providers.php
image/png,False,asset-f1239fe22754,http://cluster.skysend.ru:6721/image.php?provider=9849,assets/originals/providers/provider-9849.png,provider-logo,150,150,19630,verified,approved-original,home.providers / providers.catalog,Логотип из действующего публичного каталога SkySend. Не увеличивать выше исходного разрешения; сохранить цвета и пропорции. Существование в каталоге не подтверждает доступность платежей.,befcbc048dca5272b32e5bc0dbf9b241d7261f5d7245895c7d28bccc5dd08d9b,Wildberries (Вайлдберриз Банк) WB,Банки и кредиты,providers.php
image/png,False,asset-02fa399310cf,http://cluster.skysend.ru:6721/image.php?provider=9858,assets/originals/providers/provider-9858.png,provider-logo,150,150,17220,verified,approved-original,home.providers / providers.catalog,Логотип из действующего публичного каталога SkySend. Не увеличивать выше исходного разрешения; сохранить цвета и пропорции. Существование в каталоге не подтверждает доступность платежей.,4c7d30b8556d8cf05d0654aaa8bdce80c5a5dc9a42e991859fff2f8f3b4f8d16,Озон Банк (Ozon),Банки и кредиты,providers.php
,,asset-d1a855c74d29,https://skysend.ru/cache/com_zoo/images/ALLVEND_0bf4e40a427a1e11cabc196752cfac97.png,,excluded,,,,not-downloaded,excluded,,"Нерелевантный раздел, дубль thumbnail, устаревшая декоративная иконка, промо либо служебная графика. Не входит в комплект для разработки.",,,,download__8.html
,,asset-78ae7fcb29d0,https://skysend.ru/cache/com_zoo/images/accessories_f232c487832d1644cf721b4b97ff715b.png,,excluded,,,,not-downloaded,excluded,,"Нерелевантный раздел, дубль thumbnail, устаревшая декоративная иконка, промо либо служебная графика. Не входит в комплект для разработки.",,,,download__2.html
,,asset-53f4a0b02f1e,https://skysend.ru/cache/com_zoo/images/additional_income_ed451fdc7ac442e2e6d73d25ad66e1dd.png,,excluded,,,,not-downloaded,excluded,,"Нерелевантный раздел, дубль thumbnail, устаревшая декоративная иконка, промо либо служебная графика. Не входит в комплект для разработки.",,,,download__2.html
,,asset-1dd622f75992,https://skysend.ru/cache/com_zoo/images/advantages_po_d9bf835a84b33bccce6a272e17fdc6ae.png,,excluded,,,,not-downloaded,excluded,,"Нерелевантный раздел, дубль thumbnail, устаревшая декоративная иконка, промо либо служебная графика. Не входит в комплект для разработки.",,,,download__8.html
,,asset-e41a98e2613b,https://skysend.ru/cache/com_zoo/images/agreement_overdraft_88115612f5b5cd3d0fd369161f7de132.png,,excluded,,,,not-downloaded,excluded,,"Нерелевантный раздел, дубль thumbnail, устаревшая декоративная иконка, промо либо служебная графика. Не входит в комплект для разработки.",,,,download__9.html
,,asset-d9b31d1f6f1c,https://skysend.ru/cache/com_zoo/images/allvend_logo_2d85144e9e8f25f759a55249a35fbe7e.png,,excluded,,,,not-downloaded,excluded,,"Нерелевантный раздел, дубль thumbnail, устаревшая декоративная иконка, промо либо служебная графика. Не входит в комплект для разработки.",,,,download__8.html
,,asset-4c2680770091,https://skysend.ru/cache/com_zoo/images/always_connected_16f5eb0f846c0fcd51dfa37f30be1c2b.png,,excluded,,,,not-downloaded,excluded,,"Нерелевантный раздел, дубль thumbnail, устаревшая декоративная иконка, промо либо служебная графика. Не входит в комплект для разработки.",,,,download__4.html
,,asset-f97326a08eef,https://skysend.ru/cache/com_zoo/images/appearance_cash_cc10a6844ee939c6cb8c66c17aaad4fe.png,,excluded,,,,not-downloaded,excluded,,"Нерелевантный раздел, дубль thumbnail, устаревшая декоративная иконка, промо либо служебная графика. Не входит в комплект для разработки.",,,,download.html
,,asset-99cb645e4df6,https://skysend.ru/cache/com_zoo/images/appearance_f_14bf5bc21ed02f183e319b71108298f1.png,,excluded,,,,not-downloaded,excluded,,"Нерелевантный раздел, дубль thumbnail, устаревшая декоративная иконка, промо либо служебная графика. Не входит в комплект для разработки.",,,,download.html
,,asset-e019cb74e777,https://skysend.ru/cache/com_zoo/images/appearance_ss_618a3421820acd33f2962532edc82d4f.png,,excluded,,,,not-downloaded,excluded,,"Нерелевантный раздел, дубль thumbnail, устаревшая декоративная иконка, промо либо служебная графика. Не входит в комплект для разработки.",,,,download.html
,,asset-5a72e61cdd10,https://skysend.ru/cache/com_zoo/images/assembly_skysend_74ae2de108da36616cdc3edb9f4a6ba6.png,,excluded,,,,not-downloaded,excluded,,"Нерелевантный раздел, дубль thumbnail, устаревшая декоративная иконка, промо либо служебная графика. Не входит в комплект для разработки.",,,,download__9.html
,,asset-d6421b58cad9,https://skysend.ru/cache/com_zoo/images/buy_goods_384c88ef379d8ab41a52bb5c121bd2a0.png,,excluded,,,,not-downloaded,excluded,,"Нерелевантный раздел, дубль thumbnail, устаревшая декоративная иконка, промо либо служебная графика. Не входит в комплект для разработки.",,,,download__7.html
,,asset-902451015b71,https://skysend.ru/cache/com_zoo/images/buy_terminal_chain_e50e9bb0717cd0230002fb4149eb020d.png,,excluded,,,,not-downloaded,excluded,,"Нерелевантный раздел, дубль thumbnail, устаревшая декоративная иконка, промо либо служебная графика. Не входит в комплект для разработки.",,,,download__6.html
,,asset-d01d1bd5b755,https://skysend.ru/cache/com_zoo/images/cloud_server_c033fe7b2cacbc771a68348e1089f5de.png,,excluded,,,,not-downloaded,excluded,,"Нерелевантный раздел, дубль thumbnail, устаревшая декоративная иконка, промо либо служебная графика. Не входит в комплект для разработки.",,,,download__3.html
,,asset-569493adb962,https://skysend.ru/cache/com_zoo/images/cluster_skysend_b3e2ee3394f159882e3128eca93ac6d1.png,,excluded,,,,not-downloaded,excluded,,"Нерелевантный раздел, дубль thumbnail, устаревшая декоративная иконка, промо либо служебная графика. Не входит в комплект для разработки.",,,,download__3.html
,,asset-f35b3a0f47b7,https://skysend.ru/cache/com_zoo/images/comparison_advertising_b3af308dc81f2ceb9b25adefbabfbae5.png,,excluded,,,,not-downloaded,excluded,,"Нерелевантный раздел, дубль thumbnail, устаревшая декоративная иконка, промо либо служебная графика. Не входит в комплект для разработки.",,,,download__6.html
,,asset-31ba0842926b,https://skysend.ru/cache/com_zoo/images/comparison_conditions_62fe353cd35942b63209059ef87261e8.png,,excluded,,,,not-downloaded,excluded,,"Нерелевантный раздел, дубль thumbnail, устаревшая декоративная иконка, промо либо служебная графика. Не входит в комплект для разработки.",,,,download__10.html
,,asset-ad4cda2afbef,https://skysend.ru/cache/com_zoo/images/comparison_fastsys_f08b4c1a3189e3148992ab418e039b34.png,,excluded,,,,not-downloaded,excluded,,"Нерелевантный раздел, дубль thumbnail, устаревшая декоративная иконка, промо либо служебная графика. Не входит в комплект для разработки.",,,,download__9.html
,,asset-63d1de6302bc,https://skysend.ru/cache/com_zoo/images/comparison_skysend_83ffdc8429472df6e3084483e395f2dd.png,,excluded,,,,not-downloaded,excluded,,"Нерелевантный раздел, дубль thumbnail, устаревшая декоративная иконка, промо либо служебная графика. Не входит в комплект для разработки.",,,,download__9.html
,,asset-82158136ba31,https://skysend.ru/cache/com_zoo/images/comparison_types_advertising_80d8783fb357ec03f7afabd7b33a6ac5.png,,excluded,,,,not-downloaded,excluded,,"Нерелевантный раздел, дубль thumbnail, устаревшая декоративная иконка, промо либо служебная графика. Не входит в комплект для разработки.",,,,download__6.html
,,asset-57761edb409a,https://skysend.ru/cache/com_zoo/images/conditions_overdraft_77958f66784b87053ab7e8f839743fb2.png,,excluded,,,,not-downloaded,excluded,,"Нерелевантный раздел, дубль thumbnail, устаревшая декоративная иконка, промо либо служебная графика. Не входит в комплект для разработки.",,,,download__10.html
,,asset-cb8a10119e89,https://skysend.ru/cache/com_zoo/images/connection_provider_9b4168bc9d94d360e16a40265f1e729b.png,,excluded,,,,not-downloaded,excluded,,"Нерелевантный раздел, дубль thumbnail, устаревшая декоративная иконка, промо либо служебная графика. Не входит в комплект для разработки.",,,,download__5.html
,,asset-57169d2cd4f3,https://skysend.ru/cache/com_zoo/images/contract_advertising_fe9bd22b4d8b755c49ec32bfc542ef1e.png,,excluded,,,,not-downloaded,excluded,,"Нерелевантный раздел, дубль thumbnail, устаревшая декоративная иконка, промо либо служебная графика. Не входит в комплект для разработки.",,,,download__10.html
,,asset-13065380d546,https://skysend.ru/cache/com_zoo/images/contract_dealer_4e6e753a3314e2a65b6e8fb213e9886f.png,,excluded,,,,not-downloaded,excluded,,"Нерелевантный раздел, дубль thumbnail, устаревшая декоративная иконка, промо либо служебная графика. Не входит в комплект для разработки.",,,,download__6.html | download__9.html
,,asset-c7209b919e45,https://skysend.ru/cache/com_zoo/images/contract_guarantor_5743413c3d4ed5ecd753f0082be2f216.png,,excluded,,,,not-downloaded,excluded,,"Нерелевантный раздел, дубль thumbnail, устаревшая декоративная иконка, промо либо служебная графика. Не входит в комплект для разработки.",,,,download__7.html | download__8.html
,,asset-9d0fe710a7d3,https://skysend.ru/cache/com_zoo/images/contract_provider_34cdeb98a0f0261803b9c557644a5b3b.png,,excluded,,,,not-downloaded,excluded,,"Нерелевантный раздел, дубль thumbnail, устаревшая декоративная иконка, промо либо служебная графика. Не входит в комплект для разработки.",,,,download__4.html
,,asset-90e1ef79dd62,https://skysend.ru/cache/com_zoo/images/contract_rent_821a0c86ca0bac65600d50dcf0754e9a.png,,excluded,,,,not-downloaded,excluded,,"Нерелевантный раздел, дубль thumbnail, устаревшая декоративная иконка, промо либо служебная графика. Не входит в комплект для разработки.",,,,download__10.html | download__7.html
,,asset-82b767ff6d84,https://skysend.ru/cache/com_zoo/images/contract_shipper_e00a23811c1dbbf8801fb5e579be002b.png,,excluded,,,,not-downloaded,excluded,,"Нерелевантный раздел, дубль thumbnail, устаревшая декоративная иконка, промо либо служебная графика. Не входит в комплект для разработки.",,,,download__10.html
,,asset-3e69170f171f,https://skysend.ru/cache/com_zoo/images/decree_rules_eaccb18b2ce467621edf60f590eb6eed.png,,excluded,,,,not-downloaded,excluded,,"Нерелевантный раздел, дубль thumbnail, устаревшая декоративная иконка, промо либо служебная графика. Не входит в комплект для разработки.",,,,download__11.html
,,asset-27a116b94de4,https://skysend.ru/cache/com_zoo/images/description_fastsys_610efe380516cca7be0335557bf06687.png,,excluded,,,,not-downloaded,excluded,,"Нерелевантный раздел, дубль thumbnail, устаревшая декоративная иконка, промо либо служебная графика. Не входит в комплект для разработки.",,,,download__10.html
,,asset-8b6dedbb5476,https://skysend.ru/cache/com_zoo/images/description_skysend_c2930c69ec106d554c80a223427d5cca.png,,excluded,,,,not-downloaded,excluded,,"Нерелевантный раздел, дубль thumbnail, устаревшая декоративная иконка, промо либо служебная графика. Не входит в комплект для разработки.",,,,download__3.html
,,asset-af715e7e2b93,https://skysend.ru/cache/com_zoo/images/errp_c3b11687b1c474ac0310bc3b9056d5cb.png,,excluded,,,,not-downloaded,excluded,,"Нерелевантный раздел, дубль thumbnail, устаревшая декоративная иконка, промо либо служебная графика. Не входит в комплект для разработки.",,,,download__10.html | download__9.html
,,asset-be4ebfbedc14,https://skysend.ru/cache/com_zoo/images/exploitation_terminal_ba11d8ee083c21d9ab1c30f232dace1b.png,,excluded,,,,not-downloaded,excluded,,"Нерелевантный раздел, дубль thumbnail, устаревшая декоративная иконка, промо либо служебная графика. Не входит в комплект для разработки.",,,,download__8.html
,,asset-e1e934e4aed2,https://skysend.ru/cache/com_zoo/images/fastfood_2ae916aa53d36e4230f88f1e0fdbc066.png,,excluded,,,,not-downloaded,excluded,,"Нерелевантный раздел, дубль thumbnail, устаревшая декоративная иконка, промо либо служебная графика. Не входит в комплект для разработки.",,,,download__3.html
,,asset-792ce5a354c9,https://skysend.ru/cache/com_zoo/images/finer_60f125cff858fc769abb6e1cbc1b80f1.png,,excluded,,,,not-downloaded,excluded,,"Нерелевантный раздел, дубль thumbnail, устаревшая декоративная иконка, промо либо служебная графика. Не входит в комплект для разработки.",,,,download__9.html
,,asset-79ef998296e4,https://skysend.ru/cache/com_zoo/images/flm_218ce8f4c692ce6c543dd0e776f11f5e.png,,excluded,,,,not-downloaded,excluded,,"Нерелевантный раздел, дубль thumbnail, устаревшая декоративная иконка, промо либо служебная графика. Не входит в комплект для разработки.",,,,download.html
,,asset-e7f1ab1be1c4,https://skysend.ru/cache/com_zoo/images/full_offer_agent_6dd7fbe41cd6e33c2d99964f545c55d5.png,,excluded,,,,not-downloaded,excluded,,"Нерелевантный раздел, дубль thumbnail, устаревшая декоративная иконка, промо либо служебная графика. Не входит в комплект для разработки.",,,,download__2.html
,,asset-3a03c2ecd94a,https://skysend.ru/cache/com_zoo/images/functions_dealer_dd6eedaed4c62b3cc8bbfa2e8fc3ed50.png,,excluded,,,,not-downloaded,excluded,,"Нерелевантный раздел, дубль thumbnail, устаревшая декоративная иконка, промо либо служебная графика. Не входит в комплект для разработки.",,,,download__3.html
,,asset-d03d507b7078,https://skysend.ru/cache/com_zoo/images/gateway_payment_be5acf9972bcf506dd9e6cc4473bfefd.png,,excluded,,,,not-downloaded,excluded,,"Нерелевантный раздел, дубль thumbnail, устаревшая декоративная иконка, промо либо служебная графика. Не входит в комплект для разработки.",,,,download.html
,,asset-9d2b7d9c491c,https://skysend.ru/cache/com_zoo/images/icon_about_company_553327074516e254981e52f65987a2c3.png,,excluded,,,,not-downloaded,excluded,,"Нерелевантный раздел, дубль thumbnail, устаревшая декоративная иконка, промо либо служебная графика. Не входит в комплект для разработки.",,,,download__3.html
,,asset-55ad9ab5f29a,https://skysend.ru/cache/com_zoo/images/icon_contract_agent_4cd76d798b0dbb24199c291952a280aa.png,,excluded,,,,not-downloaded,excluded,,"Нерелевантный раздел, дубль thumbnail, устаревшая декоративная иконка, промо либо служебная графика. Не входит в комплект для разработки.",,,,download__10.html
,,asset-60311f7035f2,https://skysend.ru/cache/com_zoo/images/icon_contract_agent_supplier_9131897e37ba47da5e3d5b587def9d41.png,,excluded,,,,not-downloaded,excluded,,"Нерелевантный раздел, дубль thumbnail, устаревшая декоративная иконка, промо либо служебная графика. Не входит в комплект для разработки.",,,,download__10.html
,,asset-c7636f5aa322,https://skysend.ru/cache/com_zoo/images/infokioski_d78fdc1e0eac09a28b8b70e79726b8ed.png,,excluded,,,,not-downloaded,excluded,,"Нерелевантный раздел, дубль thumbnail, устаревшая декоративная иконка, промо либо служебная графика. Не входит в комплект для разработки.",,,,download__3.html
,,asset-cd5a64f525d5,https://skysend.ru/cache/com_zoo/images/instruction_devices_9cf6d18249153bfc724f41bc85fd80c2.png,,excluded,,,,not-downloaded,excluded,,"Нерелевантный раздел, дубль thumbnail, устаревшая декоративная иконка, промо либо служебная графика. Не входит в комплект для разработки.",,,,download__4.html
,,asset-9e75e462a6f2,https://skysend.ru/cache/com_zoo/images/instruction_downloads_logs_dfa8886cdafff45f720feed1c0bd321f.png,,excluded,,,,not-downloaded,excluded,,"Нерелевантный раздел, дубль thumbnail, устаревшая декоративная иконка, промо либо служебная графика. Не входит в комплект для разработки.",,,,download__2.html
,,asset-9e4ad0532d97,https://skysend.ru/cache/com_zoo/images/instruction_fill_reference_1072392affb3b93be995e6723be5d50a.png,,excluded,,,,not-downloaded,excluded,,"Нерелевантный раздел, дубль thumbnail, устаревшая декоративная иконка, промо либо служебная графика. Не входит в комплект для разработки.",,,,download__4.html
,,asset-ec3aef9ef435,https://skysend.ru/cache/com_zoo/images/instruction_fiscal_server_242cb1293c7132b0682ba3d9fc0c7530.png,,excluded,,,,not-downloaded,excluded,,"Нерелевантный раздел, дубль thumbnail, устаревшая декоративная иконка, промо либо служебная графика. Не входит в комплект для разработки.",,,,download__7.html
,,asset-2c24ddb85691,https://skysend.ru/cache/com_zoo/images/instruction_nanoprotech_f01b0cac34c5d49f53337308564f6b2b.png,,excluded,,,,not-downloaded,excluded,,"Нерелевантный раздел, дубль thumbnail, устаревшая декоративная иконка, промо либо служебная графика. Не входит в комплект для разработки.",,,,download__6.html
,,asset-70eef3fa69d6,https://skysend.ru/cache/com_zoo/images/instruction_order_sale_3b98badf2166073797809df8e394dd88.png,,excluded,,,,not-downloaded,excluded,,"Нерелевантный раздел, дубль thumbnail, устаревшая декоративная иконка, промо либо служебная графика. Не входит в комплект для разработки.",,,,download__4.html
,,asset-44176d262bcf,https://skysend.ru/cache/com_zoo/images/instruction_rma_a56b2fa59893c3a0786936ac9d73433e.png,,excluded,,,,not-downloaded,excluded,,"Нерелевантный раздел, дубль thumbnail, устаревшая декоративная иконка, промо либо служебная графика. Не входит в комплект для разработки.",,,,download__8.html
,,asset-b0d3840f16be,https://skysend.ru/cache/com_zoo/images/instruction_rma_android_e36015dabf163af9922695c2b0bce2c8.png,,excluded,,,,not-downloaded,excluded,,"Нерелевантный раздел, дубль thumbnail, устаревшая декоративная иконка, промо либо служебная графика. Не входит в комплект для разработки.",,,,download__4.html
,,asset-be4ac39b08d3,https://skysend.ru/cache/com_zoo/images/list_po_47932b5fe1b5baf4ca67d8bbfdb3f43b.png,,excluded,,,,not-downloaded,excluded,,"Нерелевантный раздел, дубль thumbnail, устаревшая декоративная иконка, промо либо служебная графика. Не входит в комплект для разработки.",,,,download__2.html
,,asset-dd7ada323383,https://skysend.ru/cache/com_zoo/images/logotip_gk_d41683612169990e6b300d67fa47af67.png,,excluded,,,,not-downloaded,excluded,,"Нерелевантный раздел, дубль thumbnail, устаревшая декоративная иконка, промо либо служебная графика. Не входит в комплект для разработки.",,,,download__10.html | download__9.html
,,asset-70cf9f9f91a2,https://skysend.ru/cache/com_zoo/images/memo_income_agent_bb5fe8ca34dafde459067d2241c33aa6.png,,excluded,,,,not-downloaded,excluded,,"Нерелевантный раздел, дубль thumbnail, устаревшая декоративная иконка, промо либо служебная графика. Не входит в комплект для разработки.",,,,download__8.html | download__9.html
,,asset-a03115602cea,https://skysend.ru/cache/com_zoo/images/nanoprotech_fbcb269cdb0a177e98025babd5ba1930.png,,excluded,,,,not-downloaded,excluded,,"Нерелевантный раздел, дубль thumbnail, устаревшая декоративная иконка, промо либо служебная графика. Не входит в комплект для разработки.",,,,download__5.html
,,asset-4112dbe3b498,https://skysend.ru/cache/com_zoo/images/offer_advertiser_c251b45cce2d8253eac15e989c22f9d6.png,,excluded,,,,not-downloaded,excluded,,"Нерелевантный раздел, дубль thumbnail, устаревшая декоративная иконка, промо либо служебная графика. Не входит в комплект для разработки.",,,,download.html
,,asset-367ae1c6ad83,https://skysend.ru/cache/com_zoo/images/offer_agent_d9d927686f47091e09afb5fcf853534c.png,,excluded,,,,not-downloaded,excluded,,"Нерелевантный раздел, дубль thumbnail, устаревшая декоративная иконка, промо либо служебная графика. Не входит в комплект для разработки.",,,,download__5.html
,,asset-3da8a77cc637,https://skysend.ru/cache/com_zoo/images/offer_dealer_e5ad85c56d6899a2d316ec224cd32c56.png,,excluded,,,,not-downloaded,excluded,,"Нерелевантный раздел, дубль thumbnail, устаревшая декоративная иконка, промо либо служебная графика. Не входит в комплект для разработки.",,,,download__5.html
,,asset-dfeffe700a28,https://skysend.ru/cache/com_zoo/images/offer_po_42f732a282b2814970d5fd38cbd687b3.png,,excluded,,,,not-downloaded,excluded,,"Нерелевантный раздел, дубль thumbnail, устаревшая декоративная иконка, промо либо служебная графика. Не входит в комплект для разработки.",,,,download__2.html
,,asset-015469b1bbf1,https://skysend.ru/cache/com_zoo/images/overdraft_application_2d514d768147b66bc984481044703fea.png,,excluded,,,,not-downloaded,excluded,,"Нерелевантный раздел, дубль thumbnail, устаревшая декоративная иконка, промо либо служебная графика. Не входит в комплект для разработки.",,,,download__7.html
,,asset-cba1e3ad7d51,https://skysend.ru/cache/com_zoo/images/partner_advertising_eb6168a9964d49054cbb630e20740d3f.png,,excluded,,,,not-downloaded,excluded,,"Нерелевантный раздел, дубль thumbnail, устаревшая декоративная иконка, промо либо служебная графика. Не входит в комплект для разработки.",,,,download__5.html
,,asset-b263acb3eed8,https://skysend.ru/cache/com_zoo/images/partnership_provider_971f86bd2bbb030f85674c8a57708cb5.png,,excluded,,,,not-downloaded,excluded,,"Нерелевантный раздел, дубль thumbnail, устаревшая декоративная иконка, промо либо служебная графика. Не входит в комплект для разработки.",,,,download__4.html
,,asset-e0d11191a5fe,https://skysend.ru/cache/com_zoo/images/pdf_d460d52e6b3c459833b95a79d71c73ce.png,,excluded,,,,not-downloaded,excluded,,"Нерелевантный раздел, дубль thumbnail, устаревшая декоративная иконка, промо либо служебная графика. Не входит в комплект для разработки.",,,,download__6.html | download__7.html
,,asset-7c0b23c84b00,https://skysend.ru/cache/com_zoo/images/preprocessing_59cff45b6d6f51180006852bba610525.png,,excluded,,,,not-downloaded,excluded,,"Нерелевантный раздел, дубль thumbnail, устаревшая декоративная иконка, промо либо служебная графика. Не входит в комплект для разработки.",,,,download__6.html
,,asset-e7d2ab4973a7,https://skysend.ru/cache/com_zoo/images/presentation_advertising_262cc929388f36a16dc83d0f35f56c07.png,,excluded,,,,not-downloaded,excluded,,"Нерелевантный раздел, дубль thumbnail, устаревшая декоративная иконка, промо либо служебная графика. Не входит в комплект для разработки.",,,,download__3.html
,,asset-c55ea0354e0d,https://skysend.ru/cache/com_zoo/images/presentation_videoadvertising_d5eb997f9650195d09236c0a67b84bfc.png,,excluded,,,,not-downloaded,excluded,,"Нерелевантный раздел, дубль thumbnail, устаревшая декоративная иконка, промо либо служебная графика. Не входит в комплект для разработки.",,,,download__6.html
,,asset-356daa0d32a6,https://skysend.ru/cache/com_zoo/images/price_fastpay_455f68ed10da1d07c75ecd5d87d7d2cd.jpg,,excluded,,,,not-downloaded,excluded,,"Нерелевантный раздел, дубль thumbnail, устаревшая декоративная иконка, промо либо служебная графика. Не входит в комплект для разработки.",,,,download__7.html
,,asset-ae15538170bc,https://skysend.ru/cache/com_zoo/images/price_services_832bde3840a966f56360c28b53114992.png,,excluded,,,,not-downloaded,excluded,,"Нерелевантный раздел, дубль thumbnail, устаревшая декоративная иконка, промо либо служебная графика. Не входит в комплект для разработки.",,,,download__10.html | download__9.html
,,asset-fab07e3b908f,https://skysend.ru/cache/com_zoo/images/processing_providers_036b7647f166bbc0709cacb5e99cdf3b.png,,excluded,,,,not-downloaded,excluded,,"Нерелевантный раздел, дубль thumbnail, устаревшая декоративная иконка, промо либо служебная графика. Не входит в комплект для разработки.",,,,download__6.html
,,asset-18555fd13201,https://skysend.ru/cache/com_zoo/images/profit_2b4d3f94ea11dc51a003177823bb1672.png,,excluded,,,,not-downloaded,excluded,,"Нерелевантный раздел, дубль thumbnail, устаревшая декоративная иконка, промо либо служебная графика. Не входит в комплект для разработки.",,,,download.html
,,asset-9ec1d516b26e,https://skysend.ru/cache/com_zoo/images/regulations_advertising_b800ad9360b32d3bfb516a02af76b15a.png,,excluded,,,,not-downloaded,excluded,,"Нерелевантный раздел, дубль thumbnail, устаревшая декоративная иконка, промо либо служебная графика. Не входит в комплект для разработки.",,,,download__5.html
,,asset-30b1c9ec7607,https://skysend.ru/cache/com_zoo/images/regulations_dealer_0667a02fcfe572864d81fcafd0fc4b60.png,,excluded,,,,not-downloaded,excluded,,"Нерелевантный раздел, дубль thumbnail, устаревшая декоративная иконка, промо либо служебная графика. Не входит в комплект для разработки.",,,,download__4.html
,,asset-fb1474c4263d,https://skysend.ru/cache/com_zoo/images/regulations_support_9e682cf550e2935dcfbf58e5a168f91d.png,,excluded,,,,not-downloaded,excluded,,"Нерелевантный раздел, дубль thumbnail, устаревшая декоративная иконка, промо либо служебная графика. Не входит в комплект для разработки.",,,,download__5.html
,,asset-cddd33e01d60,https://skysend.ru/cache/com_zoo/images/regulations_training_dealer_aa699c77e8d82d757e2e47a87346a826.png,,excluded,,,,not-downloaded,excluded,,"Нерелевантный раздел, дубль thumbnail, устаревшая декоративная иконка, промо либо служебная графика. Не входит в комплект для разработки.",,,,download__5.html
,,asset-868d6ecc396a,https://skysend.ru/cache/com_zoo/images/rules_of_the_skysend_00d0afcfcdbabd90724f2f2502b9c492.png,,excluded,,,,not-downloaded,excluded,,"Нерелевантный раздел, дубль thumbnail, устаревшая декоративная иконка, промо либо служебная графика. Не входит в комплект для разработки.",,,,download__11.html
,,asset-c4450042f3f7,https://skysend.ru/cache/com_zoo/images/rules_of_the_skysend_3d393926fe300beeebbdc40828b0ed64.png,,excluded,,,,not-downloaded,excluded,,"Нерелевантный раздел, дубль thumbnail, устаревшая декоративная иконка, промо либо служебная графика. Не входит в комплект для разработки.",,,,pravila-sistemy.html
,,asset-3bf702e468b0,https://skysend.ru/cache/com_zoo/images/screenshots_fastsys_df16e5047cd3e7faae0384b4700cf4fc.png,,excluded,,,,not-downloaded,excluded,,"Нерелевантный раздел, дубль thumbnail, устаревшая декоративная иконка, промо либо служебная графика. Не входит в комплект для разработки.",,,,download__8.html
,,asset-64156cafceed,https://skysend.ru/cache/com_zoo/images/skrin_activities_1157212da9b0e929d4e4761a4120747b.png,,excluded,,,,not-downloaded,excluded,,"Нерелевантный раздел, дубль thumbnail, устаревшая декоративная иконка, промо либо служебная графика. Не входит в комплект для разработки.",,,,download__8.html
,,asset-8a937388bd47,https://skysend.ru/cache/com_zoo/images/skrin_cpp_78bce1e472dedb47767e1f121017a75f.png,,excluded,,,,not-downloaded,excluded,,"Нерелевантный раздел, дубль thumbnail, устаревшая декоративная иконка, промо либо служебная графика. Не входит в комплект для разработки.",,,,download__3.html
,,asset-5be264045bf6,https://skysend.ru/cache/com_zoo/images/skrin_finger_0e31aa776b8c23eacd2a2f0a58506e02.png,,excluded,,,,not-downloaded,excluded,,"Нерелевантный раздел, дубль thumbnail, устаревшая декоративная иконка, промо либо служебная графика. Не входит в комплект для разработки.",,,,download__3.html
,,asset-9bc997393f9d,https://skysend.ru/cache/com_zoo/images/skrin_instruction_programming_fw_writer_10fe6f57318305d659aaa558f0c3f363.png,,excluded,,,,not-downloaded,excluded,,"Нерелевантный раздел, дубль thumbnail, устаревшая декоративная иконка, промо либо служебная графика. Не входит в комплект для разработки.",,,,download.html
,,asset-f5afcca7daab,"https://skysend.ru/cache/com_zoo/images/skrin_logotip_skymarket1,5x1_2eac90ac97117bb173090bcb99c705c9.png",,excluded,,,,not-downloaded,excluded,,"Нерелевантный раздел, дубль thumbnail, устаревшая декоративная иконка, промо либо служебная графика. Не входит в комплект для разработки.",,,,download__3.html
,,asset-10645e969f75,https://skysend.ru/cache/com_zoo/images/skrin_logotip_skymarket_3x1_813633059d486a5c32059a88f8a9d17f.png,,excluded,,,,not-downloaded,excluded,,"Нерелевантный раздел, дубль thumbnail, устаревшая декоративная иконка, промо либо служебная графика. Не входит в комплект для разработки.",,,,download__2.html
,,asset-88778148140d,https://skysend.ru/cache/com_zoo/images/skrin_logotip_skymarket_CDR_corelDRAW_322e0497bea7e4c26d87ea6a24ab713c.png,,excluded,,,,not-downloaded,excluded,,"Нерелевантный раздел, дубль thumbnail, устаревшая декоративная иконка, промо либо служебная графика. Не входит в комплект для разработки.",,,,download__2.html
,,asset-dc98175c06cd,https://skysend.ru/cache/com_zoo/images/skrin_logotip_skysend_b42724fac21c433b31179f6b5bf6f482.png,,excluded,,,,not-downloaded,excluded,,"Нерелевантный раздел, дубль thumbnail, устаревшая декоративная иконка, промо либо служебная графика. Не входит в комплект для разработки.",,,,download__4.html | download__9.html
,,asset-858bb237fa62,https://skysend.ru/cache/com_zoo/images/skrin_php_7c18b97bdd05778b4b64fd2be37f445f.png,,excluded,,,,not-downloaded,excluded,,"Нерелевантный раздел, дубль thumbnail, устаревшая декоративная иконка, промо либо служебная графика. Не входит в комплект для разработки.",,,,download__6.html
,,asset-c9778afa5036,https://skysend.ru/cache/com_zoo/images/skrin_po_9fb79d88bb466da7e7ba5648e3b2bb4c.png,,excluded,,,,not-downloaded,excluded,,"Нерелевантный раздел, дубль thumbnail, устаревшая декоративная иконка, промо либо служебная графика. Не входит в комплект для разработки.",,,,download__8.html
,,asset-71dd523b71f1,https://skysend.ru/cache/com_zoo/images/skrin_po_pos_996f793f5447249d3892c5bca8a5f0e3.png,,excluded,,,,not-downloaded,excluded,,"Нерелевантный раздел, дубль thumbnail, устаревшая декоративная иконка, промо либо служебная графика. Не входит в комплект для разработки.",,,,download__10.html
,,asset-bc9d1fa1ba9e,https://skysend.ru/cache/com_zoo/images/skrin_present_65d2ee5ea7dcbaed7ef4706938622a31.png,,excluded,,,,not-downloaded,excluded,,"Нерелевантный раздел, дубль thumbnail, устаревшая декоративная иконка, промо либо служебная графика. Не входит в комплект для разработки.",,,,download__3.html
,,asset-94a4ee722fa8,https://skysend.ru/cache/com_zoo/images/skrin_promised_payment_bef380bbd7f40d23b98baa6e244d6181.png,,excluded,,,,not-downloaded,excluded,,"Нерелевантный раздел, дубль thumbnail, устаревшая декоративная иконка, промо либо служебная графика. Не входит в комплект для разработки.",,,,download__5.html
,,asset-e76e1e750327,https://skysend.ru/cache/com_zoo/images/skrin_protokol_4e7f7521fb2fc9924463bee514db7271.png,,excluded,,,,not-downloaded,excluded,,"Нерелевантный раздел, дубль thumbnail, устаревшая декоративная иконка, промо либо служебная графика. Не входит в комплект для разработки.",,,,download__4.html
,,asset-37862ffa4266,https://skysend.ru/cache/com_zoo/images/skrin_rma_7d28a4fc3dde3f64e2398268b5eff9ac.png,,excluded,,,,not-downloaded,excluded,,"Нерелевантный раздел, дубль thumbnail, устаревшая декоративная иконка, промо либо служебная графика. Не входит в комплект для разработки.",,,,download.html
,,asset-8f88a412f956,https://skysend.ru/cache/com_zoo/images/skrin_rma_anroid_8172d397b712458b9315453c761f6356.png,,excluded,,,,not-downloaded,excluded,,"Нерелевантный раздел, дубль thumbnail, устаревшая декоративная иконка, промо либо служебная графика. Не входит в комплект для разработки.",,,,download.html
,,asset-9540afd24aca,https://skysend.ru/cache/com_zoo/images/skrin_service_mode_091686049adb9fcf74a945e3ab0620df.png,,excluded,,,,not-downloaded,excluded,,"Нерелевантный раздел, дубль thumbnail, устаревшая декоративная иконка, промо либо служебная графика. Не входит в комплект для разработки.",,,,download__2.html
,,asset-389281f18b05,https://skysend.ru/cache/com_zoo/images/skrin_supported_devices_6d25c3f6cae135229c13c55190542fd1.png,,excluded,,,,not-downloaded,excluded,,"Нерелевантный раздел, дубль thumbnail, устаревшая декоративная иконка, промо либо служебная графика. Не входит в комплект для разработки.",,,,download__6.html
,,asset-2a8541613a00,https://skysend.ru/cache/com_zoo/images/skrin_telegram_b057504b64e83ac3b80ab4b03014f15b.png,,excluded,,,,not-downloaded,excluded,,"Нерелевантный раздел, дубль thumbnail, устаревшая декоративная иконка, промо либо служебная графика. Не входит в комплект для разработки.",,,,download__7.html
,,asset-affcd5027e28,https://skysend.ru/cache/com_zoo/images/slm_853a9577e582901ea69471ffb4c661b1.png,,excluded,,,,not-downloaded,excluded,,"Нерелевантный раздел, дубль thumbnail, устаревшая декоративная иконка, промо либо служебная графика. Не входит в комплект для разработки.",,,,download__2.html
,,asset-3587982d3eec,https://skysend.ru/cache/com_zoo/images/soft_fa9d69779ee64aca5709b7b1ad1e7703.png,,excluded,,,,not-downloaded,excluded,,"Нерелевантный раздел, дубль thumbnail, устаревшая декоративная иконка, промо либо служебная графика. Не входит в комплект для разработки.",,,,download__4.html
,,asset-79bd2585b023,https://skysend.ru/cache/com_zoo/images/sphere_of_activity_dealer_d688204ed36cf2d10c4d8054801ba957.png,,excluded,,,,not-downloaded,excluded,,"Нерелевантный раздел, дубль thumbnail, устаревшая декоративная иконка, промо либо служебная графика. Не входит в комплект для разработки.",,,,download__5.html
,,asset-3b87d9f8a5df,https://skysend.ru/cache/com_zoo/images/start_dealer_2e0d26a40b0d7d0da666bf5abf63104b.png,,excluded,,,,not-downloaded,excluded,,"Нерелевантный раздел, дубль thumbnail, устаревшая декоративная иконка, промо либо служебная графика. Не входит в комплект для разработки.",,,,download__4.html
,,asset-17533379dc28,https://skysend.ru/cache/com_zoo/images/statement_analytical_reference_bb6194fcc50e1d3957ce6d35c52a1a4a.png,,excluded,,,,not-downloaded,excluded,,"Нерелевантный раздел, дубль thumbnail, устаревшая декоративная иконка, промо либо служебная графика. Не входит в комплект для разработки.",,,,download__9.html
,,asset-8b7182bd7b2b,https://skysend.ru/cache/com_zoo/images/statement_check_c27340404d82119f899169c169740af3.png,,excluded,,,,not-downloaded,excluded,,"Нерелевантный раздел, дубль thumbnail, устаревшая декоративная иконка, промо либо служебная графика. Не входит в комплект для разработки.",,,,download__7.html
,,asset-a6578c308e8b,https://skysend.ru/cache/com_zoo/images/statement_correction_0774f3ba473fe015ba8274802cce2933.png,,excluded,,,,not-downloaded,excluded,,"Нерелевантный раздел, дубль thumbnail, устаревшая декоративная иконка, промо либо служебная графика. Не входит в комплект для разработки.",,,,download__8.html
,,asset-71357b9d66cc,https://skysend.ru/cache/com_zoo/images/statement_credit_98323f7ff995b54efe3a20c4aea9ba48.png,,excluded,,,,not-downloaded,excluded,,"Нерелевантный раздел, дубль thumbnail, устаревшая декоративная иконка, промо либо служебная графика. Не входит в комплект для разработки.",,,,download.html
,,asset-83f83b0d1df5,https://skysend.ru/cache/com_zoo/images/statement_fiscal_register_be79886ea465261b6d8f08c84cf16261.png,,excluded,,,,not-downloaded,excluded,,"Нерелевантный раздел, дубль thumbnail, устаревшая декоративная иконка, промо либо служебная графика. Не входит в комплект для разработки.",,,,download__7.html
,,asset-a0bc639bbde9,https://skysend.ru/cache/com_zoo/images/statement_pkp_58ee44180d65195d7a8382add6a1431f.png,,excluded,,,,not-downloaded,excluded,,"Нерелевантный раздел, дубль thumbnail, устаревшая декоративная иконка, промо либо служебная графика. Не входит в комплект для разработки.",,,,download__2.html
,,asset-715e8adcc82d,https://skysend.ru/cache/com_zoo/images/statement_technical_analysis_22fd6fb93ee2ad77168cf8d9328b4804.png,,excluded,,,,not-downloaded,excluded,,"Нерелевантный раздел, дубль thumbnail, устаревшая декоративная иконка, промо либо служебная графика. Не входит в комплект для разработки.",,,,download__6.html
image/png,False,asset-1ae028f8065c,https://skysend.ru/images/Logotip_SkyMarket_15x1.png,assets/originals/Logotip_SkyMarket_15x1.png,brand,1301,910,102660,verified,approved-original,global.brand / software.brand,Официальный оригинал. Для SkySend предпочтителен logotip_skysend.svg; не обводить растр заново.,48b3e0957e328e4d46605396a6d5b017b1b07a72db2b5679750789ffb0f75bf6,,,partners__suppliers__connectingto-finger.html | partners__suppliers__connectingto-skysend.html | partners__suppliers__directory-of-products.html | partners__suppliers__ease-of-interaction.html | partners__suppliers__freeconnection.html | partners__suppliers__increase-sales.html | partners__suppliers__integration-in-xml.html | partners__suppliers__sales-network-products.html | partners__suppliers__work-in-the-office.html
image/jpeg,False,asset-140d08e33742,https://skysend.ru/images/Shema-klasternoy-sistemy-SkySend.jpeg,assets/originals/Shema-klasternoy-sistemy-SkySend.jpeg,architecture-reference,3508,2478,876881,verified,reference-only,software.xml / partners.providers,Историческая схема для проверки смысла. Перерисовать в простую SVG схему с текстовым эквивалентом; не публиковать неподтверждённую актуальную топологию.,6d263b2ce6103decbebf5e2404e76ec606cd946f9a288954654f9c743d32df8a,,,partners__providers__automate-reporting.html | partners__providers__connecting-to-finger.html | partners__providers__connecting-to-skysend.html | partners__providers__free-connection.html | partners__providers__high-speed.html | partners__providers__partnership.html | partners__providers__payment-collection.html | partners__providers__placing-terminals.html | partners__providers__privacy-policy.html
,,asset-be75797dad48,https://skysend.ru/images/Sky/24h.png,,excluded,,,,not-downloaded,excluded,,"Нерелевантный раздел, дубль thumbnail, устаревшая декоративная иконка, промо либо служебная графика. Не входит в комплект для разработки.",,,,benefits__online-support.html | partners__gateway__round-the-clock-support.html
,,asset-3a6e1bc67ea0,https://skysend.ru/images/Sky/check.png,,excluded,,,,not-downloaded,excluded,,"Нерелевантный раздел, дубль thumbnail, устаревшая декоративная иконка, промо либо служебная графика. Не входит в комплект для разработки.",,,,partners__advertisers__advertising-on-the-check.html
,,asset-054cd029bee2,https://skysend.ru/images/Sky/fast.png,,excluded,,,,not-downloaded,excluded,,"Нерелевантный раздел, дубль thumbnail, устаревшая декоративная иконка, промо либо служебная графика. Не входит в комплект для разработки.",,,,partners__gateway__connect-providers.html | partners__gateway__quick-start.html
,,asset-7da5a5d5acdb,https://skysend.ru/images/Sky/instagram-logo.png,,excluded,,,,not-downloaded,excluded,,"Нерелевантный раздел, дубль thumbnail, устаревшая декоративная иконка, промо либо служебная графика. Не входит в комплект для разработки.",,,,about.html | about__feedback.html | about__geografiy.html | about__history.html | about__jobs.html | about__leaders.html | about__leaders__belyaeva-olga-konstantinovna.html | about__leaders__ignatev-alexey-nikolaevich.html | about__leaders__lifanova-natalya-vladimirovna.html | about__leaders__starodub-igor-vladimirovich.html | about__leaders__stepina-anna-anatolevna.html | about__news.html | about__news__201-business-mission-az.html | about__news__202-support-older-versions.html | about__news__203-connecting-terminals.html | about__news__205-18.html | about__news__76-sweetstock.html | about__our-goals.html | about__providers.html | allvend.html | autorally.html | benefits.html | benefits__exclusive-innovations.html | benefits__highest-award.html | benefits__lower-costs.html | benefits__online-support.html | benefits__protection-of-data.html | benefits__stable-job.html | benefits__the-high-speed.html | buy.html | buy__accessories.html | buy__accessories__acceptor.html | buy__accessories__fiscal-registrars.html | buy__accessories__hardware.html | buy__accessories__modems.html | buy__accessories__other-parts.html | buy__accessories__printers.html | buy__accessories__touch-screens-and-monitors.html | buy__fingerprint.html | buy__fiscal-server.html | buy__flash-drives.html | buy__payment-terminals.html | component__k2__item__16__411c1b7a.html | download.html | download__10.html | download__11.html | download__2.html | download__3.html | download__4.html | download__5.html | download__6.html | download__7.html | download__8.html | download__9.html | home.html | partners.html | partners__advertisers__advertising-on-the-check.html | partners__advertisers__efficiency.html | partners__advertisers__information.html | partners__advertisers__online-sms-delivery.html | partners__advertisers__partnerships.html | partners__advertisers__price.html | partners__advertisers__statistics-shows.html | partners__advertisers__targeting.html | partners__advertisers__videoadvertising.html | partners__agent__buy-terminals.html | partners__agent__cost-reduction.html | partners__agent__fingerprint-scanner.html | partners__agent__income.html | partners__agent__information.html | partners__agent__innovation.html | partners__agent__remote-control.html | partners__agent__rma.html | partners__agent__stable-work.html | partners__agent__transfer-terminal.html | partners__gateway__buy-terminal.html | partners__gateway__connect-providers.html | partners__gateway__high-reward.html | partners__gateway__highspeed.html | partners__gateway__information.html | partners__gateway__operator-point.html | partners__gateway__quick-start.html | partners__gateway__round-the-clock-support.html | partners__gateway__translate-terminal.html | partners__gateway__xml.html | partners__providers__automate-reporting.html | partners__providers__connecting-to-finger.html | partners__providers__connecting-to-skysend.html | partners__providers__free-connection.html | partners__providers__high-speed.html | partners__providers__information.html | partners__providers__partnership.html | partners__providers__payment-collection.html | partners__providers__placing-terminals.html | partners__providers__privacy-policy.html | partners__representatives__cashier-in-the-region.html | partners__representatives__connecting-players.html | partners__representatives__dealer-discounts.html | partners__representatives__exclusivity-in-the-region.html | partners__representatives__items-of-income.html | partners__representatives__mastering-directions.html | partners__representatives__predstavitelyam.html | partners__representatives__publication-of-information.html | partners__representatives__running-banks-fps.html | partners__suppliers__connectingto-finger.html | partners__suppliers__connectingto-skysend.html | partners__suppliers__directory-of-products.html | partners__suppliers__ease-of-interaction.html | partners__suppliers__freeconnection.html | partners__suppliers__increase-sales.html | partners__suppliers__information.html | partners__suppliers__integration-in-xml.html | partners__suppliers__sales-network-products.html | partners__suppliers__work-in-the-office.html | pravila-sistemy.html | program.html | program__finger.html | program__rma-android.html | program__rma-pc.html | program__software-for-pos-terminal.html | program__terminal-software.html | program__xml-gateway.html
,,asset-b65165691dec,https://skysend.ru/images/Sky/kontakt/ignatiev.jpg,,excluded,,,,not-downloaded,excluded,,"Нерелевантный раздел, дубль thumbnail, устаревшая декоративная иконка, промо либо служебная графика. Не входит в комплект для разработки.",,,,about__leaders.html | about__leaders__ignatev-alexey-nikolaevich.html
,,asset-bfd866e84fb4,https://skysend.ru/images/Sky/kontakt/stepina.jpg,,excluded,,,,not-downloaded,excluded,,"Нерелевантный раздел, дубль thumbnail, устаревшая декоративная иконка, промо либо служебная графика. Не входит в комплект для разработки.",,,,about__leaders.html | about__leaders__stepina-anna-anatolevna.html
,,asset-f9434f50c485,https://skysend.ru/images/Sky/logo_finger.png,,excluded,,,,not-downloaded,excluded,,"Нерелевантный раздел, дубль thumbnail, устаревшая декоративная иконка, промо либо служебная графика. Не входит в комплект для разработки.",,,,about.html | about__feedback.html | about__geografiy.html | about__history.html | about__jobs.html | about__leaders.html | about__leaders__belyaeva-olga-konstantinovna.html | about__leaders__ignatev-alexey-nikolaevich.html | about__leaders__lifanova-natalya-vladimirovna.html | about__leaders__starodub-igor-vladimirovich.html | about__leaders__stepina-anna-anatolevna.html | about__news.html | about__news__201-business-mission-az.html | about__news__202-support-older-versions.html | about__news__203-connecting-terminals.html | about__news__205-18.html | about__news__76-sweetstock.html | about__our-goals.html | about__providers.html | allvend.html | autorally.html | benefits.html | benefits__exclusive-innovations.html | benefits__highest-award.html | benefits__lower-costs.html | benefits__online-support.html | benefits__protection-of-data.html | benefits__stable-job.html | benefits__the-high-speed.html | buy.html | buy__accessories.html | buy__accessories__acceptor.html | buy__accessories__fiscal-registrars.html | buy__accessories__hardware.html | buy__accessories__modems.html | buy__accessories__other-parts.html | buy__accessories__printers.html | buy__accessories__touch-screens-and-monitors.html | buy__fingerprint.html | buy__fiscal-server.html | buy__flash-drives.html | buy__payment-terminals.html | component__k2__item__16__411c1b7a.html | download.html | download__10.html | download__11.html | download__2.html | download__3.html | download__4.html | download__5.html | download__6.html | download__7.html | download__8.html | download__9.html | home.html | partners.html | partners__advertisers__advertising-on-the-check.html | partners__advertisers__efficiency.html | partners__advertisers__information.html | partners__advertisers__online-sms-delivery.html | partners__advertisers__partnerships.html | partners__advertisers__price.html | partners__advertisers__statistics-shows.html | partners__advertisers__targeting.html | partners__advertisers__videoadvertising.html | partners__agent__buy-terminals.html | partners__agent__cost-reduction.html | partners__agent__fingerprint-scanner.html | partners__agent__income.html | partners__agent__information.html | partners__agent__innovation.html | partners__agent__remote-control.html | partners__agent__rma.html | partners__agent__stable-work.html | partners__agent__transfer-terminal.html | partners__gateway__buy-terminal.html | partners__gateway__connect-providers.html | partners__gateway__high-reward.html | partners__gateway__highspeed.html | partners__gateway__information.html | partners__gateway__operator-point.html | partners__gateway__quick-start.html | partners__gateway__round-the-clock-support.html | partners__gateway__translate-terminal.html | partners__gateway__xml.html | partners__providers__automate-reporting.html | partners__providers__connecting-to-finger.html | partners__providers__connecting-to-skysend.html | partners__providers__free-connection.html | partners__providers__high-speed.html | partners__providers__information.html | partners__providers__partnership.html | partners__providers__payment-collection.html | partners__providers__placing-terminals.html | partners__providers__privacy-policy.html | partners__representatives__cashier-in-the-region.html | partners__representatives__connecting-players.html | partners__representatives__dealer-discounts.html | partners__representatives__exclusivity-in-the-region.html | partners__representatives__items-of-income.html | partners__representatives__mastering-directions.html | partners__representatives__predstavitelyam.html | partners__representatives__publication-of-information.html | partners__representatives__running-banks-fps.html | partners__suppliers__connectingto-finger.html | partners__suppliers__connectingto-skysend.html | partners__suppliers__directory-of-products.html | partners__suppliers__ease-of-interaction.html | partners__suppliers__freeconnection.html | partners__suppliers__increase-sales.html | partners__suppliers__information.html | partners__suppliers__integration-in-xml.html | partners__suppliers__sales-network-products.html | partners__suppliers__work-in-the-office.html | pravila-sistemy.html | program.html | program__finger.html | program__rma-android.html | program__rma-pc.html | program__software-for-pos-terminal.html | program__terminal-software.html | program__xml-gateway.html
,,asset-a6714ea8006c,https://skysend.ru/images/Sky/logo_map.png,,excluded,,,,not-downloaded,excluded,,"Нерелевантный раздел, дубль thumbnail, устаревшая декоративная иконка, промо либо служебная графика. Не входит в комплект для разработки.",,,,about.html | about__feedback.html | about__history.html | about__jobs.html | about__leaders.html | about__leaders__belyaeva-olga-konstantinovna.html | about__leaders__ignatev-alexey-nikolaevich.html | about__leaders__lifanova-natalya-vladimirovna.html | about__leaders__starodub-igor-vladimirovich.html | about__leaders__stepina-anna-anatolevna.html | about__news.html | about__news__201-business-mission-az.html | about__news__202-support-older-versions.html | about__news__203-connecting-terminals.html | about__news__205-18.html | about__news__76-sweetstock.html | about__our-goals.html | about__providers.html | allvend.html | autorally.html | benefits.html | benefits__exclusive-innovations.html | benefits__highest-award.html | benefits__lower-costs.html | benefits__online-support.html | benefits__protection-of-data.html | benefits__stable-job.html | benefits__the-high-speed.html | buy.html | buy__accessories.html | buy__accessories__acceptor.html | buy__accessories__fiscal-registrars.html | buy__accessories__hardware.html | buy__accessories__modems.html | buy__accessories__other-parts.html | buy__accessories__printers.html | buy__accessories__touch-screens-and-monitors.html | buy__fingerprint.html | buy__fiscal-server.html | buy__flash-drives.html | buy__payment-terminals.html | component__k2__item__16__411c1b7a.html | download.html | download__10.html | download__11.html | download__2.html | download__3.html | download__4.html | download__5.html | download__6.html | download__7.html | download__8.html | download__9.html | home.html | partners.html | partners__advertisers__advertising-on-the-check.html | partners__advertisers__efficiency.html | partners__advertisers__information.html | partners__advertisers__online-sms-delivery.html | partners__advertisers__partnerships.html | partners__advertisers__price.html | partners__advertisers__statistics-shows.html | partners__advertisers__targeting.html | partners__advertisers__videoadvertising.html | partners__agent__buy-terminals.html | partners__agent__cost-reduction.html | partners__agent__fingerprint-scanner.html | partners__agent__income.html | partners__agent__information.html | partners__agent__innovation.html | partners__agent__remote-control.html | partners__agent__rma.html | partners__agent__stable-work.html | partners__agent__transfer-terminal.html | partners__gateway__buy-terminal.html | partners__gateway__connect-providers.html | partners__gateway__high-reward.html | partners__gateway__highspeed.html | partners__gateway__information.html | partners__gateway__operator-point.html | partners__gateway__quick-start.html | partners__gateway__round-the-clock-support.html | partners__gateway__translate-terminal.html | partners__gateway__xml.html | partners__providers__automate-reporting.html | partners__providers__connecting-to-finger.html | partners__providers__connecting-to-skysend.html | partners__providers__free-connection.html | partners__providers__high-speed.html | partners__providers__information.html | partners__providers__partnership.html | partners__providers__payment-collection.html | partners__providers__placing-terminals.html | partners__providers__privacy-policy.html | partners__representatives__cashier-in-the-region.html | partners__representatives__connecting-players.html | partners__representatives__dealer-discounts.html | partners__representatives__exclusivity-in-the-region.html | partners__representatives__items-of-income.html | partners__representatives__mastering-directions.html | partners__representatives__predstavitelyam.html | partners__representatives__publication-of-information.html | partners__representatives__running-banks-fps.html | partners__suppliers__connectingto-finger.html | partners__suppliers__connectingto-skysend.html | partners__suppliers__directory-of-products.html | partners__suppliers__ease-of-interaction.html | partners__suppliers__freeconnection.html | partners__suppliers__increase-sales.html | partners__suppliers__information.html | partners__suppliers__integration-in-xml.html | partners__suppliers__sales-network-products.html | partners__suppliers__work-in-the-office.html | pravila-sistemy.html | program.html | program__finger.html | program__rma-android.html | program__rma-pc.html | program__software-for-pos-terminal.html | program__terminal-software.html | program__xml-gateway.html
,,asset-d1bf2fcec88d,https://skysend.ru/images/Sky/logo_menu.png,,excluded,,,,not-downloaded,excluded,,"Нерелевантный раздел, дубль thumbnail, устаревшая декоративная иконка, промо либо служебная графика. Не входит в комплект для разработки.",,,,about.html | about__feedback.html | about__geografiy.html | about__history.html | about__jobs.html | about__leaders.html | about__leaders__belyaeva-olga-konstantinovna.html | about__leaders__ignatev-alexey-nikolaevich.html | about__leaders__lifanova-natalya-vladimirovna.html | about__leaders__starodub-igor-vladimirovich.html | about__leaders__stepina-anna-anatolevna.html | about__news.html | about__news__201-business-mission-az.html | about__news__202-support-older-versions.html | about__news__203-connecting-terminals.html | about__news__205-18.html | about__news__76-sweetstock.html | about__our-goals.html | about__providers.html | allvend.html | autorally.html | benefits.html | benefits__exclusive-innovations.html | benefits__highest-award.html | benefits__lower-costs.html | benefits__online-support.html | benefits__protection-of-data.html | benefits__stable-job.html | benefits__the-high-speed.html | buy.html | buy__accessories.html | buy__accessories__acceptor.html | buy__accessories__fiscal-registrars.html | buy__accessories__hardware.html | buy__accessories__modems.html | buy__accessories__other-parts.html | buy__accessories__printers.html | buy__accessories__touch-screens-and-monitors.html | buy__fingerprint.html | buy__fiscal-server.html | buy__flash-drives.html | buy__payment-terminals.html | component__k2__item__16__411c1b7a.html | download.html | download__10.html | download__11.html | download__2.html | download__3.html | download__4.html | download__5.html | download__6.html | download__7.html | download__8.html | download__9.html | home.html | partners.html | partners__advertisers__advertising-on-the-check.html | partners__advertisers__efficiency.html | partners__advertisers__information.html | partners__advertisers__online-sms-delivery.html | partners__advertisers__partnerships.html | partners__advertisers__price.html | partners__advertisers__statistics-shows.html | partners__advertisers__targeting.html | partners__advertisers__videoadvertising.html | partners__agent__buy-terminals.html | partners__agent__cost-reduction.html | partners__agent__fingerprint-scanner.html | partners__agent__income.html | partners__agent__information.html | partners__agent__innovation.html | partners__agent__remote-control.html | partners__agent__rma.html | partners__agent__stable-work.html | partners__agent__transfer-terminal.html | partners__gateway__buy-terminal.html | partners__gateway__connect-providers.html | partners__gateway__high-reward.html | partners__gateway__highspeed.html | partners__gateway__information.html | partners__gateway__operator-point.html | partners__gateway__quick-start.html | partners__gateway__round-the-clock-support.html | partners__gateway__translate-terminal.html | partners__gateway__xml.html | partners__providers__automate-reporting.html | partners__providers__connecting-to-finger.html | partners__providers__connecting-to-skysend.html | partners__providers__free-connection.html | partners__providers__high-speed.html | partners__providers__information.html | partners__providers__partnership.html | partners__providers__payment-collection.html | partners__providers__placing-terminals.html | partners__providers__privacy-policy.html | partners__representatives__cashier-in-the-region.html | partners__representatives__connecting-players.html | partners__representatives__dealer-discounts.html | partners__representatives__exclusivity-in-the-region.html | partners__representatives__items-of-income.html | partners__representatives__mastering-directions.html | partners__representatives__predstavitelyam.html | partners__representatives__publication-of-information.html | partners__representatives__running-banks-fps.html | partners__suppliers__connectingto-finger.html | partners__suppliers__connectingto-skysend.html | partners__suppliers__directory-of-products.html | partners__suppliers__ease-of-interaction.html | partners__suppliers__freeconnection.html | partners__suppliers__increase-sales.html | partners__suppliers__information.html | partners__suppliers__integration-in-xml.html | partners__suppliers__sales-network-products.html | partners__suppliers__work-in-the-office.html | pravila-sistemy.html | program.html | program__finger.html | program__rma-android.html | program__rma-pc.html | program__software-for-pos-terminal.html | program__terminal-software.html | program__xml-gateway.html
,,asset-e1e9037b8099,https://skysend.ru/images/Sky/logo_mini.png,,excluded,,,,not-downloaded,excluded,,"Нерелевантный раздел, дубль thumbnail, устаревшая декоративная иконка, промо либо служебная графика. Не входит в комплект для разработки.",,,,about.html | about__feedback.html | about__geografiy.html | about__history.html | about__jobs.html | about__leaders.html | about__leaders__belyaeva-olga-konstantinovna.html | about__leaders__ignatev-alexey-nikolaevich.html | about__leaders__lifanova-natalya-vladimirovna.html | about__leaders__starodub-igor-vladimirovich.html | about__leaders__stepina-anna-anatolevna.html | about__news.html | about__news__201-business-mission-az.html | about__news__202-support-older-versions.html | about__news__203-connecting-terminals.html | about__news__205-18.html | about__news__76-sweetstock.html | about__our-goals.html | about__providers.html | allvend.html | autorally.html | benefits.html | benefits__exclusive-innovations.html | benefits__highest-award.html | benefits__lower-costs.html | benefits__online-support.html | benefits__protection-of-data.html | benefits__stable-job.html | benefits__the-high-speed.html | buy.html | buy__accessories.html | buy__accessories__acceptor.html | buy__accessories__fiscal-registrars.html | buy__accessories__hardware.html | buy__accessories__modems.html | buy__accessories__other-parts.html | buy__accessories__printers.html | buy__accessories__touch-screens-and-monitors.html | buy__fingerprint.html | buy__fiscal-server.html | buy__flash-drives.html | buy__payment-terminals.html | component__k2__item__16__411c1b7a.html | download.html | download__10.html | download__11.html | download__2.html | download__3.html | download__4.html | download__5.html | download__6.html | download__7.html | download__8.html | download__9.html | home.html | partners.html | partners__advertisers__advertising-on-the-check.html | partners__advertisers__efficiency.html | partners__advertisers__information.html | partners__advertisers__online-sms-delivery.html | partners__advertisers__partnerships.html | partners__advertisers__price.html | partners__advertisers__statistics-shows.html | partners__advertisers__targeting.html | partners__advertisers__videoadvertising.html | partners__agent__buy-terminals.html | partners__agent__cost-reduction.html | partners__agent__fingerprint-scanner.html | partners__agent__income.html | partners__agent__information.html | partners__agent__innovation.html | partners__agent__remote-control.html | partners__agent__rma.html | partners__agent__stable-work.html | partners__agent__transfer-terminal.html | partners__gateway__buy-terminal.html | partners__gateway__connect-providers.html | partners__gateway__high-reward.html | partners__gateway__highspeed.html | partners__gateway__information.html | partners__gateway__operator-point.html | partners__gateway__quick-start.html | partners__gateway__round-the-clock-support.html | partners__gateway__translate-terminal.html | partners__gateway__xml.html | partners__providers__automate-reporting.html | partners__providers__connecting-to-finger.html | partners__providers__connecting-to-skysend.html | partners__providers__free-connection.html | partners__providers__high-speed.html | partners__providers__information.html | partners__providers__partnership.html | partners__providers__payment-collection.html | partners__providers__placing-terminals.html | partners__providers__privacy-policy.html | partners__representatives__cashier-in-the-region.html | partners__representatives__connecting-players.html | partners__representatives__dealer-discounts.html | partners__representatives__exclusivity-in-the-region.html | partners__representatives__items-of-income.html | partners__representatives__mastering-directions.html | partners__representatives__predstavitelyam.html | partners__representatives__publication-of-information.html | partners__representatives__running-banks-fps.html | partners__suppliers__connectingto-finger.html | partners__suppliers__connectingto-skysend.html | partners__suppliers__directory-of-products.html | partners__suppliers__ease-of-interaction.html | partners__suppliers__freeconnection.html | partners__suppliers__increase-sales.html | partners__suppliers__information.html | partners__suppliers__integration-in-xml.html | partners__suppliers__sales-network-products.html | partners__suppliers__work-in-the-office.html | pravila-sistemy.html | program.html | program__finger.html | program__rma-android.html | program__rma-pc.html | program__software-for-pos-terminal.html | program__terminal-software.html | program__xml-gateway.html
,,asset-25f34af7b3c4,https://skysend.ru/images/Sky/one.png,,excluded,,,,not-downloaded,excluded,,"Нерелевантный раздел, дубль thumbnail, устаревшая декоративная иконка, промо либо служебная графика. Не входит в комплект для разработки.",,,,partners__representatives__exclusivity-in-the-region.html
,,asset-a3a435e5b862,https://skysend.ru/images/Sky/periscope.png,,excluded,,,,not-downloaded,excluded,,"Нерелевантный раздел, дубль thumbnail, устаревшая декоративная иконка, промо либо служебная графика. Не входит в комплект для разработки.",,,,autorally.html
image/jpeg,False,asset-ecbd859c28a5,https://skysend.ru/images/Sky/slaider/0_first.jpg,evidence/skysend/asset-review/0_first.jpg,excluded-reference,1173,382,99847,verified,excluded,,Исторический баннер / акция / стоковая фотография / оформление. Хранится только в evidence для аудита; запрещён перенос в новый сайт.,a106c3cb3ef2180fa2aed6f50b1f8fdd0a420405b775c9d8e744ce20554baca8,,,home.html
image/jpeg,False,asset-1b3b7362823f,https://skysend.ru/images/Sky/slaider/2.jpg,evidence/skysend/asset-review/2.jpg,excluded-reference,1170,380,56423,verified,excluded,,Исторический баннер / акция / стоковая фотография / оформление. Хранится только в evidence для аудита; запрещён перенос в новый сайт.,3f481c762790e87daeafb9ed788a2a07599968a97d8911483d28fcde062c1f51,,,home.html
image/png,False,asset-6ee6b0daf806,https://skysend.ru/images/Sky/slaider/banf.png,assets/originals/banf.png,provider-wall-reference,1170,380,118974,verified,reference-only,home.providers,"Подтверждает исходный headline и связь с логотипами. Фиолетовый градиент, встроенный текст и старые бренды не переносить. Заменить DOM-композицией отдельных provider-logo.",a5efe73dbe5bbd1e7dcc895a839f2f1133e87f25469ab3533235f13a8602c18a,,,home.html
,,asset-233178b81623,https://skysend.ru/images/Sky/socYou.png,,excluded,,,,not-downloaded,excluded,,"Нерелевантный раздел, дубль thumbnail, устаревшая декоративная иконка, промо либо служебная графика. Не входит в комплект для разработки.",,,,about.html | about__feedback.html | about__geografiy.html | about__history.html | about__jobs.html | about__leaders.html | about__leaders__belyaeva-olga-konstantinovna.html | about__leaders__ignatev-alexey-nikolaevich.html | about__leaders__lifanova-natalya-vladimirovna.html | about__leaders__starodub-igor-vladimirovich.html | about__leaders__stepina-anna-anatolevna.html | about__news.html | about__news__201-business-mission-az.html | about__news__202-support-older-versions.html | about__news__203-connecting-terminals.html | about__news__205-18.html | about__news__76-sweetstock.html | about__our-goals.html | about__providers.html | allvend.html | autorally.html | benefits.html | benefits__exclusive-innovations.html | benefits__highest-award.html | benefits__lower-costs.html | benefits__online-support.html | benefits__protection-of-data.html | benefits__stable-job.html | benefits__the-high-speed.html | buy.html | buy__accessories.html | buy__accessories__acceptor.html | buy__accessories__fiscal-registrars.html | buy__accessories__hardware.html | buy__accessories__modems.html | buy__accessories__other-parts.html | buy__accessories__printers.html | buy__accessories__touch-screens-and-monitors.html | buy__fingerprint.html | buy__fiscal-server.html | buy__flash-drives.html | buy__payment-terminals.html | component__k2__item__16__411c1b7a.html | download.html | download__10.html | download__11.html | download__2.html | download__3.html | download__4.html | download__5.html | download__6.html | download__7.html | download__8.html | download__9.html | home.html | partners.html | partners__advertisers__advertising-on-the-check.html | partners__advertisers__efficiency.html | partners__advertisers__information.html | partners__advertisers__online-sms-delivery.html | partners__advertisers__partnerships.html | partners__advertisers__price.html | partners__advertisers__statistics-shows.html | partners__advertisers__targeting.html | partners__advertisers__videoadvertising.html | partners__agent__buy-terminals.html | partners__agent__cost-reduction.html | partners__agent__fingerprint-scanner.html | partners__agent__income.html | partners__agent__information.html | partners__agent__innovation.html | partners__agent__remote-control.html | partners__agent__rma.html | partners__agent__stable-work.html | partners__agent__transfer-terminal.html | partners__gateway__buy-terminal.html | partners__gateway__connect-providers.html | partners__gateway__high-reward.html | partners__gateway__highspeed.html | partners__gateway__information.html | partners__gateway__operator-point.html | partners__gateway__quick-start.html | partners__gateway__round-the-clock-support.html | partners__gateway__translate-terminal.html | partners__gateway__xml.html | partners__providers__automate-reporting.html | partners__providers__connecting-to-finger.html | partners__providers__connecting-to-skysend.html | partners__providers__free-connection.html | partners__providers__high-speed.html | partners__providers__information.html | partners__providers__partnership.html | partners__providers__payment-collection.html | partners__providers__placing-terminals.html | partners__providers__privacy-policy.html | partners__representatives__cashier-in-the-region.html | partners__representatives__connecting-players.html | partners__representatives__dealer-discounts.html | partners__representatives__exclusivity-in-the-region.html | partners__representatives__items-of-income.html | partners__representatives__mastering-directions.html | partners__representatives__predstavitelyam.html | partners__representatives__publication-of-information.html | partners__representatives__running-banks-fps.html | partners__suppliers__connectingto-finger.html | partners__suppliers__connectingto-skysend.html | partners__suppliers__directory-of-products.html | partners__suppliers__ease-of-interaction.html | partners__suppliers__freeconnection.html | partners__suppliers__increase-sales.html | partners__suppliers__information.html | partners__suppliers__integration-in-xml.html | partners__suppliers__sales-network-products.html | partners__suppliers__work-in-the-office.html | pravila-sistemy.html | program.html | program__finger.html | program__rma-android.html | program__rma-pc.html | program__software-for-pos-terminal.html | program__terminal-software.html | program__xml-gateway.html
,,asset-1b3c476e5991,https://skysend.ru/images/Sky/soc_FB.png,,excluded,,,,not-downloaded,excluded,,"Нерелевантный раздел, дубль thumbnail, устаревшая декоративная иконка, промо либо служебная графика. Не входит в комплект для разработки.",,,,about.html | about__feedback.html | about__geografiy.html | about__history.html | about__jobs.html | about__leaders.html | about__leaders__belyaeva-olga-konstantinovna.html | about__leaders__ignatev-alexey-nikolaevich.html | about__leaders__lifanova-natalya-vladimirovna.html | about__leaders__starodub-igor-vladimirovich.html | about__leaders__stepina-anna-anatolevna.html | about__news.html | about__news__201-business-mission-az.html | about__news__202-support-older-versions.html | about__news__203-connecting-terminals.html | about__news__205-18.html | about__news__76-sweetstock.html | about__our-goals.html | about__providers.html | allvend.html | autorally.html | benefits.html | benefits__exclusive-innovations.html | benefits__highest-award.html | benefits__lower-costs.html | benefits__online-support.html | benefits__protection-of-data.html | benefits__stable-job.html | benefits__the-high-speed.html | buy.html | buy__accessories.html | buy__accessories__acceptor.html | buy__accessories__fiscal-registrars.html | buy__accessories__hardware.html | buy__accessories__modems.html | buy__accessories__other-parts.html | buy__accessories__printers.html | buy__accessories__touch-screens-and-monitors.html | buy__fingerprint.html | buy__fiscal-server.html | buy__flash-drives.html | buy__payment-terminals.html | component__k2__item__16__411c1b7a.html | download.html | download__10.html | download__11.html | download__2.html | download__3.html | download__4.html | download__5.html | download__6.html | download__7.html | download__8.html | download__9.html | home.html | partners.html | partners__advertisers__advertising-on-the-check.html | partners__advertisers__efficiency.html | partners__advertisers__information.html | partners__advertisers__online-sms-delivery.html | partners__advertisers__partnerships.html | partners__advertisers__price.html | partners__advertisers__statistics-shows.html | partners__advertisers__targeting.html | partners__advertisers__videoadvertising.html | partners__agent__buy-terminals.html | partners__agent__cost-reduction.html | partners__agent__fingerprint-scanner.html | partners__agent__income.html | partners__agent__information.html | partners__agent__innovation.html | partners__agent__remote-control.html | partners__agent__rma.html | partners__agent__stable-work.html | partners__agent__transfer-terminal.html | partners__gateway__buy-terminal.html | partners__gateway__connect-providers.html | partners__gateway__high-reward.html | partners__gateway__highspeed.html | partners__gateway__information.html | partners__gateway__operator-point.html | partners__gateway__quick-start.html | partners__gateway__round-the-clock-support.html | partners__gateway__translate-terminal.html | partners__gateway__xml.html | partners__providers__automate-reporting.html | partners__providers__connecting-to-finger.html | partners__providers__connecting-to-skysend.html | partners__providers__free-connection.html | partners__providers__high-speed.html | partners__providers__information.html | partners__providers__partnership.html | partners__providers__payment-collection.html | partners__providers__placing-terminals.html | partners__providers__privacy-policy.html | partners__representatives__cashier-in-the-region.html | partners__representatives__connecting-players.html | partners__representatives__dealer-discounts.html | partners__representatives__exclusivity-in-the-region.html | partners__representatives__items-of-income.html | partners__representatives__mastering-directions.html | partners__representatives__predstavitelyam.html | partners__representatives__publication-of-information.html | partners__representatives__running-banks-fps.html | partners__suppliers__connectingto-finger.html | partners__suppliers__connectingto-skysend.html | partners__suppliers__directory-of-products.html | partners__suppliers__ease-of-interaction.html | partners__suppliers__freeconnection.html | partners__suppliers__increase-sales.html | partners__suppliers__information.html | partners__suppliers__integration-in-xml.html | partners__suppliers__sales-network-products.html | partners__suppliers__work-in-the-office.html | pravila-sistemy.html | program.html | program__finger.html | program__rma-android.html | program__rma-pc.html | program__software-for-pos-terminal.html | program__terminal-software.html | program__xml-gateway.html
,,asset-271a1aa73871,https://skysend.ru/images/Sky/soc_OD.png,,excluded,,,,not-downloaded,excluded,,"Нерелевантный раздел, дубль thumbnail, устаревшая декоративная иконка, промо либо служебная графика. Не входит в комплект для разработки.",,,,about__geografiy.html
,,asset-180a44e6d04d,https://skysend.ru/images/Sky/soc_Skype.png,,excluded,,,,not-downloaded,excluded,,"Нерелевантный раздел, дубль thumbnail, устаревшая декоративная иконка, промо либо служебная графика. Не входит в комплект для разработки.",,,,about__geografiy.html
,,asset-a2d3c048d51d,https://skysend.ru/images/Sky/soc_VK.png,,excluded,,,,not-downloaded,excluded,,"Нерелевантный раздел, дубль thumbnail, устаревшая декоративная иконка, промо либо служебная графика. Не входит в комплект для разработки.",,,,about__geografiy.html
,,asset-9ed80aeea006,https://skysend.ru/images/Sky/soc_Viber.png,,excluded,,,,not-downloaded,excluded,,"Нерелевантный раздел, дубль thumbnail, устаревшая декоративная иконка, промо либо служебная графика. Не входит в комплект для разработки.",,,,about__geografiy.html
,,asset-51c3c8fef58b,https://skysend.ru/images/Sky/soc_WhatsApp.png,,excluded,,,,not-downloaded,excluded,,"Нерелевантный раздел, дубль thumbnail, устаревшая декоративная иконка, промо либо служебная графика. Не входит в комплект для разработки.",,,,about__geografiy.html
,,asset-61a29c928a51,https://skysend.ru/images/Sky/statistic.png,,excluded,,,,not-downloaded,excluded,,"Нерелевантный раздел, дубль thumbnail, устаревшая декоративная иконка, промо либо служебная графика. Не входит в комплект для разработки.",,,,partners__advertisers__statistics-shows.html
,,asset-a3bbdaa5c0db,https://skysend.ru/images/Sky/twitter-icon.png,,excluded,,,,not-downloaded,excluded,,"Нерелевантный раздел, дубль thumbnail, устаревшая декоративная иконка, промо либо служебная графика. Не входит в комплект для разработки.",,,,about.html | about__feedback.html | about__geografiy.html | about__history.html | about__jobs.html | about__leaders.html | about__leaders__belyaeva-olga-konstantinovna.html | about__leaders__ignatev-alexey-nikolaevich.html | about__leaders__lifanova-natalya-vladimirovna.html | about__leaders__starodub-igor-vladimirovich.html | about__leaders__stepina-anna-anatolevna.html | about__news.html | about__news__201-business-mission-az.html | about__news__202-support-older-versions.html | about__news__203-connecting-terminals.html | about__news__205-18.html | about__news__76-sweetstock.html | about__our-goals.html | about__providers.html | allvend.html | autorally.html | benefits.html | benefits__exclusive-innovations.html | benefits__highest-award.html | benefits__lower-costs.html | benefits__online-support.html | benefits__protection-of-data.html | benefits__stable-job.html | benefits__the-high-speed.html | buy.html | buy__accessories.html | buy__accessories__acceptor.html | buy__accessories__fiscal-registrars.html | buy__accessories__hardware.html | buy__accessories__modems.html | buy__accessories__other-parts.html | buy__accessories__printers.html | buy__accessories__touch-screens-and-monitors.html | buy__fingerprint.html | buy__fiscal-server.html | buy__flash-drives.html | buy__payment-terminals.html | component__k2__item__16__411c1b7a.html | download.html | download__10.html | download__11.html | download__2.html | download__3.html | download__4.html | download__5.html | download__6.html | download__7.html | download__8.html | download__9.html | home.html | partners.html | partners__advertisers__advertising-on-the-check.html | partners__advertisers__efficiency.html | partners__advertisers__information.html | partners__advertisers__online-sms-delivery.html | partners__advertisers__partnerships.html | partners__advertisers__price.html | partners__advertisers__statistics-shows.html | partners__advertisers__targeting.html | partners__advertisers__videoadvertising.html | partners__agent__buy-terminals.html | partners__agent__cost-reduction.html | partners__agent__fingerprint-scanner.html | partners__agent__income.html | partners__agent__information.html | partners__agent__innovation.html | partners__agent__remote-control.html | partners__agent__rma.html | partners__agent__stable-work.html | partners__agent__transfer-terminal.html | partners__gateway__buy-terminal.html | partners__gateway__connect-providers.html | partners__gateway__high-reward.html | partners__gateway__highspeed.html | partners__gateway__information.html | partners__gateway__operator-point.html | partners__gateway__quick-start.html | partners__gateway__round-the-clock-support.html | partners__gateway__translate-terminal.html | partners__gateway__xml.html | partners__providers__automate-reporting.html | partners__providers__connecting-to-finger.html | partners__providers__connecting-to-skysend.html | partners__providers__free-connection.html | partners__providers__high-speed.html | partners__providers__information.html | partners__providers__partnership.html | partners__providers__payment-collection.html | partners__providers__placing-terminals.html | partners__providers__privacy-policy.html | partners__representatives__cashier-in-the-region.html | partners__representatives__connecting-players.html | partners__representatives__dealer-discounts.html | partners__representatives__exclusivity-in-the-region.html | partners__representatives__items-of-income.html | partners__representatives__mastering-directions.html | partners__representatives__predstavitelyam.html | partners__representatives__publication-of-information.html | partners__representatives__running-banks-fps.html | partners__suppliers__connectingto-finger.html | partners__suppliers__connectingto-skysend.html | partners__suppliers__directory-of-products.html | partners__suppliers__ease-of-interaction.html | partners__suppliers__freeconnection.html | partners__suppliers__increase-sales.html | partners__suppliers__information.html | partners__suppliers__integration-in-xml.html | partners__suppliers__sales-network-products.html | partners__suppliers__work-in-the-office.html | pravila-sistemy.html | program.html | program__finger.html | program__rma-android.html | program__rma-pc.html | program__software-for-pos-terminal.html | program__terminal-software.html | program__xml-gateway.html
,,asset-fcc8618189dd,https://skysend.ru/images/about/arrow-list.png,,excluded,,,,not-downloaded,excluded,,"Нерелевантный раздел, дубль thumbnail, устаревшая декоративная иконка, промо либо служебная графика. Не входит в комплект для разработки.",,,,about__our-goals.html
,,asset-da4bf0ac32dc,https://skysend.ru/images/about/file-transfer.png,,excluded,,,,not-downloaded,excluded,,"Нерелевантный раздел, дубль thumbnail, устаревшая декоративная иконка, промо либо служебная графика. Не входит в комплект для разработки.",,,,partners__advertisers__advertising-on-the-check.html | partners__advertisers__efficiency.html | partners__advertisers__online-sms-delivery.html | partners__advertisers__partnerships.html | partners__advertisers__price.html | partners__advertisers__statistics-shows.html | partners__advertisers__targeting.html | partners__advertisers__videoadvertising.html | partners__agent__buy-terminals.html | partners__agent__cost-reduction.html | partners__agent__fingerprint-scanner.html | partners__agent__income.html | partners__agent__innovation.html | partners__agent__remote-control.html | partners__agent__rma.html | partners__agent__stable-work.html | partners__agent__transfer-terminal.html | partners__gateway__buy-terminal.html | partners__gateway__connect-providers.html | partners__gateway__high-reward.html | partners__gateway__highspeed.html | partners__gateway__operator-point.html | partners__gateway__quick-start.html | partners__gateway__round-the-clock-support.html | partners__gateway__translate-terminal.html | partners__gateway__xml.html | partners__providers__automate-reporting.html | partners__providers__connecting-to-finger.html | partners__providers__connecting-to-skysend.html | partners__providers__free-connection.html | partners__providers__high-speed.html | partners__providers__partnership.html | partners__providers__payment-collection.html | partners__providers__placing-terminals.html | partners__providers__privacy-policy.html | partners__representatives__cashier-in-the-region.html | partners__representatives__connecting-players.html | partners__representatives__dealer-discounts.html | partners__representatives__exclusivity-in-the-region.html | partners__representatives__items-of-income.html | partners__representatives__mastering-directions.html | partners__representatives__publication-of-information.html | partners__representatives__running-banks-fps.html | partners__suppliers__connectingto-finger.html | partners__suppliers__connectingto-skysend.html | partners__suppliers__directory-of-products.html | partners__suppliers__ease-of-interaction.html | partners__suppliers__freeconnection.html | partners__suppliers__increase-sales.html | partners__suppliers__information.html | partners__suppliers__integration-in-xml.html | partners__suppliers__sales-network-products.html | partners__suppliers__work-in-the-office.html | program__rma-android.html | program__rma-pc.html | program__software-for-pos-terminal.html | program__terminal-software.html | program__xml-gateway.html
,,asset-51bea8541b4d,https://skysend.ru/images/about/history/Beauty.png,,excluded,,,,not-downloaded,excluded,,"Нерелевантный раздел, дубль thumbnail, устаревшая декоративная иконка, промо либо служебная графика. Не входит в комплект для разработки.",,,,about__history.html
,,asset-800c9f188bfc,https://skysend.ru/images/about/history/FastPay.png,,excluded,,,,not-downloaded,excluded,,"Нерелевантный раздел, дубль thumbnail, устаревшая декоративная иконка, промо либо служебная графика. Не входит в комплект для разработки.",,,,about__history.html
,,asset-ba5c5014a3fe,https://skysend.ru/images/about/history/Log_FINGER.png,,excluded,,,,not-downloaded,excluded,,"Нерелевантный раздел, дубль thumbnail, устаревшая декоративная иконка, промо либо служебная графика. Не входит в комплект для разработки.",,,,about__history.html
,,asset-95cf025a6316,https://skysend.ru/images/about/history/PO5.jpg,,excluded,,,,not-downloaded,excluded,,"Нерелевантный раздел, дубль thumbnail, устаревшая декоративная иконка, промо либо служебная графика. Не входит в комплект для разработки.",,,,about__history.html
,,asset-29b7ec3d2297,https://skysend.ru/images/about/history/SkyMarket.png,,excluded,,,,not-downloaded,excluded,,"Нерелевантный раздел, дубль thumbnail, устаревшая декоративная иконка, промо либо служебная графика. Не входит в комплект для разработки.",,,,about__history.html
,,asset-4e66c31fe192,https://skysend.ru/images/about/history/auto.jpg,,excluded,,,,not-downloaded,excluded,,"Нерелевантный раздел, дубль thumbnail, устаревшая декоративная иконка, промо либо служебная графика. Не входит в комплект для разработки.",,,,about__history.html
,,asset-6136f094ce2e,https://skysend.ru/images/about/history/fast-sys.png,,excluded,,,,not-downloaded,excluded,,"Нерелевантный раздел, дубль thumbnail, устаревшая декоративная иконка, промо либо служебная графика. Не входит в комплект для разработки.",,,,about__history.html
,,asset-d99316ff7817,https://skysend.ru/images/about/history/kompleks.jpg,,excluded,,,,not-downloaded,excluded,,"Нерелевантный раздел, дубль thumbnail, устаревшая декоративная иконка, промо либо служебная графика. Не входит в комплект для разработки.",,,,about__history.html
,,asset-b1bad7f6b251,https://skysend.ru/images/about/history/krym.jpg,,excluded,,,,not-downloaded,excluded,,"Нерелевантный раздел, дубль thumbnail, устаревшая декоративная иконка, промо либо служебная графика. Не входит в комплект для разработки.",,,,about__history.html
,,asset-fd9e04f24176,https://skysend.ru/images/about/history/nol-procentov.png,,excluded,,,,not-downloaded,excluded,,"Нерелевантный раздел, дубль thumbnail, устаревшая декоративная иконка, промо либо служебная графика. Не входит в комплект для разработки.",,,,about__history.html
,,asset-9c2f0729130a,https://skysend.ru/images/about/history/sky-send.png,,excluded,,,,not-downloaded,excluded,,"Нерелевантный раздел, дубль thumbnail, устаревшая декоративная иконка, промо либо служебная графика. Не входит в комплект для разработки.",,,,about__history.html
,,asset-73f3af1c95c7,https://skysend.ru/images/about/history/sweet.jpg,,excluded,,,,not-downloaded,excluded,,"Нерелевантный раздел, дубль thumbnail, устаревшая декоративная иконка, промо либо служебная графика. Не входит в комплект для разработки.",,,,about__history.html
,,asset-7d4bc3e7c18c,https://skysend.ru/images/about/history/turkmenistan.png,,excluded,,,,not-downloaded,excluded,,"Нерелевантный раздел, дубль thumbnail, устаревшая декоративная иконка, промо либо служебная графика. Не входит в комплект для разработки.",,,,about__history.html
,,asset-43a702b55ca0,https://skysend.ru/images/about/nashi-celi_mini.jpg,,excluded,,,,not-downloaded,excluded,,"Нерелевантный раздел, дубль thumbnail, устаревшая декоративная иконка, промо либо служебная графика. Не входит в комплект для разработки.",,,,about__our-goals.html
,,asset-e8df281ce7e3,https://skysend.ru/images/autorally/1.png,,excluded,,,,not-downloaded,excluded,,"Нерелевантный раздел, дубль thumbnail, устаревшая декоративная иконка, промо либо служебная графика. Не входит в комплект для разработки.",,,,autorally.html
,,asset-bb8d7774cddf,https://skysend.ru/images/autorally/2.png,,excluded,,,,not-downloaded,excluded,,"Нерелевантный раздел, дубль thumbnail, устаревшая декоративная иконка, промо либо служебная графика. Не входит в комплект для разработки.",,,,autorally.html
,,asset-2ecec36ca235,https://skysend.ru/images/autorally/3.png,,excluded,,,,not-downloaded,excluded,,"Нерелевантный раздел, дубль thumbnail, устаревшая декоративная иконка, промо либо служебная графика. Не входит в комплект для разработки.",,,,autorally.html
,,asset-b4ddbe7d6244,https://skysend.ru/images/autorally/4.png,,excluded,,,,not-downloaded,excluded,,"Нерелевантный раздел, дубль thumbnail, устаревшая декоративная иконка, промо либо служебная графика. Не входит в комплект для разработки.",,,,autorally.html
,,asset-e977b766fb37,https://skysend.ru/images/autorally/5.png,,excluded,,,,not-downloaded,excluded,,"Нерелевантный раздел, дубль thumbnail, устаревшая декоративная иконка, промо либо служебная графика. Не входит в комплект для разработки.",,,,autorally.html
,,asset-8f5f50a034f9,https://skysend.ru/images/autorally/6.png,,excluded,,,,not-downloaded,excluded,,"Нерелевантный раздел, дубль thumbnail, устаревшая декоративная иконка, промо либо служебная графика. Не входит в комплект для разработки.",,,,autorally.html
,,asset-272076362533,https://skysend.ru/images/autorally/7.png,,excluded,,,,not-downloaded,excluded,,"Нерелевантный раздел, дубль thumbnail, устаревшая декоративная иконка, промо либо служебная графика. Не входит в комплект для разработки.",,,,autorally.html
,,asset-7fdf207c43e9,https://skysend.ru/images/autorally/advertising4_full.png,,excluded,,,,not-downloaded,excluded,,"Нерелевантный раздел, дубль thumbnail, устаревшая декоративная иконка, промо либо служебная графика. Не входит в комплект для разработки.",,,,autorally.html
,,asset-f89fb9034019,https://skysend.ru/images/autorally/banner_s_full.jpg,,excluded,,,,not-downloaded,excluded,,"Нерелевантный раздел, дубль thumbnail, устаревшая декоративная иконка, промо либо служебная графика. Не входит в комплект для разработки.",,,,autorally.html
,,asset-1892a99684c2,https://skysend.ru/images/autorally/ch1.png,,excluded,,,,not-downloaded,excluded,,"Нерелевантный раздел, дубль thumbnail, устаревшая декоративная иконка, промо либо служебная графика. Не входит в комплект для разработки.",,,,autorally.html
,,asset-4b1c7d7898d5,https://skysend.ru/images/autorally/cheboksar2.jpg,,excluded,,,,not-downloaded,excluded,,"Нерелевантный раздел, дубль thumbnail, устаревшая декоративная иконка, промо либо служебная графика. Не входит в комплект для разработки.",,,,autorally.html
,,asset-0e6f59e189e6,https://skysend.ru/images/autorally/flash2_full.jpg,,excluded,,,,not-downloaded,excluded,,"Нерелевантный раздел, дубль thumbnail, устаревшая декоративная иконка, промо либо служебная графика. Не входит в комплект для разработки.",,,,autorally.html
,,asset-c492eca37dc6,https://skysend.ru/images/autorally/flash3_full.jpg,,excluded,,,,not-downloaded,excluded,,"Нерелевантный раздел, дубль thumbnail, устаревшая декоративная иконка, промо либо служебная графика. Не входит в комплект для разработки.",,,,autorally.html
,,asset-cc256bb7ab3c,https://skysend.ru/images/autorally/hotel4.png,,excluded,,,,not-downloaded,excluded,,"Нерелевантный раздел, дубль thumbnail, устаревшая декоративная иконка, промо либо служебная графика. Не входит в комплект для разработки.",,,,autorally.html
,,asset-ffcd1d5993b1,https://skysend.ru/images/autorally/itog1.png,,excluded,,,,not-downloaded,excluded,,"Нерелевантный раздел, дубль thumbnail, устаревшая декоративная иконка, промо либо служебная графика. Не входит в комплект для разработки.",,,,autorally.html
,,asset-5e4cac14f7eb,https://skysend.ru/images/autorally/itog2.png,,excluded,,,,not-downloaded,excluded,,"Нерелевантный раздел, дубль thumbnail, устаревшая декоративная иконка, промо либо служебная графика. Не входит в комплект для разработки.",,,,autorally.html
,,asset-b36da0366d85,https://skysend.ru/images/autorally/itog3.png,,excluded,,,,not-downloaded,excluded,,"Нерелевантный раздел, дубль thumbnail, устаревшая декоративная иконка, промо либо служебная графика. Не входит в комплект для разработки.",,,,autorally.html
,,asset-211aa264fbaa,https://skysend.ru/images/autorally/itog4.png,,excluded,,,,not-downloaded,excluded,,"Нерелевантный раздел, дубль thumbnail, устаревшая декоративная иконка, промо либо служебная графика. Не входит в комплект для разработки.",,,,autorally.html
,,asset-d29bf075a29b,https://skysend.ru/images/autorally/itog5.png,,excluded,,,,not-downloaded,excluded,,"Нерелевантный раздел, дубль thumbnail, устаревшая декоративная иконка, промо либо служебная графика. Не входит в комплект для разработки.",,,,autorally.html
,,asset-453b5e66b0ef,https://skysend.ru/images/autorally/kazan0.jpg,,excluded,,,,not-downloaded,excluded,,"Нерелевантный раздел, дубль thumbnail, устаревшая декоративная иконка, промо либо служебная графика. Не входит в комплект для разработки.",,,,autorally.html
,,asset-06909ad54a38,https://skysend.ru/images/autorally/lipeck1_full.jpg,,excluded,,,,not-downloaded,excluded,,"Нерелевантный раздел, дубль thumbnail, устаревшая декоративная иконка, промо либо служебная графика. Не входит в комплект для разработки.",,,,autorally.html
,,asset-be5aee517c05,https://skysend.ru/images/autorally/moscow3_1.jpg,,excluded,,,,not-downloaded,excluded,,"Нерелевантный раздел, дубль thumbnail, устаревшая декоративная иконка, промо либо служебная графика. Не входит в комплект для разработки.",,,,autorally.html
,,asset-a9e42fedae65,https://skysend.ru/images/autorally/moscow3_full.jpg,,excluded,,,,not-downloaded,excluded,,"Нерелевантный раздел, дубль thumbnail, устаревшая декоративная иконка, промо либо служебная графика. Не входит в комплект для разработки.",,,,autorally.html
,,asset-11ea120f3f7f,https://skysend.ru/images/autorally/moscow4_1.jpg,,excluded,,,,not-downloaded,excluded,,"Нерелевантный раздел, дубль thumbnail, устаревшая декоративная иконка, промо либо служебная графика. Не входит в комплект для разработки.",,,,autorally.html
,,asset-a45cd8c16dc9,https://skysend.ru/images/autorally/moscow4_full.jpg,,excluded,,,,not-downloaded,excluded,,"Нерелевантный раздел, дубль thumbnail, устаревшая декоративная иконка, промо либо служебная графика. Не входит в комплект для разработки.",,,,autorally.html
,,asset-c4c4ee57e2b3,https://skysend.ru/images/autorally/nn5_full.jpg,,excluded,,,,not-downloaded,excluded,,"Нерелевантный раздел, дубль thumbnail, устаревшая декоративная иконка, промо либо служебная графика. Не входит в комплект для разработки.",,,,autorally.html
,,asset-449cdfe4f1c5,https://skysend.ru/images/autorally/nn_g.jpg,,excluded,,,,not-downloaded,excluded,,"Нерелевантный раздел, дубль thumbnail, устаревшая декоративная иконка, промо либо служебная графика. Не входит в комплект для разработки.",,,,autorally.html
,,asset-7b7a0e7b49cd,https://skysend.ru/images/autorally/online1.png,,excluded,,,,not-downloaded,excluded,,"Нерелевантный раздел, дубль thumbnail, устаревшая декоративная иконка, промо либо служебная графика. Не входит в комплект для разработки.",,,,autorally.html
,,asset-823dcc594f2e,https://skysend.ru/images/autorally/online3.png,,excluded,,,,not-downloaded,excluded,,"Нерелевантный раздел, дубль thumbnail, устаревшая декоративная иконка, промо либо служебная графика. Не входит в комплект для разработки.",,,,autorally.html
,,asset-f078f73e9263,https://skysend.ru/images/autorally/online4.png,,excluded,,,,not-downloaded,excluded,,"Нерелевантный раздел, дубль thumbnail, устаревшая декоративная иконка, промо либо служебная графика. Не входит в комплект для разработки.",,,,autorally.html
,,asset-19a899ffceb1,https://skysend.ru/images/autorally/online5.png,,excluded,,,,not-downloaded,excluded,,"Нерелевантный раздел, дубль thumbnail, устаревшая декоративная иконка, промо либо служебная графика. Не входит в комплект для разработки.",,,,autorally.html
,,asset-989c407dced1,https://skysend.ru/images/autorally/preparation4_full.jpg,,excluded,,,,not-downloaded,excluded,,"Нерелевантный раздел, дубль thumbnail, устаревшая декоративная иконка, промо либо служебная графика. Не входит в комплект для разработки.",,,,autorally.html
,,asset-2b8a23ed9c92,https://skysend.ru/images/autorally/preparation5_full.jpg,,excluded,,,,not-downloaded,excluded,,"Нерелевантный раздел, дубль thumbnail, устаревшая декоративная иконка, промо либо служебная графика. Не входит в комплект для разработки.",,,,autorally.html
,,asset-611fb5562b28,https://skysend.ru/images/autorally/rostov2_full.jpg,,excluded,,,,not-downloaded,excluded,,"Нерелевантный раздел, дубль thumbnail, устаревшая декоративная иконка, промо либо служебная графика. Не входит в комплект для разработки.",,,,autorally.html
,,asset-ed9eef7703c6,https://skysend.ru/images/autorally/ryazan1_full.jpg,,excluded,,,,not-downloaded,excluded,,"Нерелевантный раздел, дубль thumbnail, устаревшая декоративная иконка, промо либо служебная графика. Не входит в комплект для разработки.",,,,autorally.html
,,asset-87694a099cd1,https://skysend.ru/images/autorally/s_agent.png,,excluded,,,,not-downloaded,excluded,,"Нерелевантный раздел, дубль thumbnail, устаревшая декоративная иконка, промо либо служебная графика. Не входит в комплект для разработки.",,,,autorally.html
,,asset-a15363cb117f,https://skysend.ru/images/autorally/s_dealer.png,,excluded,,,,not-downloaded,excluded,,"Нерелевантный раздел, дубль thumbnail, устаревшая декоративная иконка, промо либо служебная графика. Не входит в комплект для разработки.",,,,autorally.html
,,asset-6959bea502fa,https://skysend.ru/images/autorally/s_fin.png,,excluded,,,,not-downloaded,excluded,,"Нерелевантный раздел, дубль thumbnail, устаревшая декоративная иконка, промо либо служебная графика. Не входит в комплект для разработки.",,,,autorally.html
,,asset-c979db7dfe4f,https://skysend.ru/images/autorally/s_finger.png,,excluded,,,,not-downloaded,excluded,,"Нерелевантный раздел, дубль thumbnail, устаревшая декоративная иконка, промо либо служебная графика. Не входит в комплект для разработки.",,,,autorally.html
,,asset-d3b2a73d8d7f,https://skysend.ru/images/autorally/s_present.png,,excluded,,,,not-downloaded,excluded,,"Нерелевантный раздел, дубль thumbnail, устаревшая декоративная иконка, промо либо служебная графика. Не входит в комплект для разработки.",,,,autorally.html
,,asset-4895c3ef2bb3,https://skysend.ru/images/autorally/s_prov.png,,excluded,,,,not-downloaded,excluded,,"Нерелевантный раздел, дубль thumbnail, устаревшая декоративная иконка, промо либо служебная графика. Не входит в комплект для разработки.",,,,autorally.html
,,asset-a69748c7716a,https://skysend.ru/images/autorally/s_skysend.png,,excluded,,,,not-downloaded,excluded,,"Нерелевантный раздел, дубль thumbnail, устаревшая декоративная иконка, промо либо служебная графика. Не входит в комплект для разработки.",,,,autorally.html
,,asset-15ce2693a8eb,https://skysend.ru/images/autorally/s_soft.png,,excluded,,,,not-downloaded,excluded,,"Нерелевантный раздел, дубль thumbnail, устаревшая декоративная иконка, промо либо служебная графика. Не входит в комплект для разработки.",,,,autorally.html
,,asset-f8cb5f8a05b7,https://skysend.ru/images/autorally/samara1_full.jpg,,excluded,,,,not-downloaded,excluded,,"Нерелевантный раздел, дубль thumbnail, устаревшая декоративная иконка, промо либо служебная графика. Не входит в комплект для разработки.",,,,autorally.html
,,asset-4ae4b59c8307,https://skysend.ru/images/autorally/saratov2_full.jpg,,excluded,,,,not-downloaded,excluded,,"Нерелевантный раздел, дубль thumbnail, устаревшая декоративная иконка, промо либо служебная графика. Не входит в комплект для разработки.",,,,autorally.html
,,asset-3fff7546260c,https://skysend.ru/images/autorally/start1_full.png,,excluded,,,,not-downloaded,excluded,,"Нерелевантный раздел, дубль thumbnail, устаревшая декоративная иконка, промо либо служебная графика. Не входит в комплект для разработки.",,,,autorally.html
,,asset-5727e1a2ba07,https://skysend.ru/images/autorally/vladimir2_full.jpg,,excluded,,,,not-downloaded,excluded,,"Нерелевантный раздел, дубль thumbnail, устаревшая декоративная иконка, промо либо служебная графика. Не входит в комплект для разработки.",,,,autorally.html
,,asset-10314b9b21fc,https://skysend.ru/images/autorally/volgograd2.jpg,,excluded,,,,not-downloaded,excluded,,"Нерелевантный раздел, дубль thumbnail, устаревшая декоративная иконка, промо либо служебная графика. Не входит в комплект для разработки.",,,,autorally.html
,,asset-ae2cb6ed8b99,https://skysend.ru/images/autorally/volgograd3.jpg,,excluded,,,,not-downloaded,excluded,,"Нерелевантный раздел, дубль thumbnail, устаревшая декоративная иконка, промо либо служебная графика. Не входит в комплект для разработки.",,,,autorally.html
,,asset-0fbe4422ddc0,https://skysend.ru/images/autorally/voronezh2_full.jpg,,excluded,,,,not-downloaded,excluded,,"Нерелевантный раздел, дубль thumbnail, устаревшая декоративная иконка, промо либо служебная графика. Не входит в комплект для разработки.",,,,autorally.html
image/png,False,asset-29badd5473db,https://skysend.ru/images/banners/auto.png,evidence/skysend/asset-review/auto.png,excluded-reference,1173,382,631962,verified,excluded,,Исторический баннер / акция / стоковая фотография / оформление. Хранится только в evidence для аудита; запрещён перенос в новый сайт.,131811700c35d4fe0ba040b4f8fb3968a4e437cebe6cfc1c86f512e876dc4167,,,autorally.html
image/jpeg,False,asset-eb822977757f,https://skysend.ru/images/banners/best_term.jpeg,evidence/skysend/asset-review/best_term.jpeg,excluded-reference,1200,750,126403,verified,excluded,,Исторический баннер / акция / стоковая фотография / оформление. Хранится только в evidence для аудита; запрещён перенос в новый сайт.,8c57a597236471b6cf60a87c4e7141b867364963f2e8e6667959010b1b953aa7,,,home.html
image/jpeg,False,asset-ca7b35ae7fbd,https://skysend.ru/images/banners/design.jpeg,evidence/skysend/asset-review/design.jpeg,excluded-reference,1200,750,149413,verified,excluded,,Исторический баннер / акция / стоковая фотография / оформление. Хранится только в evidence для аудита; запрещён перенос в новый сайт.,0726be8d6406c868591842d0c44937736469cde26b510b9064470d045a3ceef6,,,home.html
image/jpeg,False,asset-4ab568f694b4,https://skysend.ru/images/banners/po5.jpg,evidence/skysend/asset-review/po5.jpg,excluded-reference,1173,382,103913,verified,excluded,,Исторический баннер / акция / стоковая фотография / оформление. Хранится только в evidence для аудита; запрещён перенос в новый сайт.,99c87a18d30bfeb34c46b7ab54e02a255859bd21aa93963f8d8eafd01379c1b6,,,allvend.html | home.html
image/jpeg,False,asset-6a172e5e2976,https://skysend.ru/images/banners/pomarket.jpeg,evidence/skysend/asset-review/pomarket.jpeg,excluded-reference,1200,750,134645,verified,excluded,,Исторический баннер / акция / стоковая фотография / оформление. Хранится только в evidence для аудита; запрещён перенос в новый сайт.,be2a9753f3cbbe1d6327feff222a54ee26f1430630cdc44b75c1dafcb8fe9502,,,home.html
image/jpeg,False,asset-876a80c3b8ff,https://skysend.ru/images/banners/terminal_pr.jpeg,evidence/skysend/asset-review/terminal_pr.jpeg,excluded-reference,1200,750,96623,verified,excluded,,Исторический баннер / акция / стоковая фотография / оформление. Хранится только в evidence для аудита; запрещён перенос в новый сайт.,61784d952dd83a1741599b1c0ca6a6627b769fff7d7a741da8f6b9e6dae930b5,,,home.html
image/png,False,asset-e4371e9cac68,https://skysend.ru/images/banners/v.png,evidence/skysend/asset-review/v.png,excluded-reference,435,314,174055,verified,excluded,,Исторический баннер / акция / стоковая фотография / оформление. Хранится только в evidence для аудита; запрещён перенос в новый сайт.,834fee573e86d7fd86a0c51e1de9b91d7fee3f36c4e8e2a062f0eb4085310545,,,home.html
,,asset-e156aa19669b,https://skysend.ru/images/besplat-podkl/1.png,,excluded,,,,not-downloaded,excluded,,"Нерелевантный раздел, дубль thumbnail, устаревшая декоративная иконка, промо либо служебная графика. Не входит в комплект для разработки.",,,,partners__suppliers__freeconnection.html
,,asset-6f5e513660f2,https://skysend.ru/images/besplat-podkl/2.png,,excluded,,,,not-downloaded,excluded,,"Нерелевантный раздел, дубль thumbnail, устаревшая декоративная иконка, промо либо служебная графика. Не входит в комплект для разработки.",,,,partners__gateway__xml.html | partners__suppliers__freeconnection.html
,,asset-76b2644eaee4,https://skysend.ru/images/bistriy-zapusk/1.png,,excluded,,,,not-downloaded,excluded,,"Нерелевантный раздел, дубль thumbnail, устаревшая декоративная иконка, промо либо служебная графика. Не входит в комплект для разработки.",,,,partners__suppliers__directory-of-products.html | partners__suppliers__ease-of-interaction.html
,,asset-5979260fae5d,https://skysend.ru/images/bistriy-zapusk/2.png,,excluded,,,,not-downloaded,excluded,,"Нерелевантный раздел, дубль thumbnail, устаревшая декоративная иконка, промо либо служебная графика. Не входит в комплект для разработки.",,,,partners__suppliers__ease-of-interaction.html
,,asset-43b34decf806,https://skysend.ru/images/buy.png,,excluded,,,,not-downloaded,excluded,,"Нерелевантный раздел, дубль thumbnail, устаревшая декоративная иконка, промо либо служебная графика. Не входит в комплект для разработки.",,,,buy.html | buy__accessories__acceptor.html | buy__accessories__fiscal-registrars.html | buy__accessories__hardware.html | buy__accessories__modems.html | buy__accessories__printers.html | buy__accessories__touch-screens-and-monitors.html | buy__fingerprint.html | buy__fiscal-server.html | buy__flash-drives.html | buy__payment-terminals.html
image/png,False,asset-353a098a626c,https://skysend.ru/images/downloads/allvend.png,assets/originals/allvend.png,brand,5555,5555,235859,verified,approved-original,global.brand / software.brand,Официальный оригинал. Для SkySend предпочтителен logotip_skysend.svg; не обводить растр заново.,61153775fc4857075882e6daa961d9fb66d97f3a9eeac1ef0050ef30eeea9ccc,,,download__8.html
image/jpeg,False,asset-aec7c0b5be67,https://skysend.ru/images/downloads/cluster_skysend.jpeg,assets/originals/cluster_skysend.jpeg,architecture-reference,3508,2478,876881,verified,reference-only,software.xml / partners.providers,Историческая схема для проверки смысла. Перерисовать в простую SVG схему с текстовым эквивалентом; не публиковать неподтверждённую актуальную топологию.,6d263b2ce6103decbebf5e2404e76ec606cd946f9a288954654f9c743d32df8a,,,benefits__the-high-speed.html | download__3.html | partners__gateway__highspeed.html | partners__providers__high-speed.html
image/png,False,asset-c0bd30e488c3,https://skysend.ru/images/downloads/logotip_finger.png,assets/originals/logotip_finger.png,brand,1024,1242,170605,verified,approved-original,global.brand / software.brand,Официальный оригинал. Для SkySend предпочтителен logotip_skysend.svg; не обводить растр заново.,5d9ae4e82614e05f8c2e919a7cbd7d12c2518cae794954f1e59ed0a7bacd0632,,,download__3.html
image/svg+xml,False,asset-2824a3c1af53,https://skysend.ru/images/downloads/logotip_gk_svg.svg,assets/originals/logotip_gk_svg.svg,brand,,,86153,verified,approved-original,global.brand / software.brand,Официальный оригинал. Для SkySend предпочтителен logotip_skysend.svg; не обводить растр заново.,35fb96792d3d12f419217de26326626528c1d0950e140376d366e7156184fffa,,,download__9.html
image/png,False,asset-ccb3e0562ab2,"https://skysend.ru/images/downloads/logotip_skymarket_1,5x1.png","assets/originals/logotip_skymarket_1,5x1.png",brand,1301,910,102660,verified,approved-original,global.brand / software.brand,Официальный оригинал. Для SkySend предпочтителен logotip_skysend.svg; не обводить растр заново.,48b3e0957e328e4d46605396a6d5b017b1b07a72db2b5679750789ffb0f75bf6,,,download__3.html
image/png,False,asset-8c63ef617c09,https://skysend.ru/images/downloads/logotip_skymarket_3x1.png,assets/originals/logotip_skymarket_3x1.png,brand,1555,499,90541,verified,approved-original,global.brand / software.brand,Официальный оригинал. Для SkySend предпочтителен logotip_skysend.svg; не обводить растр заново.,18dc3170e1cf240bfecc53dff591823408fd5339450bb46d80ee4475609eb2e3,,,download__2.html
image/png,False,asset-09e626f79905,https://skysend.ru/images/downloads/logotip_skysend.png,assets/originals/logotip_skysend.png,brand,1043,659,30864,verified,approved-original,global.brand / software.brand,Официальный оригинал. Для SkySend предпочтителен logotip_skysend.svg; не обводить растр заново.,15261984e7b6ca2624146befda7700dd828b0f881f2cc22120ee9e2142862cee,,,autorally.html | download__9.html
image/svg+xml,False,asset-f688c3d64cb6,https://skysend.ru/images/downloads/logotip_skysend.svg,assets/originals/logotip_skysend.svg,brand,,,7142,verified,approved-original,global.brand / software.brand,Официальный оригинал. Для SkySend предпочтителен logotip_skysend.svg; не обводить растр заново.,634202327b65da6f7f14def426838c887b2fb3c32197b47be0ca524cd8262d95,,,download__4.html
image/png,False,asset-a90ba57e0392,https://skysend.ru/images/downloads/po/1.png,evidence/skysend/asset-review/po/1.png,software-feature-reference,486,376,209278,verified,reference-only,software.allvend,"Исходная иллюстрация функции ПО. Требуется визуальный отбор: содержит прежние стили, товары и местами рекламу. Хранится только в evidence, не копировать целиком в production.",838653c692fea0954c1c7ce449a42706ca079f8067586fe597b5d3766f3440c6,,,allvend.html
image/png,False,asset-6072a29b411c,https://skysend.ru/images/downloads/po/10.png,evidence/skysend/asset-review/po/10.png,software-feature-reference,1006,527,288563,verified,reference-only,software.allvend,"Исходная иллюстрация функции ПО. Требуется визуальный отбор: содержит прежние стили, товары и местами рекламу. Хранится только в evidence, не копировать целиком в production.",56483dc6a7b064dabed13119f8e0cddee4c6484cbc981e30428b784aa9d3b1d2,,,allvend.html
image/png,False,asset-e074adc8f4a9,https://skysend.ru/images/downloads/po/11.png,evidence/skysend/asset-review/po/11.png,software-feature-reference,600,209,69232,verified,reference-only,software.allvend,"Исходная иллюстрация функции ПО. Требуется визуальный отбор: содержит прежние стили, товары и местами рекламу. Хранится только в evidence, не копировать целиком в production.",51f39dd99d3d85187c0da50a0ef943b8731c2f3a91428b980aee68f7c50e84d8,,,allvend.html
image/png,False,asset-0c377401667a,https://skysend.ru/images/downloads/po/11_full.png,assets/source-with-review/software/11_full.png,software-feature-reference,3120,1088,934739,verified,source-with-review,software.allvend,"Реальные исторические экраны заказа товаров в теме Юлмарт. Нет промо-акции; не заявлять текущее партнёрство с Юлмарт. Для нового сайта по умолчанию использовать commerce-flow.svg, этот strip только как подписанный архивный пример функции.",d8e330714bc25a95fb42421104b9a316eb9c46fda39577831fb4f8b34f36b34c,,,allvend.html | home.html
image/png,False,asset-cb3338046ad4,https://skysend.ru/images/downloads/po/12.png,evidence/skysend/asset-review/po/12.png,software-feature-reference,600,179,85433,verified,reference-only,software.allvend,"Исходная иллюстрация функции ПО. Требуется визуальный отбор: содержит прежние стили, товары и местами рекламу. Хранится только в evidence, не копировать целиком в production.",8c830666a8098a14181e870545a68dcd2d0e118375151223c22cc525932c62da,,,allvend.html
image/png,False,asset-0ff68c499bde,https://skysend.ru/images/downloads/po/12_full.png,assets/source-with-review/software/12_full.png,software-feature-reference,3164,944,1472361,verified,source-with-review,software.allvend,Реальные исторические экраны навигации в магазине с темой IKEA. Не заявлять текущее партнёрство с IKEA. По умолчанию использовать собственную схему функции.,fc0dc2c2dc0a2dd1df41f49246336b05a9a0a8ee90e41180717fccc1aabc0dd6,,,allvend.html | home.html
image/png,False,asset-ce293f12433b,https://skysend.ru/images/downloads/po/13.png,evidence/skysend/asset-review/po/13.png,software-feature-reference,1013,482,367071,verified,reference-only,software.allvend,"Исходная иллюстрация функции ПО. Требуется визуальный отбор: содержит прежние стили, товары и местами рекламу. Хранится только в evidence, не копировать целиком в production.",e333672f834df141181db57e9a86372550c47f70fc1c5992cf816dad6b4d3a32,,,allvend.html
image/png,False,asset-cdfc8b7991c3,https://skysend.ru/images/downloads/po/14.png,evidence/skysend/asset-review/po/14.png,software-feature-reference,359,427,127526,verified,reference-only,software.allvend,"Исходная иллюстрация функции ПО. Требуется визуальный отбор: содержит прежние стили, товары и местами рекламу. Хранится только в evidence, не копировать целиком в production.",4b1d277d80a8752851bec4358e1cf5e3ce90e9f042d4d7ea603f3690c78a49f3,,,allvend.html
image/png,False,asset-0b84fb8a6593,https://skysend.ru/images/downloads/po/15.png,evidence/skysend/asset-review/po/15.png,software-feature-reference,574,429,163309,verified,reference-only,software.allvend,"Исходная иллюстрация функции ПО. Требуется визуальный отбор: содержит прежние стили, товары и местами рекламу. Хранится только в evidence, не копировать целиком в production.",c1327047bd11d8ae2fd54715cd1c497d91669e0c5cc701d4abc111d39d7960a5,,,allvend.html
image/png,False,asset-76c4ebba660b,https://skysend.ru/images/downloads/po/15_full.png,evidence/skysend/asset-review/po/15_full.png,software-feature-reference,1041,778,411319,verified,reference-only,software.allvend,"Исходная иллюстрация функции ПО. Требуется визуальный отбор: содержит прежние стили, товары и местами рекламу. Хранится только в evidence, не копировать целиком в production.",004ca4dfeb095ca81289dbce4c8fcae2b6b39415dd14c1ccc82aae0fc6b3bf1f,,,allvend.html
image/png,False,asset-8db7d9782087,https://skysend.ru/images/downloads/po/17.png,evidence/skysend/asset-review/po/17.png,software-feature-reference,780,360,75117,verified,reference-only,software.allvend,"Исходная иллюстрация функции ПО. Требуется визуальный отбор: содержит прежние стили, товары и местами рекламу. Хранится только в evidence, не копировать целиком в production.",57244797f8e79e694103752c28314e50abb3932b750d26f1a397f3b9af81a63f,,,allvend.html
image/png,False,asset-c554a99db370,https://skysend.ru/images/downloads/po/18_11.png,evidence/skysend/asset-review/po/18_11.png,software-feature-reference,769,305,45020,verified,reference-only,software.allvend,"Исходная иллюстрация функции ПО. Требуется визуальный отбор: содержит прежние стили, товары и местами рекламу. Хранится только в evidence, не копировать целиком в production.",02b536bccac389179bfd6114b305e30272d2b93cbf919ffd2acae1281df188ee,,,allvend.html
image/png,False,asset-a32fadd8796a,https://skysend.ru/images/downloads/po/19_2.png,evidence/skysend/asset-review/po/19_2.png,software-feature-reference,809,353,378872,verified,reference-only,software.allvend,"Исходная иллюстрация функции ПО. Требуется визуальный отбор: содержит прежние стили, товары и местами рекламу. Хранится только в evidence, не копировать целиком в production.",536bd68b323b4a1953f4ec939be12225d242fcb23cd3441cd0b2b8f463d809f9,,,allvend.html
image/png,False,asset-ed0fb90c8979,https://skysend.ru/images/downloads/po/1_full.png,evidence/skysend/asset-review/po/1_full.png,software-feature-reference,1376,1084,1273929,verified,reference-only,software.allvend,"Исходная иллюстрация функции ПО. Требуется визуальный отбор: содержит прежние стили, товары и местами рекламу. Хранится только в evidence, не копировать целиком в production.",5030bdea08d4ae4a6122f285b65e7f2f346d55b256b39ab866d9a93ffae0b4ed,,,allvend.html | home.html
image/png,False,asset-8ef886094841,https://skysend.ru/images/downloads/po/2.png,evidence/skysend/asset-review/po/2.png,software-feature-reference,675,539,490167,verified,reference-only,software.allvend,"Исходная иллюстрация функции ПО. Требуется визуальный отбор: содержит прежние стили, товары и местами рекламу. Хранится только в evidence, не копировать целиком в production.",19174472a8a0d9e2b43720308eef55972a91aa6c10fdbfdae92182f0bd5fee73,,,allvend.html
image/png,False,asset-6f8113601aa2,https://skysend.ru/images/downloads/po/20_1.png,evidence/skysend/asset-review/po/20_1.png,software-feature-reference,2056,1268,1380282,verified,reference-only,software.allvend,"Исходная иллюстрация функции ПО. Требуется визуальный отбор: содержит прежние стили, товары и местами рекламу. Хранится только в evidence, не копировать целиком в production.",5cdc15d8a497c4e41867319bdccede8c599f16cbfce32b4ea8b0447630de348f,,,allvend.html
image/png,False,asset-1908546790ed,https://skysend.ru/images/downloads/po/21_1.png,evidence/skysend/asset-review/po/21_1.png,software-feature-reference,1000,372,181714,verified,reference-only,software.allvend,"Исходная иллюстрация функции ПО. Требуется визуальный отбор: содержит прежние стили, товары и местами рекламу. Хранится только в evidence, не копировать целиком в production.",68a5e295c3ec1432aded8dabdf480335acf8c884ab78554caac00487ad91f9c7,,,allvend.html
image/png,False,asset-62adcaca5920,https://skysend.ru/images/downloads/po/22_2.png,evidence/skysend/asset-review/po/22_2.png,software-feature-reference,800,311,155599,verified,reference-only,software.allvend,"Исходная иллюстрация функции ПО. Требуется визуальный отбор: содержит прежние стили, товары и местами рекламу. Хранится только в evidence, не копировать целиком в production.",4602c3da866ee96c641059d1ade3631a620aac8380c131ee7336e5ccf53796ef,,,allvend.html
image/png,False,asset-a90ab939ded7,https://skysend.ru/images/downloads/po/3.png,evidence/skysend/asset-review/po/3.png,software-feature-reference,303,228,92180,verified,reference-only,software.allvend,"Исходная иллюстрация функции ПО. Требуется визуальный отбор: содержит прежние стили, товары и местами рекламу. Хранится только в evidence, не копировать целиком в production.",5e654f1ee61f9d263624d7d47a54408fadffcd2395195f52d93febda2a4e0153,,,allvend.html
image/png,False,asset-85664f79d417,https://skysend.ru/images/downloads/po/4.png,evidence/skysend/asset-review/po/4.png,software-feature-reference,305,229,116589,verified,reference-only,software.allvend,"Исходная иллюстрация функции ПО. Требуется визуальный отбор: содержит прежние стили, товары и местами рекламу. Хранится только в evidence, не копировать целиком в production.",629f55a405c4531b7503a0a781f128969ffc5aa657dbfa54f4a50f3ed6bb791f,,,allvend.html
image/png,False,asset-a3c6c06677a2,https://skysend.ru/images/downloads/po/4_1.png,evidence/skysend/asset-review/po/4_1.png,software-feature-reference,303,228,90802,verified,reference-only,software.allvend,"Исходная иллюстрация функции ПО. Требуется визуальный отбор: содержит прежние стили, товары и местами рекламу. Хранится только в evidence, не копировать целиком в production.",39b522451ce3e6ef2dce5146f18453e58a553c3faa999bd666e36b26a813ec64,,,allvend.html
image/png,False,asset-d8b82292d4ca,https://skysend.ru/images/downloads/po/5.png,evidence/skysend/asset-review/po/5.png,software-feature-reference,766,591,644225,verified,reference-only,software.allvend,"Исходная иллюстрация функции ПО. Требуется визуальный отбор: содержит прежние стили, товары и местами рекламу. Хранится только в evidence, не копировать целиком в production.",b5fbf743fd274e6cf93e1659e92a3508d5bc24e1e37dfdd35c665e11ad1acee0,,,allvend.html
image/png,False,asset-a7156a29c88b,https://skysend.ru/images/downloads/po/6.png,evidence/skysend/asset-review/po/6.png,software-feature-reference,719,721,361513,verified,reference-only,software.allvend,"Исходная иллюстрация функции ПО. Требуется визуальный отбор: содержит прежние стили, товары и местами рекламу. Хранится только в evidence, не копировать целиком в production.",9cdce84d4312a9a027255987bceaec89fc7fb6cf807fe889eac68a83c609a18b,,,allvend.html
image/png,False,asset-8c7f8992d0a8,https://skysend.ru/images/downloads/po/7.png,evidence/skysend/asset-review/po/7.png,software-feature-reference,600,457,310405,verified,reference-only,software.allvend,"Исходная иллюстрация функции ПО. Требуется визуальный отбор: содержит прежние стили, товары и местами рекламу. Хранится только в evidence, не копировать целиком в production.",be45c1c88139f5cb0a3b99603c75ab9c1fb3b92b4e4174e6e74ae9b61576a98b,,,allvend.html
image/png,False,asset-47eeca4cb3e9,https://skysend.ru/images/downloads/po/8.png,evidence/skysend/asset-review/po/8.png,software-feature-reference,600,457,290235,verified,reference-only,software.allvend,"Исходная иллюстрация функции ПО. Требуется визуальный отбор: содержит прежние стили, товары и местами рекламу. Хранится только в evidence, не копировать целиком в production.",d8441ea3f3eead5ffa5aede36b46608f21dafad99b1d4125782ea58ecba790b8,,,allvend.html
image/png,False,asset-c0a53fc825ce,https://skysend.ru/images/downloads/po/8_full.png,assets/source-with-review/software/8_full.png,software-feature-reference,1188,904,902916,verified,source-with-review,software.allvend,"Внутри тем есть промо МТС (4G/антивирус). Целиком в публичный сайт запрещён. Источник для разбора настройки дизайна; по умолчанию использовать чистый pop-up-full.jpg и текст, не маскировать рекламу декоративными блоками.",5e0cb456832fbe28edd269634a51d9922338d541e7d832a40e2abc552f567f58,,,allvend.html | home.html
image/png,False,asset-81aa09b7416e,https://skysend.ru/images/downloads/po/9.png,evidence/skysend/asset-review/po/9.png,software-feature-reference,581,469,127042,verified,reference-only,software.allvend,"Исходная иллюстрация функции ПО. Требуется визуальный отбор: содержит прежние стили, товары и местами рекламу. Хранится только в evidence, не копировать целиком в production.",0fb78735a6c356a7dc231b86dd47aa3771ecccad8af418298f218236abd28981,,,allvend.html
image/png,False,asset-ade78ea6bca0,https://skysend.ru/images/downloads/po/9_full.png,evidence/skysend/asset-review/po/9_full.png,software-feature-reference,1023,825,314109,verified,reference-only,software.allvend,"Исходная иллюстрация функции ПО. Требуется визуальный отбор: содержит прежние стили, товары и местами рекламу. Хранится только в evidence, не копировать целиком в production.",7dc4859e7a517b5906e4d004aa95623cf4b32d177988743e087c9ac6cc357fff,,,allvend.html
,,asset-862d1447689e,https://skysend.ru/images/downloads/po/advantages_po.png,,excluded,,,,not-downloaded,excluded,,"Нерелевантный раздел, дубль thumbnail, устаревшая декоративная иконка, промо либо служебная графика. Не входит в комплект для разработки.",,,,allvend.html
,,asset-be88a483231c,https://skysend.ru/images/downloads/po/b_plan.png,,excluded,,,,not-downloaded,excluded,,"Нерелевантный раздел, дубль thumbnail, устаревшая декоративная иконка, промо либо служебная графика. Не входит в комплект для разработки.",,,,allvend.html
,,asset-b8107f3b5f24,https://skysend.ru/images/downloads/po/comparison_fastsys.png,,excluded,,,,not-downloaded,excluded,,"Нерелевантный раздел, дубль thumbnail, устаревшая декоративная иконка, промо либо служебная графика. Не входит в комплект для разработки.",,,,allvend.html
,,asset-3decfea69f80,https://skysend.ru/images/downloads/po/comparison_skysend.png,,excluded,,,,not-downloaded,excluded,,"Нерелевантный раздел, дубль thumbnail, устаревшая декоративная иконка, промо либо служебная графика. Не входит в комплект для разработки.",,,,allvend.html
,,asset-185167a791b6,https://skysend.ru/images/downloads/po/fastsys.png,,excluded,,,,not-downloaded,excluded,,"Нерелевантный раздел, дубль thumbnail, устаревшая декоративная иконка, промо либо служебная графика. Не входит в комплект для разработки.",,,,allvend.html
,,asset-9e1dacb3d0c6,https://skysend.ru/images/downloads/po/flm.png,,excluded,,,,not-downloaded,excluded,,"Нерелевантный раздел, дубль thumbnail, устаревшая декоративная иконка, промо либо служебная графика. Не входит в комплект для разработки.",,,,allvend.html
,,asset-6c2d3646dac8,https://skysend.ru/images/downloads/po/list_po.png,,excluded,,,,not-downloaded,excluded,,"Нерелевантный раздел, дубль thumbnail, устаревшая декоративная иконка, промо либо служебная графика. Не входит в комплект для разработки.",,,,allvend.html
,,asset-679673c22748,https://skysend.ru/images/downloads/po/offer_po.png,,excluded,,,,not-downloaded,excluded,,"Нерелевантный раздел, дубль thumbnail, устаревшая декоративная иконка, промо либо служебная графика. Не входит в комплект для разработки.",,,,allvend.html
,,asset-1626eabfa717,https://skysend.ru/images/downloads/po/presentation_po.png,,excluded,,,,not-downloaded,excluded,,"Нерелевантный раздел, дубль thumbnail, устаревшая декоративная иконка, промо либо служебная графика. Не входит в комплект для разработки.",,,,allvend.html
,,asset-d8d500f7b34b,https://skysend.ru/images/downloads/po/price.png,,excluded,,,,not-downloaded,excluded,,"Нерелевантный раздел, дубль thumbnail, устаревшая декоративная иконка, промо либо служебная графика. Не входит в комплект для разработки.",,,,allvend.html
,,asset-3b64953efd93,https://skysend.ru/images/downloads/po/s_skysend.png,,excluded,,,,not-downloaded,excluded,,"Нерелевантный раздел, дубль thumbnail, устаревшая декоративная иконка, промо либо служебная графика. Не входит в комплект для разработки.",,,,allvend.html
,,asset-16c328ac63e7,https://skysend.ru/images/downloads/po/slm.png,,excluded,,,,not-downloaded,excluded,,"Нерелевантный раздел, дубль thumbnail, устаревшая декоративная иконка, промо либо служебная графика. Не входит в комплект для разработки.",,,,allvend.html
image/png,False,asset-27f3d5bc2d7f,https://skysend.ru/images/downloads/po/to_whom.png,evidence/skysend/asset-review/po/to_whom.png,software-feature-reference,933,342,196046,verified,reference-only,software.allvend,"Исходная иллюстрация функции ПО. Требуется визуальный отбор: содержит прежние стили, товары и местами рекламу. Хранится только в evidence, не копировать целиком в production.",0265b1640f48bc26e93bad43c0c9d8c89c4402cf6ce0c5a326c59f3f078d9d6d,,,allvend.html
,,asset-6081445b165f,https://skysend.ru/images/hh/hr.jpg,,excluded,,,,not-downloaded,excluded,,"Нерелевантный раздел, дубль thumbnail, устаревшая декоративная иконка, промо либо служебная графика. Не входит в комплект для разработки.",,,,about__jobs.html
,,asset-0800f6a4d04b,https://skysend.ru/images/icon-other/1-1.png,,excluded,,,,not-downloaded,excluded,,"Нерелевантный раздел, дубль thumbnail, устаревшая декоративная иконка, промо либо служебная графика. Не входит в комплект для разработки.",,,,partners__providers__automate-reporting.html
,,asset-b96cae72cbc0,https://skysend.ru/images/icon-other/1.png,,excluded,,,,not-downloaded,excluded,,"Нерелевантный раздел, дубль thumbnail, устаревшая декоративная иконка, промо либо служебная графика. Не входит в комплект для разработки.",,,,partners__representatives__cashier-in-the-region.html
,,asset-f3d8f408da4d,https://skysend.ru/images/icon-other/2.png,,excluded,,,,not-downloaded,excluded,,"Нерелевантный раздел, дубль thumbnail, устаревшая декоративная иконка, промо либо служебная графика. Не входит в комплект для разработки.",,,,partners__representatives__cashier-in-the-region.html
,,asset-0f403fe21121,https://skysend.ru/images/icon-other/3.png,,excluded,,,,not-downloaded,excluded,,"Нерелевантный раздел, дубль thumbnail, устаревшая декоративная иконка, промо либо служебная графика. Не входит в комплект для разработки.",,,,partners__advertisers__efficiency.html | partners__advertisers__partnerships.html | partners__representatives__cashier-in-the-region.html
,,asset-0d85aa9fb9f5,https://skysend.ru/images/icon-other/4.png,,excluded,,,,not-downloaded,excluded,,"Нерелевантный раздел, дубль thumbnail, устаревшая декоративная иконка, промо либо служебная графика. Не входит в комплект для разработки.",,,,partners__advertisers__efficiency.html | partners__advertisers__partnerships.html
,,asset-625e18246494,https://skysend.ru/images/icon-other/S.png,,excluded,,,,not-downloaded,excluded,,"Нерелевантный раздел, дубль thumbnail, устаревшая декоративная иконка, промо либо служебная графика. Не входит в комплект для разработки.",,,,benefits__online-support.html | partners__gateway__round-the-clock-support.html
,,asset-0ba0293bff87,https://skysend.ru/images/icon-other/V.png,,excluded,,,,not-downloaded,excluded,,"Нерелевантный раздел, дубль thumbnail, устаревшая декоративная иконка, промо либо служебная графика. Не входит в комплект для разработки.",,,,benefits__online-support.html | partners__gateway__round-the-clock-support.html
,,asset-64e7a82e63aa,https://skysend.ru/images/icon-other/W.png,,excluded,,,,not-downloaded,excluded,,"Нерелевантный раздел, дубль thumbnail, устаревшая декоративная иконка, промо либо служебная графика. Не входит в комплект для разработки.",,,,benefits__online-support.html | partners__gateway__round-the-clock-support.html
image/jpeg,False,asset-bbfa05aff4a4,https://skysend.ru/images/icon-other/enter_the_number.jpg,assets/originals/enter_the_number.jpg,software-screenshot,1438,1077,80831,verified,reference-only,home.software / software.detail,Встроен блок «Плати без комиссии / FINGER». Только evidence: перед публикацией необходим реальный экран без промоблока.,6eba345f91a8765abad45d1f6f38a706d57208e8dcc67c85a59eb8147a419f2f,,,program__terminal-software.html
image/png,False,asset-6f90e343cd6f,https://skysend.ru/images/icon-other/finger-logo.png,assets/originals/finger-logo.png,brand,133,161,11447,verified,approved-original,global.brand / software.brand,Официальный оригинал. Для SkySend предпочтителен logotip_skysend.svg; не обводить растр заново.,0f776f1da262b59ffda01f9e3f1ded51caa1a03bb5896a024d0673354d0cd075,,,program__finger.html
,,asset-e76648cef133,https://skysend.ru/images/icon-other/icon_enter_the_number.jpg,,excluded,,,,not-downloaded,excluded,,"Нерелевантный раздел, дубль thumbnail, устаревшая декоративная иконка, промо либо служебная графика. Не входит в комплект для разработки.",,,,program__terminal-software.html
,,asset-f5b0b606c9d3,https://skysend.ru/images/icon-other/icon_pop-up-full.jpg,,excluded,,,,not-downloaded,excluded,,"Нерелевантный раздел, дубль thumbnail, устаревшая декоративная иконка, промо либо служебная графика. Не входит в комплект для разработки.",,,,benefits__exclusive-innovations.html | partners__agent__innovation.html | program__terminal-software.html
,,asset-bd521984f45d,https://skysend.ru/images/icon-other/lch-kabinet.png,,excluded,,,,not-downloaded,excluded,,"Нерелевантный раздел, дубль thumbnail, устаревшая декоративная иконка, промо либо служебная графика. Не входит в комплект для разработки.",,,,partners__agent__rma.html | partners__gateway__operator-point.html
,,asset-84d569885bcb,https://skysend.ru/images/icon-other/m.png,,excluded,,,,not-downloaded,excluded,,"Нерелевантный раздел, дубль thumbnail, устаревшая декоративная иконка, промо либо служебная графика. Не входит в комплект для разработки.",,,,benefits__online-support.html | partners__gateway__round-the-clock-support.html
,,asset-38b3b99fd863,https://skysend.ru/images/icon-other/p.png,,excluded,,,,not-downloaded,excluded,,"Нерелевантный раздел, дубль thumbnail, устаревшая декоративная иконка, промо либо служебная графика. Не входит в комплект для разработки.",,,,benefits__online-support.html | partners__gateway__round-the-clock-support.html
image/png,True,asset-f710750cc4d1,https://skysend.ru/images/icon-other/pop-up-full.jpg,assets/originals/pop-up-full.jpg,software-screenshot,1440,1080,1369310,verified,approved-original,home.software / software.detail,Реальный интерфейс с исходного сайта. Подписать как экран исходной версии; при релизе заменять только реальным новым screenshot.,866e7894884e57eee9a9bb83c1323b9aa293a1ed1eacc2776f428eb25c41ed52,,,program__terminal-software.html
,,asset-7033135afee0,https://skysend.ru/images/icon-other/skrin_proshivka.png,,excluded,,,,not-downloaded,excluded,,"Нерелевантный раздел, дубль thumbnail, устаревшая декоративная иконка, промо либо служебная графика. Не входит в комплект для разработки.",,,,about.html | about__feedback.html | about__geografiy.html | about__history.html | about__jobs.html | about__leaders.html | about__leaders__belyaeva-olga-konstantinovna.html | about__leaders__ignatev-alexey-nikolaevich.html | about__leaders__lifanova-natalya-vladimirovna.html | about__leaders__starodub-igor-vladimirovich.html | about__leaders__stepina-anna-anatolevna.html | about__news.html | about__news__201-business-mission-az.html | about__news__202-support-older-versions.html | about__news__203-connecting-terminals.html | about__news__205-18.html | about__news__76-sweetstock.html | about__our-goals.html | about__providers.html | allvend.html | autorally.html | benefits.html | benefits__exclusive-innovations.html | benefits__highest-award.html | benefits__lower-costs.html | benefits__online-support.html | benefits__protection-of-data.html | benefits__stable-job.html | benefits__the-high-speed.html | buy.html | buy__accessories.html | buy__accessories__acceptor.html | buy__accessories__fiscal-registrars.html | buy__accessories__hardware.html | buy__accessories__modems.html | buy__accessories__other-parts.html | buy__accessories__printers.html | buy__accessories__touch-screens-and-monitors.html | buy__fingerprint.html | buy__fiscal-server.html | buy__flash-drives.html | buy__payment-terminals.html | component__k2__item__16__411c1b7a.html | download.html | download__10.html | download__11.html | download__2.html | download__3.html | download__4.html | download__5.html | download__6.html | download__7.html | download__8.html | download__9.html | home.html | partners.html | partners__advertisers__advertising-on-the-check.html | partners__advertisers__efficiency.html | partners__advertisers__information.html | partners__advertisers__online-sms-delivery.html | partners__advertisers__partnerships.html | partners__advertisers__price.html | partners__advertisers__statistics-shows.html | partners__advertisers__targeting.html | partners__advertisers__videoadvertising.html | partners__agent__buy-terminals.html | partners__agent__cost-reduction.html | partners__agent__fingerprint-scanner.html | partners__agent__income.html | partners__agent__information.html | partners__agent__innovation.html | partners__agent__remote-control.html | partners__agent__rma.html | partners__agent__stable-work.html | partners__agent__transfer-terminal.html | partners__gateway__buy-terminal.html | partners__gateway__connect-providers.html | partners__gateway__high-reward.html | partners__gateway__highspeed.html | partners__gateway__information.html | partners__gateway__operator-point.html | partners__gateway__quick-start.html | partners__gateway__round-the-clock-support.html | partners__gateway__translate-terminal.html | partners__gateway__xml.html | partners__providers__automate-reporting.html | partners__providers__connecting-to-finger.html | partners__providers__connecting-to-skysend.html | partners__providers__free-connection.html | partners__providers__high-speed.html | partners__providers__information.html | partners__providers__partnership.html | partners__providers__payment-collection.html | partners__providers__placing-terminals.html | partners__providers__privacy-policy.html | partners__representatives__cashier-in-the-region.html | partners__representatives__connecting-players.html | partners__representatives__dealer-discounts.html | partners__representatives__exclusivity-in-the-region.html | partners__representatives__items-of-income.html | partners__representatives__mastering-directions.html | partners__representatives__predstavitelyam.html | partners__representatives__publication-of-information.html | partners__representatives__running-banks-fps.html | partners__suppliers__connectingto-finger.html | partners__suppliers__connectingto-skysend.html | partners__suppliers__directory-of-products.html | partners__suppliers__ease-of-interaction.html | partners__suppliers__freeconnection.html | partners__suppliers__increase-sales.html | partners__suppliers__information.html | partners__suppliers__integration-in-xml.html | partners__suppliers__sales-network-products.html | partners__suppliers__work-in-the-office.html | pravila-sistemy.html | program.html | program__finger.html | program__rma-android.html | program__rma-pc.html | program__software-for-pos-terminal.html | program__terminal-software.html | program__xml-gateway.html
,,asset-220a4eaabcbb,https://skysend.ru/images/icon-other/smile.png,,excluded,,,,not-downloaded,excluded,,"Нерелевантный раздел, дубль thumbnail, устаревшая декоративная иконка, промо либо служебная графика. Не входит в комплект для разработки.",,,,partners__providers__payment-collection.html
,,asset-c9e6d69e4cb6,https://skysend.ru/images/icon-other/unix.png,,excluded,,,,not-downloaded,excluded,,"Нерелевантный раздел, дубль thumbnail, устаревшая декоративная иконка, промо либо служебная графика. Не входит в комплект для разработки.",,,,benefits__protection-of-data.html | partners__providers__privacy-policy.html
,,asset-a8ef12ab6925,https://skysend.ru/images/innovacii/3.png,,excluded,,,,not-downloaded,excluded,,"Нерелевантный раздел, дубль thumbnail, устаревшая декоративная иконка, промо либо служебная графика. Не входит в комплект для разработки.",,,,benefits__exclusive-innovations.html | partners__advertisers__videoadvertising.html | partners__agent__income.html | partners__agent__innovation.html
,,asset-307da7bdc87e,https://skysend.ru/images/innovacii/finger-logo.jpg,,excluded,,,,not-downloaded,excluded,,"Нерелевантный раздел, дубль thumbnail, устаревшая декоративная иконка, промо либо служебная графика. Не входит в комплект для разработки.",,,,benefits__exclusive-innovations.html | partners__agent__innovation.html
,,asset-9d7eff09b671,https://skysend.ru/images/innovacii/logo-SM.png,,excluded,,,,not-downloaded,excluded,,"Нерелевантный раздел, дубль thumbnail, устаревшая декоративная иконка, промо либо служебная графика. Не входит в комплект для разработки.",,,,benefits__exclusive-innovations.html | partners__agent__innovation.html
image/jpeg,False,asset-0965b73372bc,https://skysend.ru/images/khow/khow-1.jpg,evidence/skysend/asset-review/khow-1.jpg,excluded-reference,453,367,32931,verified,excluded,,Исторический баннер / акция / стоковая фотография / оформление. Хранится только в evidence для аудита; запрещён перенос в новый сайт.,70b02330eb70590c068717dfeb8db56162904b8761855a0700a9b56d5ebb11a9,,,home.html | partners.html
image/jpeg,False,asset-7e63603493be,https://skysend.ru/images/khow/khow-2.jpg,evidence/skysend/asset-review/khow-2.jpg,excluded-reference,453,367,21105,verified,excluded,,Исторический баннер / акция / стоковая фотография / оформление. Хранится только в evidence для аудита; запрещён перенос в новый сайт.,bd4ef78a9b5f4d319610a4597738f46193a5830bb581b1c38e038d24b708f572,,,home.html | partners.html
image/jpeg,False,asset-face3a566fa8,https://skysend.ru/images/khow/khow-3.jpg,evidence/skysend/asset-review/khow-3.jpg,excluded-reference,453,367,21240,verified,excluded,,Исторический баннер / акция / стоковая фотография / оформление. Хранится только в evidence для аудита; запрещён перенос в новый сайт.,959492bae34e39f16aeda9da4b3c5e152127c8d6989fbd221d312e361b2fa108,,,home.html | partners.html
image/jpeg,False,asset-d994b7a4c9e9,https://skysend.ru/images/khow/khow-4.jpg,evidence/skysend/asset-review/khow-4.jpg,excluded-reference,453,367,41514,verified,excluded,,Исторический баннер / акция / стоковая фотография / оформление. Хранится только в evidence для аудита; запрещён перенос в новый сайт.,c3d9cff772c38a3592689ffed0a0b3ec7a4cc92bf671b8ca57fd8b9b8050c6a3,,,home.html | partners.html
image/jpeg,False,asset-9f233e2237c0,https://skysend.ru/images/khow/khow-5.jpg,evidence/skysend/asset-review/khow-5.jpg,excluded-reference,453,367,30870,verified,excluded,,Исторический баннер / акция / стоковая фотография / оформление. Хранится только в evidence для аудита; запрещён перенос в новый сайт.,284e805295fd28def1c68bc1d7931cffce7fbc2df0ee06c4e135e7bb2d710050,,,home.html
image/jpeg,False,asset-77cc0c9af8e9,https://skysend.ru/images/khow/proffes3.jpg,evidence/skysend/asset-review/proffes3.jpg,excluded-reference,453,367,38305,verified,excluded,,Исторический баннер / акция / стоковая фотография / оформление. Хранится только в evidence для аудита; запрещён перенос в новый сайт.,bc30aa07d03ed3150d5fc04dd031b595bd78921b44e24439115b2fdbe285ce22,,,home.html | partners.html
image/jpeg,False,asset-5f87faeef0a1,https://skysend.ru/images/khow/proffes5.jpg,evidence/skysend/asset-review/proffes5.jpg,excluded-reference,170,138,14827,verified,excluded,,Исторический баннер / акция / стоковая фотография / оформление. Хранится только в evidence для аудита; запрещён перенос в новый сайт.,d7f3c7dabc3d45f8b8b8eb4321d2e40ff5006f48c0485c8f7d087b367eb954ed,,,partners.html
,,asset-8c59df90139f,https://skysend.ru/images/klichevoe-partnerstvo/1.png,,excluded,,,,not-downloaded,excluded,,"Нерелевантный раздел, дубль thumbnail, устаревшая декоративная иконка, промо либо служебная графика. Не входит в комплект для разработки.",,,,partners__providers__partnership.html
,,asset-6065b39cb1d8,https://skysend.ru/images/klichevoe-partnerstvo/3.png,,excluded,,,,not-downloaded,excluded,,"Нерелевантный раздел, дубль thumbnail, устаревшая декоративная иконка, промо либо служебная графика. Не входит в комплект для разработки.",,,,partners__providers__partnership.html
,,asset-899524f16d0e,https://skysend.ru/images/klichevoe-partnerstvo/4.png,,excluded,,,,not-downloaded,excluded,,"Нерелевантный раздел, дубль thumbnail, устаревшая декоративная иконка, промо либо служебная графика. Не входит в комплект для разработки.",,,,partners__providers__partnership.html
,,asset-8fd7ac30e1a8,https://skysend.ru/images/klichevoe-partnerstvo/5.png,,excluded,,,,not-downloaded,excluded,,"Нерелевантный раздел, дубль thumbnail, устаревшая декоративная иконка, промо либо служебная графика. Не входит в комплект для разработки.",,,,partners__providers__partnership.html
,,asset-458d7fa3b66a,https://skysend.ru/images/klichevoe-partnerstvo/6.png,,excluded,,,,not-downloaded,excluded,,"Нерелевантный раздел, дубль thumbnail, устаревшая декоративная иконка, промо либо служебная графика. Не входит в комплект для разработки.",,,,partners__providers__partnership.html
,,asset-a6d39ab11d8f,https://skysend.ru/images/kupit-terminali/1.png,,excluded,,,,not-downloaded,excluded,,"Нерелевантный раздел, дубль thumbnail, устаревшая декоративная иконка, промо либо служебная графика. Не входит в комплект для разработки.",,,,partners__agent__buy-terminals.html | partners__gateway__buy-terminal.html
,,asset-62404ce25f1a,https://skysend.ru/images/kupit-terminali/2.png,,excluded,,,,not-downloaded,excluded,,"Нерелевантный раздел, дубль thumbnail, устаревшая декоративная иконка, промо либо служебная графика. Не входит в комплект для разработки.",,,,partners__gateway__buy-terminal.html
,,asset-240cb353d55c,https://skysend.ru/images/kupit-terminali/3.png,,excluded,,,,not-downloaded,excluded,,"Нерелевантный раздел, дубль thumbnail, устаревшая декоративная иконка, промо либо служебная графика. Не входит в комплект для разработки.",,,,benefits__highest-award.html | partners__agent__buy-terminals.html | partners__gateway__buy-terminal.html | partners__gateway__high-reward.html
,,asset-3e238a7192c2,https://skysend.ru/images/kupit-terminali/4.png,,excluded,,,,not-downloaded,excluded,,"Нерелевантный раздел, дубль thumbnail, устаревшая декоративная иконка, промо либо служебная графика. Не входит в комплект для разработки.",,,,partners__agent__buy-terminals.html | partners__gateway__buy-terminal.html
image/png,False,asset-3a3c858d3162,https://skysend.ru/images/logo.png,assets/originals/logo.png,brand,158,100,28668,verified,approved-original,global.brand / software.brand,Официальный оригинал. Для SkySend предпочтителен logotip_skysend.svg; не обводить растр заново.,de0097e750745ea1efba797bc3a9020db6175bc89e3b0749703e0fff25675536,,,about.html | about__feedback.html | about__geografiy.html | about__history.html | about__jobs.html | about__leaders.html | about__leaders__belyaeva-olga-konstantinovna.html | about__leaders__ignatev-alexey-nikolaevich.html | about__leaders__lifanova-natalya-vladimirovna.html | about__leaders__starodub-igor-vladimirovich.html | about__leaders__stepina-anna-anatolevna.html | about__news.html | about__news__201-business-mission-az.html | about__news__202-support-older-versions.html | about__news__203-connecting-terminals.html | about__news__205-18.html | about__news__76-sweetstock.html | about__our-goals.html | about__providers.html | allvend.html | autorally.html | benefits.html | benefits__exclusive-innovations.html | benefits__highest-award.html | benefits__lower-costs.html | benefits__online-support.html | benefits__protection-of-data.html | benefits__stable-job.html | benefits__the-high-speed.html | buy.html | buy__accessories.html | buy__accessories__acceptor.html | buy__accessories__fiscal-registrars.html | buy__accessories__hardware.html | buy__accessories__modems.html | buy__accessories__other-parts.html | buy__accessories__printers.html | buy__accessories__touch-screens-and-monitors.html | buy__fingerprint.html | buy__fiscal-server.html | buy__flash-drives.html | buy__payment-terminals.html | component__k2__item__16__411c1b7a.html | download.html | download__10.html | download__11.html | download__2.html | download__3.html | download__4.html | download__5.html | download__6.html | download__7.html | download__8.html | download__9.html | home.html | partners.html | partners__advertisers__advertising-on-the-check.html | partners__advertisers__efficiency.html | partners__advertisers__information.html | partners__advertisers__online-sms-delivery.html | partners__advertisers__partnerships.html | partners__advertisers__price.html | partners__advertisers__statistics-shows.html | partners__advertisers__targeting.html | partners__advertisers__videoadvertising.html | partners__agent__buy-terminals.html | partners__agent__cost-reduction.html | partners__agent__fingerprint-scanner.html | partners__agent__income.html | partners__agent__information.html | partners__agent__innovation.html | partners__agent__remote-control.html | partners__agent__rma.html | partners__agent__stable-work.html | partners__agent__transfer-terminal.html | partners__gateway__buy-terminal.html | partners__gateway__connect-providers.html | partners__gateway__high-reward.html | partners__gateway__highspeed.html | partners__gateway__information.html | partners__gateway__operator-point.html | partners__gateway__quick-start.html | partners__gateway__round-the-clock-support.html | partners__gateway__translate-terminal.html | partners__gateway__xml.html | partners__providers__automate-reporting.html | partners__providers__connecting-to-finger.html | partners__providers__connecting-to-skysend.html | partners__providers__free-connection.html | partners__providers__high-speed.html | partners__providers__information.html | partners__providers__partnership.html | partners__providers__payment-collection.html | partners__providers__placing-terminals.html | partners__providers__privacy-policy.html | partners__representatives__cashier-in-the-region.html | partners__representatives__connecting-players.html | partners__representatives__dealer-discounts.html | partners__representatives__exclusivity-in-the-region.html | partners__representatives__items-of-income.html | partners__representatives__mastering-directions.html | partners__representatives__predstavitelyam.html | partners__representatives__publication-of-information.html | partners__representatives__running-banks-fps.html | partners__suppliers__connectingto-finger.html | partners__suppliers__connectingto-skysend.html | partners__suppliers__directory-of-products.html | partners__suppliers__ease-of-interaction.html | partners__suppliers__freeconnection.html | partners__suppliers__increase-sales.html | partners__suppliers__information.html | partners__suppliers__integration-in-xml.html | partners__suppliers__sales-network-products.html | partners__suppliers__work-in-the-office.html | pravila-sistemy.html | program.html | program__finger.html | program__rma-android.html | program__rma-pc.html | program__software-for-pos-terminal.html | program__terminal-software.html | program__xml-gateway.html
,,asset-cad9306c686f,https://skysend.ru/images/news/auto/map.png,,excluded,,,,not-downloaded,excluded,,"Нерелевантный раздел, дубль thumbnail, устаревшая декоративная иконка, промо либо служебная графика. Не входит в комплект для разработки.",,,,autorally.html
,,asset-08a2320efb04,https://skysend.ru/images/news/moscow/skrin_fast.png,,excluded,,,,not-downloaded,excluded,,"Нерелевантный раздел, дубль thumbnail, устаревшая декоративная иконка, промо либо служебная графика. Не входит в комплект для разработки.",,,,autorally.html
,,asset-c68b74024fcd,https://skysend.ru/images/news/moscow/skrin_finger.png,,excluded,,,,not-downloaded,excluded,,"Нерелевантный раздел, дубль thumbnail, устаревшая декоративная иконка, промо либо служебная графика. Не входит в комплект для разработки.",,,,autorally.html
,,asset-b17bf7904a26,https://skysend.ru/images/news/moscow/skrin_ignatiev.png,,excluded,,,,not-downloaded,excluded,,"Нерелевантный раздел, дубль thumbnail, устаревшая декоративная иконка, промо либо служебная графика. Не входит в комплект для разработки.",,,,autorally.html
,,asset-54a2ccfd998e,https://skysend.ru/images/news/moscow/skrin_moscow.png,,excluded,,,,not-downloaded,excluded,,"Нерелевантный раздел, дубль thumbnail, устаревшая декоративная иконка, промо либо служебная графика. Не входит в комплект для разработки.",,,,autorally.html
,,asset-c215047315b1,https://skysend.ru/images/news/moscow/skrin_po.png,,excluded,,,,not-downloaded,excluded,,"Нерелевантный раздел, дубль thumbnail, устаревшая декоративная иконка, промо либо служебная графика. Не входит в комплект для разработки.",,,,autorally.html
,,asset-205771ceabad,https://skysend.ru/images/news/moscow/skrin_start.png,,excluded,,,,not-downloaded,excluded,,"Нерелевантный раздел, дубль thumbnail, устаревшая декоративная иконка, промо либо служебная графика. Не входит в комплект для разработки.",,,,autorally.html
,,asset-f552f89236d2,https://skysend.ru/images/novie-rinki-sbita/1.png,,excluded,,,,not-downloaded,excluded,,"Нерелевантный раздел, дубль thumbnail, устаревшая декоративная иконка, промо либо служебная графика. Не входит в комплект для разработки.",,,,partners__suppliers__sales-network-products.html
,,asset-5b046d41a3c5,https://skysend.ru/images/novie-rinki-sbita/2.png,,excluded,,,,not-downloaded,excluded,,"Нерелевантный раздел, дубль thumbnail, устаревшая декоративная иконка, промо либо служебная графика. Не входит в комплект для разработки.",,,,partners__suppliers__sales-network-products.html
,,asset-1f84f48c7ad8,https://skysend.ru/images/podderjka/1.png,,excluded,,,,not-downloaded,excluded,,"Нерелевантный раздел, дубль thumbnail, устаревшая декоративная иконка, промо либо служебная графика. Не входит в комплект для разработки.",,,,about__feedback.html
,,asset-4826f696436e,https://skysend.ru/images/podderjka/2.png,,excluded,,,,not-downloaded,excluded,,"Нерелевантный раздел, дубль thumbnail, устаревшая декоративная иконка, промо либо служебная графика. Не входит в комплект для разработки.",,,,about__feedback.html
,,asset-57bcb43542ed,https://skysend.ru/images/podderjka/bg-podderjka.png,,excluded,,,,not-downloaded,excluded,,"Нерелевантный раздел, дубль thumbnail, устаревшая декоративная иконка, промо либо служебная графика. Не входит в комплект для разработки.",,,,about__feedback.html
,,asset-302a714ba357,https://skysend.ru/images/podkuchenie-k-finger/1.png,,excluded,,,,not-downloaded,excluded,,"Нерелевантный раздел, дубль thumbnail, устаревшая декоративная иконка, промо либо служебная графика. Не входит в комплект для разработки.",,,,partners__providers__connecting-to-finger.html
,,asset-e45fe7e63681,https://skysend.ru/images/podkuchenie-k-finger/2.png,,excluded,,,,not-downloaded,excluded,,"Нерелевантный раздел, дубль thumbnail, устаревшая декоративная иконка, промо либо служебная графика. Не входит в комплект для разработки.",,,,partners__providers__connecting-to-finger.html
,,asset-62722acdbe23,https://skysend.ru/images/podkuchenie-k-finger/3.png,,excluded,,,,not-downloaded,excluded,,"Нерелевантный раздел, дубль thumbnail, устаревшая декоративная иконка, промо либо служебная графика. Не входит в комплект для разработки.",,,,partners__providers__connecting-to-finger.html
,,asset-15fb3f238040,https://skysend.ru/images/priem-plat/1.png,,excluded,,,,not-downloaded,excluded,,"Нерелевантный раздел, дубль thumbnail, устаревшая декоративная иконка, промо либо служебная графика. Не входит в комплект для разработки.",,,,partners__agent__rma.html | partners__gateway__operator-point.html
,,asset-786b532a2d4c,https://skysend.ru/images/prodaja-tovarov/1.png,,excluded,,,,not-downloaded,excluded,,"Нерелевантный раздел, дубль thumbnail, устаревшая декоративная иконка, промо либо служебная графика. Не входит в комплект для разработки.",,,,partners__suppliers__connectingto-finger.html | partners__suppliers__connectingto-skysend.html
,,asset-5595c2488733,https://skysend.ru/images/prodaja-tovarov/2.png,,excluded,,,,not-downloaded,excluded,,"Нерелевантный раздел, дубль thumbnail, устаревшая декоративная иконка, промо либо служебная графика. Не входит в комплект для разработки.",,,,partners__suppliers__connectingto-finger.html | partners__suppliers__connectingto-skysend.html
,,asset-d73dcf0c87d9,https://skysend.ru/images/prodaja-tovarov/3.png,,excluded,,,,not-downloaded,excluded,,"Нерелевантный раздел, дубль thumbnail, устаревшая декоративная иконка, промо либо служебная графика. Не входит в комплект для разработки.",,,,partners__suppliers__connectingto-finger.html | partners__suppliers__connectingto-skysend.html
,,asset-513c26398cd2,https://skysend.ru/images/provedenie-plat-posredstvom-xml/2.png,,excluded,,,,not-downloaded,excluded,,"Нерелевантный раздел, дубль thumbnail, устаревшая декоративная иконка, промо либо служебная графика. Не входит в комплект для разработки.",,,,partners__gateway__xml.html
,,asset-aa2f90fe0a4c,https://skysend.ru/images/qq.jpg,,excluded,,,,not-downloaded,excluded,,"Нерелевантный раздел, дубль thumbnail, устаревшая декоративная иконка, промо либо служебная графика. Не входит в комплект для разработки.",,,,about.html | about__feedback.html | about__geografiy.html | about__history.html | about__jobs.html | about__leaders.html | about__leaders__belyaeva-olga-konstantinovna.html | about__leaders__ignatev-alexey-nikolaevich.html | about__leaders__lifanova-natalya-vladimirovna.html | about__leaders__starodub-igor-vladimirovich.html | about__leaders__stepina-anna-anatolevna.html | about__news.html | about__news__201-business-mission-az.html | about__news__202-support-older-versions.html | about__news__203-connecting-terminals.html | about__news__205-18.html | about__news__76-sweetstock.html | about__our-goals.html | about__providers.html | allvend.html | autorally.html | benefits.html | benefits__exclusive-innovations.html | benefits__highest-award.html | benefits__lower-costs.html | benefits__online-support.html | benefits__protection-of-data.html | benefits__stable-job.html | benefits__the-high-speed.html | buy.html | buy__accessories.html | buy__accessories__acceptor.html | buy__accessories__fiscal-registrars.html | buy__accessories__hardware.html | buy__accessories__modems.html | buy__accessories__other-parts.html | buy__accessories__printers.html | buy__accessories__touch-screens-and-monitors.html | buy__fingerprint.html | buy__fiscal-server.html | buy__flash-drives.html | buy__payment-terminals.html | component__k2__item__16__411c1b7a.html | download.html | download__10.html | download__11.html | download__2.html | download__3.html | download__4.html | download__5.html | download__6.html | download__7.html | download__8.html | download__9.html | home.html | partners.html | partners__advertisers__advertising-on-the-check.html | partners__advertisers__efficiency.html | partners__advertisers__information.html | partners__advertisers__online-sms-delivery.html | partners__advertisers__partnerships.html | partners__advertisers__price.html | partners__advertisers__statistics-shows.html | partners__advertisers__targeting.html | partners__advertisers__videoadvertising.html | partners__agent__buy-terminals.html | partners__agent__cost-reduction.html | partners__agent__fingerprint-scanner.html | partners__agent__income.html | partners__agent__information.html | partners__agent__innovation.html | partners__agent__remote-control.html | partners__agent__rma.html | partners__agent__stable-work.html | partners__agent__transfer-terminal.html | partners__gateway__buy-terminal.html | partners__gateway__connect-providers.html | partners__gateway__high-reward.html | partners__gateway__highspeed.html | partners__gateway__information.html | partners__gateway__operator-point.html | partners__gateway__quick-start.html | partners__gateway__round-the-clock-support.html | partners__gateway__translate-terminal.html | partners__gateway__xml.html | partners__providers__automate-reporting.html | partners__providers__connecting-to-finger.html | partners__providers__connecting-to-skysend.html | partners__providers__free-connection.html | partners__providers__high-speed.html | partners__providers__information.html | partners__providers__partnership.html | partners__providers__payment-collection.html | partners__providers__placing-terminals.html | partners__providers__privacy-policy.html | partners__representatives__cashier-in-the-region.html | partners__representatives__connecting-players.html | partners__representatives__dealer-discounts.html | partners__representatives__exclusivity-in-the-region.html | partners__representatives__items-of-income.html | partners__representatives__mastering-directions.html | partners__representatives__predstavitelyam.html | partners__representatives__publication-of-information.html | partners__representatives__running-banks-fps.html | partners__suppliers__connectingto-finger.html | partners__suppliers__connectingto-skysend.html | partners__suppliers__directory-of-products.html | partners__suppliers__ease-of-interaction.html | partners__suppliers__freeconnection.html | partners__suppliers__increase-sales.html | partners__suppliers__information.html | partners__suppliers__integration-in-xml.html | partners__suppliers__sales-network-products.html | partners__suppliers__work-in-the-office.html | pravila-sistemy.html | program.html | program__finger.html | program__rma-android.html | program__rma-pc.html | program__software-for-pos-terminal.html | program__terminal-software.html | program__xml-gateway.html
,,asset-ab6ff73c4d99,https://skysend.ru/images/qw/big1.png,,excluded,,,,not-downloaded,excluded,,"Нерелевантный раздел, дубль thumbnail, устаревшая декоративная иконка, промо либо служебная графика. Не входит в комплект для разработки.",,,,about__news.html | about__news__203-connecting-terminals.html
,,asset-ee5d2fb102fc,https://skysend.ru/images/qw/small1.png,,excluded,,,,not-downloaded,excluded,,"Нерелевантный раздел, дубль thumbnail, устаревшая декоративная иконка, промо либо служебная графика. Не входит в комплект для разработки.",,,,home.html
,,asset-288816d6f666,https://skysend.ru/images/razmeshenie-terminalov/1.png,,excluded,,,,not-downloaded,excluded,,"Нерелевантный раздел, дубль thumbnail, устаревшая декоративная иконка, промо либо служебная графика. Не входит в комплект для разработки.",,,,partners__providers__placing-terminals.html
,,asset-3dd5b0923abf,https://skysend.ru/images/razmeshenie-terminalov/2.png,,excluded,,,,not-downloaded,excluded,,"Нерелевантный раздел, дубль thumbnail, устаревшая декоративная иконка, промо либо служебная графика. Не входит в комплект для разработки.",,,,partners__providers__placing-terminals.html
,,asset-5cc8e504d721,https://skysend.ru/images/rost-dohodov/1.png,,excluded,,,,not-downloaded,excluded,,"Нерелевантный раздел, дубль thumbnail, устаревшая декоративная иконка, промо либо служебная графика. Не входит в комплект для разработки.",,,,partners__advertisers__price.html | partners__agent__income.html | partners__providers__free-connection.html | partners__representatives__dealer-discounts.html | partners__suppliers__increase-sales.html
,,asset-1ca884ceb3f7,https://skysend.ru/images/rost-dohodov/2.png,,excluded,,,,not-downloaded,excluded,,"Нерелевантный раздел, дубль thumbnail, устаревшая декоративная иконка, промо либо служебная графика. Не входит в комплект для разработки.",,,,partners__agent__income.html
,,asset-ae3eac0c7dcd,https://skysend.ru/images/rost-dohodov/4.png,,excluded,,,,not-downloaded,excluded,,"Нерелевантный раздел, дубль thumbnail, устаревшая декоративная иконка, промо либо служебная графика. Не входит в комплект для разработки.",,,,partners__agent__income.html
image/jpeg,False,asset-8fa62b17618a,https://skysend.ru/images/screenshots/RMA_android.jpg,assets/originals/RMA_android.jpg,software-screenshot,308,545,70336,verified,approved-original,home.software / software.detail,Реальный интерфейс с исходного сайта. Подписать как экран исходной версии; при релизе заменять только реальным новым screenshot.,c1af0284d03957d225acda425289e35e88d9f5969efbb15a36b845ea90e151b1,,,program__rma-android.html
image/png,False,asset-0407189a8513,https://skysend.ru/images/screenshots/RMA_win_lin.png,assets/originals/RMA_win_lin.png,software-screenshot,1920,1080,297265,verified,approved-original,home.software / software.detail,Реальный интерфейс с исходного сайта. Подписать как экран исходной версии; при релизе заменять только реальным новым screenshot.,2e9c6ed00fd85916b63bca52b34d0282562712fbd3cc662040a5e17cf3a3bc65,,,program__rma-pc.html
,,asset-1519110046bf,https://skysend.ru/images/screenshots/thumbnails/thumb_RMA_android.jpg,,excluded,,,,not-downloaded,excluded,,"Нерелевантный раздел, дубль thumbnail, устаревшая декоративная иконка, промо либо служебная графика. Не входит в комплект для разработки.",,,,program__rma-android.html
,,asset-29922fddd5f1,https://skysend.ru/images/screenshots/thumbnails/thumb_RMA_win_lin.png,,excluded,,,,not-downloaded,excluded,,"Нерелевантный раздел, дубль thumbnail, устаревшая декоративная иконка, промо либо служебная графика. Не входит в комплект для разработки.",,,,program__rma-pc.html
,,asset-e98174942020,https://skysend.ru/images/set-priema-plat/1.png,,excluded,,,,not-downloaded,excluded,,"Нерелевантный раздел, дубль thumbnail, устаревшая декоративная иконка, промо либо служебная графика. Не входит в комплект для разработки.",,,,partners__providers__connecting-to-skysend.html
,,asset-6a86c174f704,https://skysend.ru/images/set-priema-plat/2.png,,excluded,,,,not-downloaded,excluded,,"Нерелевантный раздел, дубль thumbnail, устаревшая декоративная иконка, промо либо служебная графика. Не входит в комплект для разработки.",,,,benefits__highest-award.html | partners__gateway__high-reward.html | partners__providers__connecting-to-skysend.html | partners__providers__payment-collection.html
,,asset-f4be48be8480,https://skysend.ru/images/set-priema-plat/3.png,,excluded,,,,not-downloaded,excluded,,"Нерелевантный раздел, дубль thumbnail, устаревшая декоративная иконка, промо либо служебная графика. Не входит в комплект для разработки.",,,,partners__providers__connecting-to-skysend.html
,,asset-3805f41e968e,https://skysend.ru/images/skaner/1.png,,excluded,,,,not-downloaded,excluded,,"Нерелевантный раздел, дубль thumbnail, устаревшая декоративная иконка, промо либо служебная графика. Не входит в комплект для разработки.",,,,partners__agent__fingerprint-scanner.html
,,asset-b7dcc0feb269,https://skysend.ru/images/skaner/2.png,,excluded,,,,not-downloaded,excluded,,"Нерелевантный раздел, дубль thumbnail, устаревшая декоративная иконка, промо либо служебная графика. Не входит в комплект для разработки.",,,,partners__agent__fingerprint-scanner.html | partners__providers__payment-collection.html
,,asset-2ffb9676e3a9,https://skysend.ru/images/snijenie-rashodov/1.png,,excluded,,,,not-downloaded,excluded,,"Нерелевантный раздел, дубль thumbnail, устаревшая декоративная иконка, промо либо служебная графика. Не входит в комплект для разработки.",,,,partners__agent__buy-terminals.html
,,asset-d0de7f2f3130,https://skysend.ru/images/snijenie-rashodov/usb.png,,excluded,,,,not-downloaded,excluded,,"Нерелевантный раздел, дубль thumbnail, устаревшая декоративная иконка, промо либо служебная графика. Не входит в комплект для разработки.",,,,benefits__lower-costs.html | partners__agent__cost-reduction.html | partners__agent__transfer-terminal.html | partners__gateway__translate-terminal.html
,,asset-641fb220ace1,https://skysend.ru/images/stab-rabota/1.png,,excluded,,,,not-downloaded,excluded,,"Нерелевантный раздел, дубль thumbnail, устаревшая декоративная иконка, промо либо служебная графика. Не входит в комплект для разработки.",,,,benefits__stable-job.html | partners__agent__stable-work.html
,,asset-ee57bdb8c4a5,https://skysend.ru/images/stab-rabota/2.png,,excluded,,,,not-downloaded,excluded,,"Нерелевантный раздел, дубль thumbnail, устаревшая декоративная иконка, промо либо служебная графика. Не входит в комплект для разработки.",,,,benefits__stable-job.html | partners__agent__stable-work.html
,,asset-103e90d7c61b,https://skysend.ru/images/stab-rabota/3.png,,excluded,,,,not-downloaded,excluded,,"Нерелевантный раздел, дубль thumbnail, устаревшая декоративная иконка, промо либо служебная графика. Не входит в комплект для разработки.",,,,benefits__stable-job.html | partners__agent__stable-work.html
,,asset-3fb51439a27b,https://skysend.ru/images/statii-dohodov/1.png,,excluded,,,,not-downloaded,excluded,,"Нерелевантный раздел, дубль thumbnail, устаревшая декоративная иконка, промо либо служебная графика. Не входит в комплект для разработки.",,,,partners__representatives__connecting-players.html | partners__representatives__items-of-income.html | partners__representatives__mastering-directions.html | partners__representatives__publication-of-information.html
,,asset-5bfe3cb70064,https://skysend.ru/images/statii-dohodov/2.png,,excluded,,,,not-downloaded,excluded,,"Нерелевантный раздел, дубль thumbnail, устаревшая декоративная иконка, промо либо служебная графика. Не входит в комплект для разработки.",,,,partners__representatives__connecting-players.html | partners__representatives__items-of-income.html | partners__representatives__mastering-directions.html
,,asset-eaea9644c139,https://skysend.ru/images/statii-dohodov/3.png,,excluded,,,,not-downloaded,excluded,,"Нерелевантный раздел, дубль thumbnail, устаревшая декоративная иконка, промо либо служебная графика. Не входит в комплект для разработки.",,,,partners__representatives__connecting-players.html | partners__representatives__items-of-income.html | partners__representatives__mastering-directions.html
,,asset-a83026e8b449,https://skysend.ru/images/statii-dohodov/4.png,,excluded,,,,not-downloaded,excluded,,"Нерелевантный раздел, дубль thumbnail, устаревшая декоративная иконка, промо либо служебная графика. Не входит в комплект для разработки.",,,,partners__representatives__items-of-income.html | partners__representatives__mastering-directions.html
,,asset-e7372aa80112,https://skysend.ru/images/statii-dohodov/5.png,,excluded,,,,not-downloaded,excluded,,"Нерелевантный раздел, дубль thumbnail, устаревшая декоративная иконка, промо либо служебная графика. Не входит в комплект для разработки.",,,,partners__advertisers__efficiency.html | partners__advertisers__partnerships.html | partners__representatives__items-of-income.html | partners__representatives__mastering-directions.html
,,asset-af23ef564ed8,https://skysend.ru/images/statii-dohodov/6.png,,excluded,,,,not-downloaded,excluded,,"Нерелевантный раздел, дубль thumbnail, устаревшая декоративная иконка, промо либо служебная графика. Не входит в комплект для разработки.",,,,partners__representatives__items-of-income.html | partners__representatives__mastering-directions.html
,,asset-03ee4ee5c544,https://skysend.ru/images/statii-dohodov/7.png,,excluded,,,,not-downloaded,excluded,,"Нерелевантный раздел, дубль thumbnail, устаревшая декоративная иконка, промо либо служебная графика. Не входит в комплект для разработки.",,,,partners__representatives__items-of-income.html | partners__representatives__mastering-directions.html
,,asset-fd48e91ae85e,https://skysend.ru/images/statii-dohodov/8.png,,excluded,,,,not-downloaded,excluded,,"Нерелевантный раздел, дубль thumbnail, устаревшая декоративная иконка, промо либо служебная графика. Не входит в комплект для разработки.",,,,partners__representatives__items-of-income.html | partners__representatives__mastering-directions.html
,,asset-e26a279b16b4,https://skysend.ru/images/stories/virtuemart/category/1.jpg,,excluded,,,,not-downloaded,excluded,,"Нерелевантный раздел, дубль thumbnail, устаревшая декоративная иконка, промо либо служебная графика. Не входит в комплект для разработки.",,,,buy__accessories.html
,,asset-b16e2a988230,https://skysend.ru/images/stories/virtuemart/category/2.jpg,,excluded,,,,not-downloaded,excluded,,"Нерелевантный раздел, дубль thumbnail, устаревшая декоративная иконка, промо либо служебная графика. Не входит в комплект для разработки.",,,,buy__accessories.html
,,asset-730fcdcf9da0,https://skysend.ru/images/stories/virtuemart/category/3.jpg,,excluded,,,,not-downloaded,excluded,,"Нерелевантный раздел, дубль thumbnail, устаревшая декоративная иконка, промо либо служебная графика. Не входит в комплект для разработки.",,,,buy__accessories.html
,,asset-82f8b3a15568,https://skysend.ru/images/stories/virtuemart/category/4.jpg,,excluded,,,,not-downloaded,excluded,,"Нерелевантный раздел, дубль thumbnail, устаревшая декоративная иконка, промо либо служебная графика. Не входит в комплект для разработки.",,,,buy__accessories.html
,,asset-0d3e4449af2b,https://skysend.ru/images/stories/virtuemart/category/5.jpg,,excluded,,,,not-downloaded,excluded,,"Нерелевантный раздел, дубль thumbnail, устаревшая декоративная иконка, промо либо служебная графика. Не входит в комплект для разработки.",,,,buy__accessories.html
,,asset-50dfab9cbb94,https://skysend.ru/images/stories/virtuemart/category/6.jpg,,excluded,,,,not-downloaded,excluded,,"Нерелевантный раздел, дубль thumbnail, устаревшая декоративная иконка, промо либо служебная графика. Не входит в комплект для разработки.",,,,buy__accessories.html
,,asset-1c0438484886,https://skysend.ru/images/stories/virtuemart/category/7.jpg,,excluded,,,,not-downloaded,excluded,,"Нерелевантный раздел, дубль thumbnail, устаревшая декоративная иконка, промо либо служебная графика. Не входит в комплект для разработки.",,,,buy__accessories.html
,,asset-7a974b91b063,https://skysend.ru/images/stories/virtuemart/category/Flesh1.jpg,,excluded,,,,not-downloaded,excluded,,"Нерелевантный раздел, дубль thumbnail, устаревшая декоративная иконка, промо либо служебная графика. Не входит в комплект для разработки.",,,,buy.html
,,asset-ed002775ca6b,https://skysend.ru/images/stories/virtuemart/category/fiksalniy1.jpg,,excluded,,,,not-downloaded,excluded,,"Нерелевантный раздел, дубль thumbnail, устаревшая декоративная иконка, промо либо служебная графика. Не входит в комплект для разработки.",,,,buy.html
,,asset-a2eb9c2e31c7,https://skysend.ru/images/stories/virtuemart/category/komplekt1.jpg,,excluded,,,,not-downloaded,excluded,,"Нерелевантный раздел, дубль thumbnail, устаревшая декоративная иконка, промо либо служебная графика. Не входит в комплект для разработки.",,,,buy.html
,,asset-0726c87d4c07,https://skysend.ru/images/stories/virtuemart/category/plat-term1.jpg,,excluded,,,,not-downloaded,excluded,,"Нерелевантный раздел, дубль thumbnail, устаревшая декоративная иконка, промо либо служебная графика. Не входит в комплект для разработки.",,,,buy.html
,,asset-f74816f9b293,https://skysend.ru/images/stories/virtuemart/category/scaner1.jpg,,excluded,,,,not-downloaded,excluded,,"Нерелевантный раздел, дубль thumbnail, устаревшая декоративная иконка, промо либо служебная графика. Не входит в комплект для разработки.",,,,buy.html
image/png,False,asset-91c80682ebc6,https://skysend.ru/images/stories/virtuemart/product/17.png,assets/originals/17.png,hardware-product,354,228,75107,verified,approved-original,home.equipment / equipment.catalog,Оригинальная предметная фотография/рендер из каталога SkySend. Фактическое разрешение ограничивает размер вывода; не дорисовывать детали. Наличие товара и характеристики подтверждаются отдельно.,9c4744cf72a56a6ece4ec9032f73b5c6f5e80a391d48b2308c23432cf6d1b2c4,,,buy__accessories__touch-screens-and-monitors.html
image/png,False,asset-30000b1cb8cd,https://skysend.ru/images/stories/virtuemart/product/17bu.png,assets/originals/17bu.png,hardware-product,194,223,49685,verified,approved-original,home.equipment / equipment.catalog,Оригинальная предметная фотография/рендер из каталога SkySend. Фактическое разрешение ограничивает размер вывода; не дорисовывать детали. Наличие товара и характеристики подтверждаются отдельно.,7addbf515a8efa8f2390c4a967f6b147ebd63210d23f67ee9101765b4fec4601,,,buy__accessories__touch-screens-and-monitors.html
image/png,False,asset-4c55c76018d7,https://skysend.ru/images/stories/virtuemart/product/CashCode_MVU.png,assets/originals/CashCode_MVU.png,hardware-product,559,570,353520,verified,approved-original,home.equipment / equipment.catalog,Оригинальная предметная фотография/рендер из каталога SkySend. Фактическое разрешение ограничивает размер вывода; не дорисовывать детали. Наличие товара и характеристики подтверждаются отдельно.,31c58ae15cabf3c2ada9bcac260654555d55c1306c7e068216546257a3f98c9c,,,buy__accessories__acceptor.html
image/png,False,asset-518428e03829,https://skysend.ru/images/stories/virtuemart/product/CashCode_MVU_bu.png,assets/originals/CashCode_MVU_bu.png,hardware-product,305,305,103047,verified,approved-original,home.equipment / equipment.catalog,Оригинальная предметная фотография/рендер из каталога SkySend. Фактическое разрешение ограничивает размер вывода; не дорисовывать детали. Наличие товара и характеристики подтверждаются отдельно.,de9cb23e4dc626a532ddc36026435d998a7a8384a9a52123c9e26581e1143973,,,buy__accessories__acceptor.html
image/png,False,asset-a47d880d9a73,https://skysend.ru/images/stories/virtuemart/product/CashCode_SM.png,assets/originals/CashCode_SM.png,hardware-product,418,461,172986,verified,approved-original,home.equipment / equipment.catalog,Оригинальная предметная фотография/рендер из каталога SkySend. Фактическое разрешение ограничивает размер вывода; не дорисовывать детали. Наличие товара и характеристики подтверждаются отдельно.,acfdea55495f07459b0bdeee1b0456cc5ef5e656182ad332dc8e2884bc0217de,,,buy__accessories__acceptor.html
image/png,False,asset-52e98625b04f,https://skysend.ru/images/stories/virtuemart/product/CashCode_SM8.png,assets/originals/CashCode_SM8.png,hardware-product,307,457,104200,verified,approved-original,home.equipment / equipment.catalog,Оригинальная предметная фотография/рендер из каталога SkySend. Фактическое разрешение ограничивает размер вывода; не дорисовывать детали. Наличие товара и характеристики подтверждаются отдельно.,43a0d909f2d9e6af7c6809ea798616dda8a56a25ca14f541adc5f4b55edbabe4,,,buy__accessories__acceptor.html
image/png,False,asset-883222e5b9db,https://skysend.ru/images/stories/virtuemart/product/FastPay Simple.png,assets/originals/FastPay Simple.png,hardware-product,425,830,268254,verified,approved-original,home.equipment / equipment.catalog,Оригинальная предметная фотография/рендер из каталога SkySend. Фактическое разрешение ограничивает размер вывода; не дорисовывать детали. Наличие товара и характеристики подтверждаются отдельно.,a8a994cbea18a79b7ef3b7939c4dae44dd1e22f54e6cd0878941adc326fbc0e3,,,buy.html | buy__payment-terminals.html | verified-fullsize-derivative-url
image/png,False,asset-e7be12fdf6a2,https://skysend.ru/images/stories/virtuemart/product/apro.png,assets/originals/apro.png,hardware-product,494,380,173326,verified,approved-original,home.equipment / equipment.catalog,Оригинальная предметная фотография/рендер из каталога SkySend. Фактическое разрешение ограничивает размер вывода; не дорисовывать детали. Наличие товара и характеристики подтверждаются отдельно.,bc30c30df7175be98146f7ef2aba3e9793ea4649f1f5b764e548aa36244fee5c,,,buy__flash-drives.html
image/png,False,asset-054b49ffe78f,https://skysend.ru/images/stories/virtuemart/product/atx_300.png,assets/originals/atx_300.png,hardware-product,769,451,378163,verified,approved-original,home.equipment / equipment.catalog,Оригинальная предметная фотография/рендер из каталога SkySend. Фактическое разрешение ограничивает размер вывода; не дорисовывать детали. Наличие товара и характеристики подтверждаются отдельно.,0b128fb5b59d3898d78c0f48d3974996ee70360b7ace072f6bd66e7b0157c112,,,buy__accessories__hardware.html
image/png,False,asset-88ea3ce98f64,https://skysend.ru/images/stories/virtuemart/product/beautyII4.png,assets/originals/beautyII4.png,hardware-product,355,858,351025,verified,approved-original,home.equipment / equipment.catalog,Оригинальная предметная фотография/рендер из каталога SkySend. Фактическое разрешение ограничивает размер вывода; не дорисовывать детали. Наличие товара и характеристики подтверждаются отдельно.,f1f5a7d8b32fcf7b3458b23d0cdaa6f34fb628c35001a6fa6d2c00d5cff03f63,,,buy.html | buy__payment-terminals.html | verified-fullsize-derivative-url
image/png,False,asset-33115c2c2c5a,https://skysend.ru/images/stories/virtuemart/product/ddr3.png,assets/originals/ddr3.png,hardware-product,720,434,435518,verified,approved-original,home.equipment / equipment.catalog,Оригинальная предметная фотография/рендер из каталога SkySend. Фактическое разрешение ограничивает размер вывода; не дорисовывать детали. Наличие товара и характеристики подтверждаются отдельно.,f0d61fd04414550537efca68d15d6f4463ffe7416d049aaf8600f9c545fa81d1,,,buy.html | buy__accessories__hardware.html
image/png,False,asset-cc201d6a5540,https://skysend.ru/images/stories/virtuemart/product/fiskalniy-server.png,assets/originals/fiskalniy-server.png,hardware-product,441,667,106093,verified,approved-original,home.equipment / equipment.catalog,Оригинальная предметная фотография/рендер из каталога SkySend. Фактическое разрешение ограничивает размер вывода; не дорисовывать детали. Наличие товара и характеристики подтверждаются отдельно.,27e6730c39315eb79bda659f0f96f5e875f05bd494a53847325094ab4391727e,,,buy__accessories__fiscal-registrars.html | buy__fiscal-server.html
image/png,False,asset-858cf90a9893,https://skysend.ru/images/stories/virtuemart/product/ide.png,assets/originals/ide.png,hardware-product,376,321,150416,verified,approved-original,home.equipment / equipment.catalog,Оригинальная предметная фотография/рендер из каталога SkySend. Фактическое разрешение ограничивает размер вывода; не дорисовывать детали. Наличие товара и характеристики подтверждаются отдельно.,786627f369236a428158e0f0b51463eb3ab106af109964e368c456bcf7845f6f,,,buy__flash-drives.html
image/png,False,asset-88325024b618,https://skysend.ru/images/stories/virtuemart/product/keetouch.png,assets/originals/keetouch.png,hardware-product,1103,426,489390,verified,approved-original,home.equipment / equipment.catalog,Оригинальная предметная фотография/рендер из каталога SkySend. Фактическое разрешение ограничивает размер вывода; не дорисовывать детали. Наличие товара и характеристики подтверждаются отдельно.,172390b77bd0e6e3f60757091b0cd5d504dfdfca8ce434d4130f133ef8e40fbf,,,buy__accessories__touch-screens-and-monitors.html
image/png,False,asset-83b619d55e9e,https://skysend.ru/images/stories/virtuemart/product/mini_itx.png,assets/originals/mini_itx.png,hardware-product,600,393,325309,verified,approved-original,home.equipment / equipment.catalog,Оригинальная предметная фотография/рендер из каталога SkySend. Фактическое разрешение ограничивает размер вывода; не дорисовывать детали. Наличие товара и характеристики подтверждаются отдельно.,6dab056a68cb3a99d57659439c546573d965150b83084a25b36cb83b0b200066,,,buy__accessories__hardware.html
image/png,False,asset-213ab367433c,https://skysend.ru/images/stories/virtuemart/product/pay.png,assets/originals/pay.png,hardware-product,438,306,164388,verified,approved-original,home.equipment / equipment.catalog,Оригинальная предметная фотография/рендер из каталога SkySend. Фактическое разрешение ограничивает размер вывода; не дорисовывать детали. Наличие товара и характеристики подтверждаются отдельно.,a9cedc6d6eecdf2897ee42060fae99f7b687e01f7afa31a976857388d69a904c,,,buy__accessories__fiscal-registrars.html
,,asset-1eda1eb9f638,https://skysend.ru/images/stories/virtuemart/product/resized/17_200x.png,,excluded,,,,not-downloaded,excluded,,"Нерелевантный раздел, дубль thumbnail, устаревшая декоративная иконка, промо либо служебная графика. Не входит в комплект для разработки.",,,,buy__accessories__touch-screens-and-monitors.html
,,asset-88ab9f007538,https://skysend.ru/images/stories/virtuemart/product/resized/17bu_200x.png,,excluded,,,,not-downloaded,excluded,,"Нерелевантный раздел, дубль thumbnail, устаревшая декоративная иконка, промо либо служебная графика. Не входит в комплект для разработки.",,,,buy__accessories__touch-screens-and-monitors.html
,,asset-09bdf90dbcb9,https://skysend.ru/images/stories/virtuemart/product/resized/CashCode_MVU_200x.png,,excluded,,,,not-downloaded,excluded,,"Нерелевантный раздел, дубль thumbnail, устаревшая декоративная иконка, промо либо служебная графика. Не входит в комплект для разработки.",,,,buy__accessories__acceptor.html
,,asset-4ab28662aebd,https://skysend.ru/images/stories/virtuemart/product/resized/CashCode_MVU_bu_200x.png,,excluded,,,,not-downloaded,excluded,,"Нерелевантный раздел, дубль thumbnail, устаревшая декоративная иконка, промо либо служебная графика. Не входит в комплект для разработки.",,,,buy__accessories__acceptor.html
,,asset-c1304b0f8801,https://skysend.ru/images/stories/virtuemart/product/resized/CashCode_SM8_200x.png,,excluded,,,,not-downloaded,excluded,,"Нерелевантный раздел, дубль thumbnail, устаревшая декоративная иконка, промо либо служебная графика. Не входит в комплект для разработки.",,,,buy__accessories__acceptor.html
,,asset-d924a201d308,https://skysend.ru/images/stories/virtuemart/product/resized/CashCode_SM_200x.png,,excluded,,,,not-downloaded,excluded,,"Нерелевантный раздел, дубль thumbnail, устаревшая декоративная иконка, промо либо служебная графика. Не входит в комплект для разработки.",,,,buy__accessories__acceptor.html
,,asset-b7a1b298a525,https://skysend.ru/images/stories/virtuemart/product/resized/FastPay Simple_200x.png,,excluded,,,,not-downloaded,excluded,,"Нерелевантный раздел, дубль thumbnail, устаревшая декоративная иконка, промо либо служебная графика. Не входит в комплект для разработки.",,,,buy.html | buy__payment-terminals.html
,,asset-6547d4de57b0,https://skysend.ru/images/stories/virtuemart/product/resized/apro_200x.png,,excluded,,,,not-downloaded,excluded,,"Нерелевантный раздел, дубль thumbnail, устаревшая декоративная иконка, промо либо служебная графика. Не входит в комплект для разработки.",,,,buy__flash-drives.html
,,asset-456b97ae5f6e,https://skysend.ru/images/stories/virtuemart/product/resized/atx_300_200x.png,,excluded,,,,not-downloaded,excluded,,"Нерелевантный раздел, дубль thumbnail, устаревшая декоративная иконка, промо либо служебная графика. Не входит в комплект для разработки.",,,,buy__accessories__hardware.html
,,asset-37d225aff62c,https://skysend.ru/images/stories/virtuemart/product/resized/beautyII4_200x.png,,excluded,,,,not-downloaded,excluded,,"Нерелевантный раздел, дубль thumbnail, устаревшая декоративная иконка, промо либо служебная графика. Не входит в комплект для разработки.",,,,buy.html | buy__payment-terminals.html
,,asset-947164434a00,https://skysend.ru/images/stories/virtuemart/product/resized/ddr3_200x.png,,excluded,,,,not-downloaded,excluded,,"Нерелевантный раздел, дубль thumbnail, устаревшая декоративная иконка, промо либо служебная графика. Не входит в комплект для разработки.",,,,buy.html | buy__accessories__hardware.html
,,asset-cda44b0e6f24,https://skysend.ru/images/stories/virtuemart/product/resized/fiskalniy-server_200x.png,,excluded,,,,not-downloaded,excluded,,"Нерелевантный раздел, дубль thumbnail, устаревшая декоративная иконка, промо либо служебная графика. Не входит в комплект для разработки.",,,,buy__accessories__fiscal-registrars.html | buy__fiscal-server.html
,,asset-f4c6461e3e94,https://skysend.ru/images/stories/virtuemart/product/resized/ide_200x.png,,excluded,,,,not-downloaded,excluded,,"Нерелевантный раздел, дубль thumbnail, устаревшая декоративная иконка, промо либо служебная графика. Не входит в комплект для разработки.",,,,buy__flash-drives.html
,,asset-f5826efe8e25,https://skysend.ru/images/stories/virtuemart/product/resized/keetouch_200x.png,,excluded,,,,not-downloaded,excluded,,"Нерелевантный раздел, дубль thumbnail, устаревшая декоративная иконка, промо либо служебная графика. Не входит в комплект для разработки.",,,,buy__accessories__touch-screens-and-monitors.html
,,asset-b691002a2e5e,https://skysend.ru/images/stories/virtuemart/product/resized/mini_itx_200x.png,,excluded,,,,not-downloaded,excluded,,"Нерелевантный раздел, дубль thumbnail, устаревшая декоративная иконка, промо либо служебная графика. Не входит в комплект для разработки.",,,,buy__accessories__hardware.html
,,asset-f0db14f78746,https://skysend.ru/images/stories/virtuemart/product/resized/pay_200x.png,,excluded,,,,not-downloaded,excluded,,"Нерелевантный раздел, дубль thumbnail, устаревшая декоративная иконка, промо либо служебная графика. Не входит в комплект для разработки.",,,,buy__accessories__fiscal-registrars.html
,,asset-60c77ba3df93,https://skysend.ru/images/stories/virtuemart/product/resized/scaner_200x.png,,excluded,,,,not-downloaded,excluded,,"Нерелевантный раздел, дубль thumbnail, устаревшая декоративная иконка, промо либо служебная графика. Не входит в комплект для разработки.",,,,buy__fingerprint.html
,,asset-a346ffb926f3,https://skysend.ru/images/stories/virtuemart/product/resized/siemens_200x.png,,excluded,,,,not-downloaded,excluded,,"Нерелевантный раздел, дубль thumbnail, устаревшая декоративная иконка, промо либо служебная графика. Не входит в комплект для разработки.",,,,buy__accessories__modems.html
,,asset-04f37a721905,https://skysend.ru/images/stories/virtuemart/product/resized/term_200x.png,,excluded,,,,not-downloaded,excluded,,"Нерелевантный раздел, дубль thumbnail, устаревшая декоративная иконка, промо либо служебная графика. Не входит в комплект для разработки.",,,,buy__accessories__fiscal-registrars.html
,,asset-4ea7f9cca5e6,https://skysend.ru/images/stories/virtuemart/product/resized/termoprinter_200x.png,,excluded,,,,not-downloaded,excluded,,"Нерелевантный раздел, дубль thumbnail, устаревшая декоративная иконка, промо либо служебная графика. Не входит в комплект для разработки.",,,,buy__accessories__printers.html
,,asset-07640f807ba3,https://skysend.ru/images/stories/virtuemart/product/resized/usb_200x.png,,excluded,,,,not-downloaded,excluded,,"Нерелевантный раздел, дубль thumbnail, устаревшая декоративная иконка, промо либо служебная графика. Не входит в комплект для разработки.",,,,buy__flash-drives.html
,,asset-b75c80389399,https://skysend.ru/images/stories/virtuemart/product/resized/vkp_pow_200x.png,,excluded,,,,not-downloaded,excluded,,"Нерелевантный раздел, дубль thumbnail, устаревшая декоративная иконка, промо либо служебная графика. Не входит в комплект для разработки.",,,,buy__accessories__printers.html
image/png,False,asset-1e7c74ed7fdf,https://skysend.ru/images/stories/virtuemart/product/scaner.png,assets/originals/scaner.png,hardware-product,503,464,132163,verified,approved-original,home.equipment / equipment.catalog,Оригинальная предметная фотография/рендер из каталога SkySend. Фактическое разрешение ограничивает размер вывода; не дорисовывать детали. Наличие товара и характеристики подтверждаются отдельно.,7096ede62428578e069fbf7d2aaee2408bc83e9ab9afada728e3ca978209a63d,,,buy__fingerprint.html | verified-fullsize-derivative-url
image/png,False,asset-de005fe5b7c1,https://skysend.ru/images/stories/virtuemart/product/siemens.png,assets/originals/siemens.png,hardware-product,639,532,364814,verified,approved-original,home.equipment / equipment.catalog,Оригинальная предметная фотография/рендер из каталога SkySend. Фактическое разрешение ограничивает размер вывода; не дорисовывать детали. Наличие товара и характеристики подтверждаются отдельно.,ed64edf2b63ee01f56dff0ba00eb75b650d1e60765adb43a818052186f797d7e,,,buy__accessories__modems.html
image/png,False,asset-7a86e29ae4f4,https://skysend.ru/images/stories/virtuemart/product/term.png,assets/originals/term.png,hardware-product,438,306,102365,verified,approved-original,home.equipment / equipment.catalog,Оригинальная предметная фотография/рендер из каталога SkySend. Фактическое разрешение ограничивает размер вывода; не дорисовывать детали. Наличие товара и характеристики подтверждаются отдельно.,b53d22ccf17199a71aa4c3453d60e8c0324e7ff153b47d8a2ac6a3bdc1a4b0f6,,,buy__accessories__fiscal-registrars.html
image/png,False,asset-e4c8453aa62d,https://skysend.ru/images/stories/virtuemart/product/termoprinter.png,assets/originals/termoprinter.png,hardware-product,676,628,134288,verified,approved-original,home.equipment / equipment.catalog,Оригинальная предметная фотография/рендер из каталога SkySend. Фактическое разрешение ограничивает размер вывода; не дорисовывать детали. Наличие товара и характеристики подтверждаются отдельно.,71561c4bb70a566ef6d60ccaeb5b9cd983cebd65da86c3188bc9949b27620b00,,,buy__accessories__printers.html
image/png,False,asset-a936be583c4d,https://skysend.ru/images/stories/virtuemart/product/usb.png,assets/originals/usb.png,hardware-product,208,206,31839,verified,approved-original,home.equipment / equipment.catalog,Оригинальная предметная фотография/рендер из каталога SkySend. Фактическое разрешение ограничивает размер вывода; не дорисовывать детали. Наличие товара и характеристики подтверждаются отдельно.,e37ff0c38b25f8d5eb18bf696ab92cfb3d8c5d46abc5c62a18ba217689962e69,,,buy__flash-drives.html
image/png,False,asset-4c41b5f351e2,https://skysend.ru/images/stories/virtuemart/product/vkp_pow.png,assets/originals/vkp_pow.png,hardware-product,289,145,62740,verified,approved-original,home.equipment / equipment.catalog,Оригинальная предметная фотография/рендер из каталога SkySend. Фактическое разрешение ограничивает размер вывода; не дорисовывать детали. Наличие товара и характеристики подтверждаются отдельно.,ffd6744b2d08fd9e0cdf7f47f241df97c674d5d6ed881c7735201dbd3fede587,,,buy__accessories__printers.html
,,asset-3501a50904ba,https://skysend.ru/images/sweetstock.png,,excluded,,,,not-downloaded,excluded,,"Нерелевантный раздел, дубль thumbnail, устаревшая декоративная иконка, промо либо служебная графика. Не входит в комплект для разработки.",,,,about__news__76-sweetstock.html
,,asset-08175aa9ee1e,https://skysend.ru/images/targeting/1.png,,excluded,,,,not-downloaded,excluded,,"Нерелевантный раздел, дубль thumbnail, устаревшая декоративная иконка, промо либо служебная графика. Не входит в комплект для разработки.",,,,partners__advertisers__targeting.html
,,asset-82e819a46967,https://skysend.ru/images/targeting/2.png,,excluded,,,,not-downloaded,excluded,,"Нерелевантный раздел, дубль thumbnail, устаревшая декоративная иконка, промо либо служебная графика. Не входит в комплект для разработки.",,,,partners__advertisers__targeting.html
,,asset-b05dc6e8d478,https://skysend.ru/images/targeting/3.png,,excluded,,,,not-downloaded,excluded,,"Нерелевантный раздел, дубль thumbnail, устаревшая декоративная иконка, промо либо служебная графика. Не входит в комплект для разработки.",,,,partners__advertisers__targeting.html
,,asset-959dbd091605,https://skysend.ru/images/targeting/4.png,,excluded,,,,not-downloaded,excluded,,"Нерелевантный раздел, дубль thumbnail, устаревшая декоративная иконка, промо либо служебная графика. Не входит в комплект для разработки.",,,,partners__advertisers__targeting.html
,,asset-7063ad0463de,https://skysend.ru/images/targeting/5.png,,excluded,,,,not-downloaded,excluded,,"Нерелевантный раздел, дубль thumbnail, устаревшая декоративная иконка, промо либо служебная графика. Не входит в комплект для разработки.",,,,partners__advertisers__targeting.html
,,asset-5ef433b1f585,https://skysend.ru/images/targeting/6.png,,excluded,,,,not-downloaded,excluded,,"Нерелевантный раздел, дубль thumbnail, устаревшая декоративная иконка, промо либо служебная графика. Не входит в комплект для разработки.",,,,partners__advertisers__targeting.html
,,asset-81d109b81b7f,https://skysend.ru/images/udal-upr/1.png,,excluded,,,,not-downloaded,excluded,,"Нерелевантный раздел, дубль thumbnail, устаревшая декоративная иконка, промо либо служебная графика. Не входит в комплект для разработки.",,,,partners__agent__remote-control.html
,,asset-aa547333579a,https://skysend.ru/images/udal-upr/2.png,,excluded,,,,not-downloaded,excluded,,"Нерелевантный раздел, дубль thumbnail, устаревшая декоративная иконка, промо либо служебная графика. Не входит в комплект для разработки.",,,,partners__agent__remote-control.html
,,asset-3bbfcb16e96c,https://skysend.ru/images/visokaya-skorost/1.png,,excluded,,,,not-downloaded,excluded,,"Нерелевантный раздел, дубль thumbnail, устаревшая декоративная иконка, промо либо служебная графика. Не входит в комплект для разработки.",,,,benefits__the-high-speed.html | partners__gateway__highspeed.html | partners__providers__high-speed.html
,,asset-e3d9e438083e,https://skysend.ru/images/visokaya-skorost/2.png,,excluded,,,,not-downloaded,excluded,,"Нерелевантный раздел, дубль thumbnail, устаревшая декоративная иконка, промо либо служебная графика. Не входит в комплект для разработки.",,,,benefits__the-high-speed.html | partners__gateway__highspeed.html | partners__providers__high-speed.html
,,asset-cc063d9634ab,https://skysend.ru/images/zashita-dannih/2.png,,excluded,,,,not-downloaded,excluded,,"Нерелевантный раздел, дубль thumbnail, устаревшая декоративная иконка, промо либо служебная графика. Не входит в комплект для разработки.",,,,benefits__protection-of-data.html | partners__providers__privacy-policy.html
,,asset-6dbc3abb6b04,https://skysend.ru/images/zashita-dannih/3.png,,excluded,,,,not-downloaded,excluded,,"Нерелевантный раздел, дубль thumbnail, устаревшая декоративная иконка, промо либо служебная графика. Не входит в комплект для разработки.",,,,benefits__protection-of-data.html | partners__providers__privacy-policy.html
font/woff2,False,font-InterVariable.woff2,https://rsms.me/inter/font-files/InterVariable.woff2,assets/fonts/InterVariable.woff2,font,,,352240,verified,approved-original,global.typography,"Официальный Inter; кириллица и латиница, OFL 1.1. Self-host, font-display: swap.",693b77d4f32ee9b8bfc995589b5fad5e99adf2832738661f5402f9978429a8e3,,,
text/plain,False,font-OFL.txt,https://raw.githubusercontent.com/rsms/inter/master/LICENSE.txt,assets/fonts/OFL.txt,font-license,,,4380,verified,approved-original,global.typography,"Официальный Inter; кириллица и латиница, OFL 1.1. Self-host, font-display: swap.",262481e844521b326f5ecd053e59b98c8b2da78c8ee1bdbb6e8174305e54935a,,,
image/svg+xml,False,vector-allvend-brand,https://skysend.ru/images/downloads/allvend.png,assets/diagrams/allvend-brand.svg,generated-layout,760,500,315137,created-derived,approved-original,software.allvend.hero,"Официальный растровый знак встроен в SVG, крупные прозрачные поля скрыты viewport. Геометрия и цвета не изменены.",2eed30ef6c8ed978ead7877c82805e5f935216adfae1d414df9c1392776b8166,,,
image/svg+xml,False,vector-allvend-infokiosk,https://skysend.ru/images/downloads/po/12_full.png,assets/diagrams/allvend-infokiosk.svg,generated-layout,1120,680,1964066,created-derived,approved-original,software.allvend.infokiosk,Реальный архивный экран инфокиоска выделен из исходного strip через SVG viewport. Интерфейс не дорисован; подпись на странице сообщает об архивном статусе.,e7092553f712c332406996bcdd833dfeeb0175ed161c7ec711b46a2d96294589,,,
image/svg+xml,False,vector-commerce-flow-mobile,https://skysend.ru/allvend.html,assets/diagrams/commerce-flow-mobile.svg,diagram,360,590,2004,created-derived,approved-original,home.commerce.mobile / software.allvend.mobile,"Создана вручную кодом на основе описания функций старого сайта. Это схема, а не screenshot продукта. Проверены XML и визуальный рендер.",46b80511b45f0230d07d76f265a6cec54dae012f3446006d3583187ab659cf5d,,,
image/svg+xml,False,vector-commerce-flow,https://skysend.ru/allvend.html,assets/diagrams/commerce-flow.svg,diagram,1120,310,1971,created-derived,approved-original,home.commerce / software.allvend,"Создана вручную кодом на основе описания функций старого сайта. Это схема, а не screenshot продукта. Проверены XML и визуальный рендер.",4894f74250eb3001879c8788b85c5ab94fc520e2ccc0ccd7a0a79ca87412159c,,,
image/svg+xml,False,vector-contact-panel,https://skysend.ru/about/feedback.html,assets/diagrams/contact-panel.svg,diagram,720,390,1713,created-derived,approved-original,support.contacts,"Создана вручную кодом на основе описания функций старого сайта. Это схема, а не screenshot продукта. Проверены XML и визуальный рендер.",50f0283e602f663835c336cc4fb66c7a18cafb61ed8aadb5245d509d7754feda,,,
image/svg+xml,False,vector-finger-functions,https://skysend.ru/program/finger.html,assets/diagrams/finger-functions.svg,diagram,890,390,229065,created-derived,approved-original,software.finger,"Создана вручную кодом на основе описания функций старого сайта. Это схема, а не screenshot продукта. Проверены XML и визуальный рендер.",df508ae7869355e492d6efaf5746c87a893dc56b5dd146f4945cb89892b3f6d0,,,
image/svg+xml,False,vector-infokiosk-flow,https://skysend.ru/allvend.html,assets/diagrams/infokiosk-flow.svg,diagram,1000,380,1599,created-derived,approved-original,software.infokiosk,"Создана вручную кодом на основе описания функций старого сайта. Это схема, а не screenshot продукта. Проверены XML и визуальный рендер.",087150505a97880d53031353cd4978a539b399af217401f05f4d83ea1c2eb3c7,,,
image/svg+xml,False,vector-interface-customization,https://skysend.ru/images/downloads/po/8_full.png,assets/diagrams/interface-customization.svg,generated-layout,1120,404,1205105,created-derived,approved-original,software.customization,"Компоновка двух реальных экранов из верхнего ряда: SVG viewport clipping без изменения пикселей. Видимый заголовок внутри изображения удалён; полный source PNG встроен один раз, нижние промо вне viewports.",719a34e5d8a886d9afac8ddfb177649a07df40bb3ea7ef522cdeabc76baca18e,,,
image/svg+xml,False,vector-payment-network,https://skysend.ru/program.html,assets/diagrams/payment-network.svg,diagram,1120,500,2408,created-derived,approved-original,home.hero / partners,"Создана вручную кодом на основе описания функций старого сайта. Это схема, а не screenshot продукта. Проверены XML и визуальный рендер.",18c86e5a6694f62be71ab9dc78c25bc2aedddd13758e3c4f9a28dd00c50855b1,,,
image/svg+xml,False,vector-pos-capabilities,https://skysend.ru/program/software-for-pos-terminal.html,assets/diagrams/pos-capabilities.svg,diagram,890,406,1900,created-derived,approved-original,software.pos,"Создана вручную кодом на основе описания функций старого сайта. Это схема, а не screenshot продукта. Проверены XML и визуальный рендер.",d5830d2743b5d5dc021882c4f216343c8c985f5d281f49a659c0b22b32d6d9a5,,,
image/svg+xml,False,vector-report-flow,https://skysend.ru/partners/providers/automate-reporting.html,assets/diagrams/report-flow.svg,diagram,1120,295,2108,created-derived,approved-original,partners.providers.reporting,"Создана вручную кодом на основе описания функций старого сайта. Это схема, а не screenshot продукта. Проверены XML и визуальный рендер.",ccff6d0ea9898cca5ba7c43c7f7a975bf53d6b541dd4f0f7065945a9acf067e4,,,
image/svg+xml,False,vector-supplier-exchange-mobile,https://skysend.ru/partners/suppliers/integration-in-xml.html,assets/diagrams/supplier-exchange-mobile.svg,diagram,360,620,2669,created-derived,approved-original,partners.suppliers.mobile,"Создана вручную кодом на основе описания функций старого сайта. Это схема, а не screenshot продукта. Проверены XML и визуальный рендер.",426722d041e310f1baed520733d68d394705a80645fc5c1b6744e6ec990cdf11,,,
image/svg+xml,False,vector-supplier-exchange,https://skysend.ru/partners/suppliers/integration-in-xml.html,assets/diagrams/supplier-exchange.svg,diagram,1120,416,2690,created-derived,approved-original,partners.suppliers,"Создана вручную кодом на основе описания функций старого сайта. Это схема, а не screenshot продукта. Проверены XML и визуальный рендер.",e47add880a0fd990756027efafda6b6cbfca4481587ff13ec7ad0d625959a20a,,,
image/svg+xml,False,vector-xml-flow,https://skysend.ru/program/xml-gateway.html,assets/diagrams/xml-flow.svg,diagram,1120,380,2442,created-derived,approved-original,software.xml,"Создана вручную кодом на основе описания функций старого сайта. Это схема, а не screenshot продукта. Проверены XML и визуальный рендер.",e1f3069828181ea097b4f4016da104243b3126a5b4c682c15a8f03d49c272606,,,
image/svg+xml,False,vector-arrow-right,original-code-native,assets/icons/arrow-right.svg,icon,24,24,242,created-derived,approved-original,global.ui,"Создана вручную кодом как самостоятельный SVG: 24×24, stroke 1.75, currentColor. Не содержит сторонних библиотек или AI-растров.",1ed73c75b66f8a3538f1b933e4cf651973d75227381cf69deb56a50f65fcee5f,,,
image/svg+xml,False,vector-close,original-code-native,assets/icons/close.svg,icon,24,24,241,created-derived,approved-original,global.ui,"Создана вручную кодом как самостоятельный SVG: 24×24, stroke 1.75, currentColor. Не содержит сторонних библиотек или AI-растров.",5e48d76127b5c566e07aa2cbbc5e06f20e16d4399bcd353b1b8ec58244c68a2e,,,
image/svg+xml,False,vector-desktop,original-code-native,assets/icons/desktop.svg,icon,24,24,295,created-derived,approved-original,global.ui,"Создана вручную кодом как самостоятельный SVG: 24×24, stroke 1.75, currentColor. Не содержит сторонних библиотек или AI-растров.",0e946d8901a9f9c2d48eb8bfcaa7db61d91a7f20161f71b9c42ab9c18584ac51,,,
image/svg+xml,False,vector-document,original-code-native,assets/icons/document.svg,icon,24,24,271,created-derived,approved-original,global.ui,"Создана вручную кодом как самостоятельный SVG: 24×24, stroke 1.75, currentColor. Не содержит сторонних библиотек или AI-растров.",e555d2304c274d9056413fe7761aed715f9cdde379fc83f609d2da18376f6841,,,
image/svg+xml,False,vector-menu,original-code-native,assets/icons/menu.svg,icon,24,24,244,created-derived,approved-original,global.ui,"Создана вручную кодом как самостоятельный SVG: 24×24, stroke 1.75, currentColor. Не содержит сторонних библиотек или AI-растров.",3a6b53538941676921ecfd4222767e7340b82aae0c85740c9e94b3fbf250a809,,,
image/svg+xml,False,vector-phone,original-code-native,assets/icons/phone.svg,icon,24,24,287,created-derived,approved-original,global.ui,"Создана вручную кодом как самостоятельный SVG: 24×24, stroke 1.75, currentColor. Не содержит сторонних библиотек или AI-растров.",4345553a71e34b645e594d46d4a44433164ffab08110fec6dee03a9abb5db48c,,,
image/svg+xml,False,vector-terminal,original-code-native,assets/icons/terminal.svg,icon,24,24,305,created-derived,approved-original,global.ui,"Создана вручную кодом как самостоятельный SVG: 24×24, stroke 1.75, currentColor. Не содержит сторонних библиотек или AI-растров.",7dfad59ec39d12d6dc0169dcb48686744bed7c8716ebefc6381e86952f86fc76,,,
image/svg+xml,False,vector-xml,original-code-native,assets/icons/xml.svg,icon,24,24,257,created-derived,approved-original,global.ui,"Создана вручную кодом как самостоятельный SVG: 24×24, stroke 1.75, currentColor. Не содержит сторонних библиотек или AI-растров.",adf3df7e20a9e3e4902f8a7d53c525c21332e89f0e2231727271876f78f66d07,,,
image/svg+xml,False,vector-skysend-logo,https://skysend.ru/images/downloads/logotip_skysend.svg,assets/brand/skysend-logo.svg,brand-adaptation,,,7215,created-derived,approved-original,global.header,"Изменён только viewBox по точным границам исходных кривых +4 единицы поля, добавлена доступная подпись. Геометрия и цвета не менялись.",b658a34b8fd3dc02fc619a4883e454c1f4fcbbdb608eb87c3a33c43d52064f10,,,
image/png,False,ready-terminal-screen,https://skysend.ru/images/icon-other/pop-up-full.jpg,assets/ready/terminal-screen.png,byte-identical-ready-copy,1440,1080,1369310,copied-ready,approved-original,home.software / software.detail,Побайтовая копия pop-up-full.jpg с правильным расширением PNG. SHA-256 совпадает с оригиналом. Для вёрстки использовать эту версию.,866e7894884e57eee9a9bb83c1323b9aa293a1ed1eacc2776f428eb25c41ed52,,,program__terminal-software.html
image/svg+xml,False,lucide-server,https://raw.githubusercontent.com/lucide-icons/lucide/6bbe5ddb07525b0d0056c622c550517f727d08b4/icons/server.svg,assets/icons/process/server.svg,icon,24,24,413,verified,approved-original,partner workflow diagrams,"Lucide functional diagram symbol. ISC/MIT notices in assets/icons/process/LICENSE. Used as a diagram legend, not as a product photograph.",f7bea54b609dc488f3b848995014041846b2443fd2a880653e9e583d7a034f61,,,https://lucide.dev/license
image/svg+xml,False,lucide-store,https://raw.githubusercontent.com/lucide-icons/lucide/6bbe5ddb07525b0d0056c622c550517f727d08b4/icons/store.svg,assets/icons/process/store.svg,icon,24,24,587,verified,approved-original,partner workflow diagrams,"Lucide functional diagram symbol. ISC/MIT notices in assets/icons/process/LICENSE. Used as a diagram legend, not as a product photograph.",ab2cb92d8cff487f5a53a06f5ee3ba0c2cf522b95281adc1de9ec8410c26e99a,,,https://lucide.dev/license
image/svg+xml,False,lucide-package-open,https://raw.githubusercontent.com/lucide-icons/lucide/6bbe5ddb07525b0d0056c622c550517f727d08b4/icons/package-open.svg,assets/icons/process/package-open.svg,icon,24,24,648,verified,approved-original,partner workflow diagrams,"Lucide functional diagram symbol. ISC/MIT notices in assets/icons/process/LICENSE. Used as a diagram legend, not as a product photograph.",261a0676ee3db3e5c64a528ac7f81a4893ddb3dfebd0549562f4ef5033757920,,,https://lucide.dev/license
image/svg+xml,False,lucide-shopping-cart,https://raw.githubusercontent.com/lucide-icons/lucide/6bbe5ddb07525b0d0056c622c550517f727d08b4/icons/shopping-cart.svg,assets/icons/process/shopping-cart.svg,icon,24,24,457,verified,approved-original,partner workflow diagrams,"Lucide functional diagram symbol. ISC/MIT notices in assets/icons/process/LICENSE. Used as a diagram legend, not as a product photograph.",7cdc07053044af9e5fd24fff5e089ce97b2a39ea978933a160c4bbfebf8a167c,,,https://lucide.dev/license
image/svg+xml,False,lucide-truck,https://raw.githubusercontent.com/lucide-icons/lucide/6bbe5ddb07525b0d0056c622c550517f727d08b4/icons/truck.svg,assets/icons/process/truck.svg,icon,24,24,469,verified,approved-original,partner workflow diagrams,"Lucide functional diagram symbol. ISC/MIT notices in assets/icons/process/LICENSE. Used as a diagram legend, not as a product photograph.",1476faa56b56414ba5d5f01d15e851b8bfd79bef6c36f5855811c27590136e50,,,https://lucide.dev/license
image/svg+xml,False,lucide-sliders-horizontal,https://raw.githubusercontent.com/lucide-icons/lucide/6bbe5ddb07525b0d0056c622c550517f727d08b4/icons/sliders-horizontal.svg,assets/icons/process/sliders-horizontal.svg,icon,24,24,422,verified,approved-original,partner workflow diagrams,"Lucide functional diagram symbol. ISC/MIT notices in assets/icons/process/LICENSE. Used as a diagram legend, not as a product photograph.",e43a00e5eb684e6cbb61083bed2528d7a3fa5f265693eb2b5f314cd432aa65f4,,,https://lucide.dev/license
image/svg+xml,False,lucide-monitor,https://raw.githubusercontent.com/lucide-icons/lucide/6bbe5ddb07525b0d0056c622c550517f727d08b4/icons/monitor.svg,assets/icons/process/monitor.svg,icon,24,24,346,verified,approved-original,partner workflow diagrams,"Lucide functional diagram symbol. ISC/MIT notices in assets/icons/process/LICENSE. Used as a diagram legend, not as a product photograph.",d1a443233345724859de8e4fb48968ba91e885e12ddbd710701548bd91b39428,,,https://lucide.dev/license
image/svg+xml,False,lucide-network,https://raw.githubusercontent.com/lucide-icons/lucide/6bbe5ddb07525b0d0056c622c550517f727d08b4/icons/network.svg,assets/icons/process/network.svg,icon,24,24,445,verified,approved-original,partner workflow diagrams,"Lucide functional diagram symbol. ISC/MIT notices in assets/icons/process/LICENSE. Used as a diagram legend, not as a product photograph.",626be730feea1e5ea7539fbf78b4a3fcb927ce5d7dc43364f2216908672ac792,,,https://lucide.dev/license
image/svg+xml,False,lucide-handshake,https://raw.githubusercontent.com/lucide-icons/lucide/6bbe5ddb07525b0d0056c622c550517f727d08b4/icons/handshake.svg,assets/icons/process/handshake.svg,icon,24,24,505,verified,approved-original,partner workflow diagrams,"Lucide functional diagram symbol. ISC/MIT notices in assets/icons/process/LICENSE. Used as a diagram legend, not as a product photograph.",f58638064a1884e256895720c9a665d9e98cfc6935c52e14782ce0e84ecdad02,,,https://lucide.dev/license
image/svg+xml,False,lucide-wallet,https://raw.githubusercontent.com/lucide-icons/lucide/6bbe5ddb07525b0d0056c622c550517f727d08b4/icons/wallet.svg,assets/icons/process/wallet.svg,icon,24,24,387,verified,approved-original,partner workflow diagrams,"Lucide functional diagram symbol. ISC/MIT notices in assets/icons/process/LICENSE. Used as a diagram legend, not as a product photograph.",76c9596f629a2abf9cfabb573452f3113ed7e9502c699aa811e630f156eb7556,,,https://lucide.dev/license
image/svg+xml,False,lucide-banknote,https://raw.githubusercontent.com/lucide-icons/lucide/6bbe5ddb07525b0d0056c622c550517f727d08b4/icons/banknote.svg,assets/icons/process/banknote.svg,icon,24,24,331,verified,approved-original,partner workflow diagrams,"Lucide functional diagram symbol. ISC/MIT notices in assets/icons/process/LICENSE. Used as a diagram legend, not as a product photograph.",212d628014554424ec0041ab56e8869149d255b7077cfd6977d4ab2be32e8cb1,,,https://lucide.dev/license
image/svg+xml,False,lucide-clipboard-check,https://raw.githubusercontent.com/lucide-icons/lucide/6bbe5ddb07525b0d0056c622c550517f727d08b4/icons/clipboard-check.svg,assets/icons/process/clipboard-check.svg,icon,24,24,383,verified,approved-original,partner workflow diagrams,"Lucide functional diagram symbol. ISC/MIT notices in assets/icons/process/LICENSE. Used as a diagram legend, not as a product photograph.",e2bac86a6b24caa0d7d0dcc2719ec6b7870ec5eef2d21afae498d8cb5eefda96,,,https://lucide.dev/license
image/svg+xml,False,lucide-file-check,https://raw.githubusercontent.com/lucide-icons/lucide/6bbe5ddb07525b0d0056c622c550517f727d08b4/icons/file-check.svg,assets/icons/process/file-check.svg,icon,24,24,402,verified,approved-original,partner workflow diagrams,"Lucide functional diagram symbol. ISC/MIT notices in assets/icons/process/LICENSE. Used as a diagram legend, not as a product photograph.",c64133f05e44d87830e37c7a9c45a439c5146017f86e91e563f806ff8a2ad4c1,,,https://lucide.dev/license
image/svg+xml,False,lucide-plug,https://raw.githubusercontent.com/lucide-icons/lucide/6bbe5ddb07525b0d0056c622c550517f727d08b4/icons/plug.svg,assets/icons/process/plug.svg,icon,24,24,363,verified,approved-original,partner workflow diagrams,"Lucide functional diagram symbol. ISC/MIT notices in assets/icons/process/LICENSE. Used as a diagram legend, not as a product photograph.",11ba780e4b6f15d37906a8a73537144b59720333d7a9fc8048a437d0389422f8,,,https://lucide.dev/license
image/svg+xml,False,lucide-refresh-cw,https://raw.githubusercontent.com/lucide-icons/lucide/6bbe5ddb07525b0d0056c622c550517f727d08b4/icons/refresh-cw.svg,assets/icons/process/refresh-cw.svg,icon,24,24,392,verified,approved-original,partner workflow diagrams,"Lucide functional diagram symbol. ISC/MIT notices in assets/icons/process/LICENSE. Used as a diagram legend, not as a product photograph.",2e10dd403c85a24f163d59fc6151aa21147fe9402e1305dfc8979208caee8944,,,https://lucide.dev/license
image/svg+xml,False,lucide-upload,https://raw.githubusercontent.com/lucide-icons/lucide/6bbe5ddb07525b0d0056c622c550517f727d08b4/icons/upload.svg,assets/icons/process/upload.svg,icon,24,24,318,verified,approved-original,partner workflow diagrams,"Lucide functional diagram symbol. ISC/MIT notices in assets/icons/process/LICENSE. Used as a diagram legend, not as a product photograph.",42816ee1fa0e9d3b82272a97615c1e562b0e9de64780ebf21963bc1db0ceffd1,,,https://lucide.dev/license
image/svg+xml,False,lucide-wrench,https://raw.githubusercontent.com/lucide-icons/lucide/6bbe5ddb07525b0d0056c622c550517f727d08b4/icons/wrench.svg,assets/icons/process/wrench.svg,icon,24,24,417,verified,approved-original,partner workflow diagrams,"Lucide functional diagram symbol. ISC/MIT notices in assets/icons/process/LICENSE. Used as a diagram legend, not as a product photograph.",b5f3bf792743edb9e81b543dd1b13ccc26d3afe1d33500a1cd8dee2e052d6197,,,https://lucide.dev/license
image/svg+xml,False,lucide-landmark,https://raw.githubusercontent.com/lucide-icons/lucide/6bbe5ddb07525b0d0056c622c550517f727d08b4/icons/landmark.svg,assets/icons/process/landmark.svg,icon,24,24,432,verified,approved-original,partner workflow diagrams,"Lucide functional diagram symbol. ISC/MIT notices in assets/icons/process/LICENSE. Used as a diagram legend, not as a product photograph.",28408ef995796bffc390e8f217cdaa61e383627789d66300d4ff839248a3f144,,,https://lucide.dev/license
image/svg+xml,False,lucide-radio-tower,https://raw.githubusercontent.com/lucide-icons/lucide/6bbe5ddb07525b0d0056c622c550517f727d08b4/icons/radio-tower.svg,assets/icons/process/radio-tower.svg,icon,24,24,485,verified,approved-original,partner workflow diagrams,"Lucide functional diagram symbol. ISC/MIT notices in assets/icons/process/LICENSE. Used as a diagram legend, not as a product photograph.",d5d2728425fe115bed9f309c03b9dd1e2b7483a9242df87966c37e36ee3381cf,,,https://lucide.dev/license
image/svg+xml,False,lucide-list-checks,https://raw.githubusercontent.com/lucide-icons/lucide/6bbe5ddb07525b0d0056c622c550517f727d08b4/icons/list-checks.svg,assets/icons/process/list-checks.svg,icon,24,24,336,verified,approved-original,partner workflow diagrams,"Lucide functional diagram symbol. ISC/MIT notices in assets/icons/process/LICENSE. Used as a diagram legend, not as a product photograph.",08d26ab05aaf724222c4c0cd5a19d5eae753b2a5fff0eb2d81759dde11bac6b6,,,https://lucide.dev/license
image/svg+xml,False,lucide-check,https://raw.githubusercontent.com/lucide-icons/lucide/6bbe5ddb07525b0d0056c622c550517f727d08b4/icons/check.svg,assets/icons/process/check.svg,icon,24,24,239,verified,approved-original,partner workflow diagrams,"Lucide functional diagram symbol. ISC/MIT notices in assets/icons/process/LICENSE. Used as a diagram legend, not as a product photograph.",7f33acc9a77a61659531044525fc008edebe215bf4dcf1c789c8674ad3277db0,,,https://lucide.dev/license
image/svg+xml,False,lucide-boxes,https://raw.githubusercontent.com/lucide-icons/lucide/6bbe5ddb07525b0d0056c622c550517f727d08b4/icons/boxes.svg,assets/icons/process/boxes.svg,icon,24,24,824,verified,approved-original,partner workflow diagrams,"Lucide functional diagram symbol. ISC/MIT notices in assets/icons/process/LICENSE. Used as a diagram legend, not as a product photograph.",7e301f6c38337389f5a96675d14cb9d8ef8a613329e99c3dfcf7c635bdd1faae,,,https://lucide.dev/license
image/svg+xml,False,lucide-book-open,https://raw.githubusercontent.com/lucide-icons/lucide/6bbe5ddb07525b0d0056c622c550517f727d08b4/icons/book-open.svg,assets/icons/process/book-open.svg,icon,24,24,387,verified,approved-original,partner workflow diagrams,"Lucide functional diagram symbol. ISC/MIT notices in assets/icons/process/LICENSE. Used as a diagram legend, not as a product photograph.",9b9bed0ff057283d5c5c5a1c71f8d3e927db26a56639603a92fdf7b25961510e,,,https://lucide.dev/license
image/svg+xml,False,lucide-user-round,https://raw.githubusercontent.com/lucide-icons/lucide/6bbe5ddb07525b0d0056c622c550517f727d08b4/icons/user-round.svg,assets/icons/process/user-round.svg,icon,24,24,279,verified,approved-original,partner workflow diagrams,"Lucide functional diagram symbol. ISC/MIT notices in assets/icons/process/LICENSE. Used as a diagram legend, not as a product photograph.",84870f26f3faf8da45da84174517519e81b9e8f00319c78954fcbb74f50038a1,,,https://lucide.dev/license
image/svg+xml,False,lucide-map-pin,https://raw.githubusercontent.com/lucide-icons/lucide/6bbe5ddb07525b0d0056c622c550517f727d08b4/icons/map-pin.svg,assets/icons/process/map-pin.svg,icon,24,24,359,verified,approved-original,partner workflow diagrams,"Lucide functional diagram symbol. ISC/MIT notices in assets/icons/process/LICENSE. Used as a diagram legend, not as a product photograph.",16f1042a62f1bda20ebab8bfc1cb79c0be285c980dea6c2c733a17902631405b,,,https://lucide.dev/license
image/webp,,editorial-terminal-maintenance,,assets/ready/editorial/terminal-maintenance.webp,editorial-illustration,1536,1024,143282,generated,approved-derived,partner editorial imagery,"Контекстная иллюстрация, созданная встроенным imagegen. Не документальная фотография объекта SkySend; не использовать как спецификацию оборудования. Промпт и исходник: data/editorial-artwork.json.",5058be896d634a8c5069e535faaa60f6e8a8ed25f52833b2f2c99494f26af7ad,,,
image/webp,,editorial-terminal-maintenance-768,,assets/ready/editorial/terminal-maintenance-768.webp,editorial-illustration,768,512,53802,generated,approved-derived,partner editorial imagery,"Контекстная иллюстрация, созданная встроенным imagegen. Не документальная фотография объекта SkySend; не использовать как спецификацию оборудования. Промпт и исходник: data/editorial-artwork.json.",155915d7bdc395ebff7c0809bc3b85dca1b960d111cee7b4ee96697332edac8e,,,
image/webp,,editorial-remote-management,,assets/ready/editorial/remote-management.webp,editorial-illustration,1536,1024,88608,generated,approved-derived,partner editorial imagery,"Контекстная иллюстрация, созданная встроенным imagegen. Не документальная фотография объекта SkySend; не использовать как спецификацию оборудования. Промпт и исходник: data/editorial-artwork.json.",4e6e2bffd417f3ba5d422a9615547b379418f49fc63961c466cde885bc1f16b4,,,
image/webp,,editorial-remote-management-768,,assets/ready/editorial/remote-management-768.webp,editorial-illustration,768,512,36150,generated,approved-derived,partner editorial imagery,"Контекстная иллюстрация, созданная встроенным imagegen. Не документальная фотография объекта SkySend; не использовать как спецификацию оборудования. Промпт и исходник: data/editorial-artwork.json.",60d7ddfaa839327d0e407affaf895c3b8c73e4ce4ded45dd0b68fa3dd053b73c,,,
image/webp,,editorial-provider-office,,assets/ready/editorial/provider-office.webp,editorial-illustration,1536,1024,93790,generated,approved-derived,partner editorial imagery,"Контекстная иллюстрация, созданная встроенным imagegen. Не документальная фотография объекта SkySend; не использовать как спецификацию оборудования. Промпт и исходник: data/editorial-artwork.json.",64450b6571c0798331219a90f87e4baab865f61ed948821c46e8a66b0c289f00,,,
image/webp,,editorial-provider-office-768,,assets/ready/editorial/provider-office-768.webp,editorial-illustration,768,512,32800,generated,approved-derived,partner editorial imagery,"Контекстная иллюстрация, созданная встроенным imagegen. Не документальная фотография объекта SkySend; не использовать как спецификацию оборудования. Промпт и исходник: data/editorial-artwork.json.",b061984ef4e453070b87f8976b10943e5f6ae516c70a93030f0a05add10d0d9f,,,
image/webp,,editorial-supplier-goods,,assets/ready/editorial/supplier-goods.webp,editorial-illustration,1536,1024,170534,generated,approved-derived,partner editorial imagery,"Контекстная иллюстрация, созданная встроенным imagegen. Не документальная фотография объекта SkySend; не использовать как спецификацию оборудования. Промпт и исходник: data/editorial-artwork.json.",2407f213d920217af9ef3bcb65ddaa84e968d18b22dd0badc03998e3a698480a,,,
image/webp,,editorial-supplier-goods-768,,assets/ready/editorial/supplier-goods-768.webp,editorial-illustration,768,512,36938,generated,approved-derived,partner editorial imagery,"Контекстная иллюстрация, созданная встроенным imagegen. Не документальная фотография объекта SkySend; не использовать как спецификацию оборудования. Промпт и исходник: data/editorial-artwork.json.",d2f9508fa318a2227e142844a0e47c3eceb537d71e681d4dc258e53d942c95ee,,,
image/webp,,editorial-xml-catalogue,,assets/ready/editorial/xml-catalogue.webp,editorial-illustration,1536,1024,48112,generated,approved-derived,partner editorial imagery,"Контекстная иллюстрация, созданная встроенным imagegen. Не документальная фотография объекта SkySend; не использовать как спецификацию оборудования. Промпт и исходник: data/editorial-artwork.json.",72a5eff7115bafb983e5c0fe855047ced0cd42e171afc209b3098bc14bb3d48d,,,
image/webp,,editorial-xml-catalogue-768,,assets/ready/editorial/xml-catalogue-768.webp,editorial-illustration,768,512,17048,generated,approved-derived,partner editorial imagery,"Контекстная иллюстрация, созданная встроенным imagegen. Не документальная фотография объекта SkySend; не использовать как спецификацию оборудования. Промпт и исходник: data/editorial-artwork.json.",73947da977fa39a6b90c21f83106a045b4956fe2ed25f934ca223098deca35f5,,,
image/webp,,editorial-catalogue-updates,,assets/ready/editorial/catalogue-updates.webp,editorial-illustration,1536,1024,137548,generated,approved-derived,partner editorial imagery,"Контекстная иллюстрация, созданная встроенным imagegen. Не документальная фотография объекта SkySend; не использовать как спецификацию оборудования. Промпт и исходник: data/editorial-artwork.json.",a6621e4e70cdba1b4e55a564fbfdf10911c551433f1b0673f458ddf09fc2cd13,,,
image/webp,,editorial-catalogue-updates-768,,assets/ready/editorial/catalogue-updates-768.webp,editorial-illustration,768,512,34890,generated,approved-derived,partner editorial imagery,"Контекстная иллюстрация, созданная встроенным imagegen. Не документальная фотография объекта SkySend; не использовать как спецификацию оборудования. Промпт и исходник: data/editorial-artwork.json.",2dc90b6f1f7fb32712326f448157c545b4606e34ae47af288264eec3b598217f,,,
image/webp,,editorial-payment-processing,,assets/ready/editorial/payment-processing.webp,editorial-illustration,1536,1024,181590,generated,approved-derived,partner editorial imagery,"Контекстная иллюстрация, созданная встроенным imagegen. Не документальная фотография объекта SkySend; не использовать как спецификацию оборудования. Промпт и исходник: data/editorial-artwork.json.",25992c959b491bc3da29573a395ad6cfc0e45a99cd40f64d67921ced411da1f3,,,
image/webp,,editorial-payment-processing-768,,assets/ready/editorial/payment-processing-768.webp,editorial-illustration,768,512,55492,generated,approved-derived,partner editorial imagery,"Контекстная иллюстрация, созданная встроенным imagegen. Не документальная фотография объекта SkySend; не использовать как спецификацию оборудования. Промпт и исходник: data/editorial-artwork.json.",1a8b351d985fe990039214cb4aa28e076c1d7a17d5a07a074a0e1600f79c84c6,,,
image/webp,,editorial-retail-checkout,,assets/ready/editorial/retail-checkout.webp,editorial-illustration,1536,1024,119620,generated,approved-derived,partner editorial imagery,"Контекстная иллюстрация, созданная встроенным imagegen. Не документальная фотография объекта SkySend; не использовать как спецификацию оборудования. Промпт и исходник: data/editorial-artwork.json.",f55f575230987575ba3a4565b10bf5d04285de69afb922184b58c30ceb6ae1fa,,,
image/webp,,editorial-retail-checkout-768,,assets/ready/editorial/retail-checkout-768.webp,editorial-illustration,768,512,43638,generated,approved-derived,partner editorial imagery,"Контекстная иллюстрация, созданная встроенным imagegen. Не документальная фотография объекта SkySend; не использовать как спецификацию оборудования. Промпт и исходник: data/editorial-artwork.json.",9f0be4e4358106df321d272f1715587a94449c5a29253a91970c9920ebc2bf59,,,
image/webp,,editorial-regional-presence,,assets/ready/editorial/regional-presence.webp,editorial-illustration,1536,1024,169688,generated,approved-derived,partner editorial imagery,"Контекстная иллюстрация, созданная встроенным imagegen. Не документальная фотография объекта SkySend; не использовать как спецификацию оборудования. Промпт и исходник: data/editorial-artwork.json.",543c15ac9d5db09a35e9fe83ece854ea4a377c9f299203ddf6c2f11befa0277e,,,
image/webp,,editorial-regional-presence-768,,assets/ready/editorial/regional-presence-768.webp,editorial-illustration,768,512,53346,generated,approved-derived,partner editorial imagery,"Контекстная иллюстрация, созданная встроенным imagegen. Не документальная фотография объекта SkySend; не использовать как спецификацию оборудования. Промпт и исходник: data/editorial-artwork.json.",ac5df2a6fa97c3da23d9ae54fc2c2016b58dd0dfe7950e89c96b82addc0fa076,,,
image/jpeg,False,asset-pos-mobilepay-pro-photo,https://nchelny.smartcode.ru/uploads/items/image/source/17195.jpg,assets/ready/shtrih-mobilepay-pro.jpg,product-photo,550,460,121142,verified,approved-original,/software/pos/#overview,Подлинное фото Штрих-Mobile Pay PRO с карточки этой модели Smartcode. Не увеличивать шире 550 CSS px. Использование со ссылкой на главную Smartcode по условию сайта: «Копирование текстов или изображений с сайта smartcode.ru без письменного разрешения администрации или гиперссылки на главную страницу запрещено». В подписи обязательна ссылка https://smartcode.ru/. Исходный JPEG сохранён без изменений.,cd55d01af8440e06a3445e2964cda62d757ebfec8434b71b4e4e553a72213eef,,,https://nchelny.smartcode.ru/kassovoe_i_torgovoe_oborudovanie/kontrolnokassovaya_tehnika/platedjnye_resheniya/shtrih-mobile_pay_pro
